Email_ID,Sender_Email,Subject_Line,Message-Content,Date,Priority,Attachments,Links_Count,Target_Label,Version
5be99c52-a02e-4b7a-b0d1-8452fca6c628,user188@example.com,Subject 0,Meeting at 5pm? Let me know.,04/23/2026,N/A,0,100,s_p_a_m,v1.0
438ad714-dd01-4b28-82f5-14412ad84010,user472@example.com,Subject 1,Attached is the invoice for last month.,2025-07-17T20:05:05.314597,N/A,null,100,1,v1.0
0587736d-16ef-4541-b87b-b550e6690346,user461@example.com,Subject 2,"<div>Free money!!! Just click <b>&nbsp;this link&nbsp;</b></div><br><p>Best regards,</p>",03-02-2026,High,2,1,Legit,v1.0
01b1f887-1635-43db-badf-2d118d6f39f0,user170@example.com,Subject 3,"Cheap meds, no prescription needed!!!",26-11-2025,N/A,0,1,spam,v1.0
8cac0e27-b7fa-4a2e-bff9-b445f95282b1,user849@example.com,Subject 4,Free money!!! Just click <b>&nbsp;this link&nbsp;</b>,04/30/2026,N/A,0,5,s_p_a_m,v1.0
3b3cfa30-5282-448b-86a3-094e2cc79d14,user575@example.com,Subject 5,Free money!!! Just click <b>&nbsp;this link&nbsp;</b>,1767319505,Medium,-1,1,s_p_a_m,v1.0
bfb574c5-6c59-4c07-8e66-a10ea2ddc8f2,user389@example.com,Subject 6,How have you been? It has been a long time.,1753664705,Medium,1,100,s_p_a_m,v1.0
b03ffd10-0426-4457-a609-4e4f462507a2,user204@example.com,Subject 7,"Cheap meds, no prescription needed!!!",11/08/2025,null,None,5,spam,v1.0
6919d3d5-5ee3-438c-9f78-4e1b39a847c6,user45@example.com,Subject 8,"<div>Hello, we are interested in your profile.</div><br><p>Best regards,</p>",1764554705,High,2,0,spam,v1.0
455db0c2-b939-4119-89a2-44e669be63c2,user567@example.com,Subject 9,"Cheap meds, no prescription needed!!!",25-03-2026,N/A,0,5,s_p_a_m,v1.0
0d81c1dc-41d3-4e32-a727-dd0a91c4365b,user349@example.com,Subject 10,"<div>How have you been? It has been a long time.</div><br><p>Best regards,</p>",1765591505,Urgent!,null,5,SPAM,v1.0
2f6705c5-9d66-4eee-868c-c4e043edbe63,user765@example.com,Subject 11,¡Urgente! Necesitamos su respuesta inmediata.,1767837905,Urgent!,-1,100,1,v1.0
87fffa86-7db7-4825-9335-f824b45ab3c1,user135@example.com,Subject 12,WINNER! Claim your prize now at <a href='http://malware.com'>here</a>,19-10-2025,Urgent!,null,5,ham,v1.0
39667fd9-45b5-470b-a63d-1bace21529b4,user174@example.com,Subject 13,"<div>¡Urgente! Necesitamos su respuesta inmediata.</div><br><p>Best regards,</p>",2025-10-25T20:05:05.314725,null,-1,100,spam,v1.0
d8b66bf6-b17c-4d96-95d1-33ffa92fdcac,user615@example.com,Subject 14,Attached is the invoice for last month.,11/21/2025,Medium,1,0,Legit,v1.0
a8e957e0-f0de-4499-a47b-bf5927182f2c,user661@example.com,Subject 15,"<div>WINNER! Claim your prize now at <a href='http://malware.com'>here</a></div><br><p>Best regards,</p>",09-07-2025,Urgent!,None,1,0,v1.0
256dcad8-6bfd-4e40-af31-a3a98d15ff02,user258@example.com,Subject 16,Free money!!! Just click <b>&nbsp;this link&nbsp;</b>,03/25/2026,Urgent!,2,1,1,v1.0
a6f5e4dc-4288-4e48-93c5-54a95920a9f9,user994@example.com,Subject 17,Meeting at 5pm? Let me know.,09/07/2025,Medium,null,1,SPAM,v1.0
adbb570e-d137-4904-9ca0-0118d63f5803,user755@example.com,Subject 18,"<div>Attached is the invoice for last month.</div><br><p>Best regards,</p>",12/15/2025,High,null,100,s_p_a_m,v1.0
98eb93b5-2b6d-45f8-b0ee-a80d4c939c8f,user177@example.com,Subject 19,"Hello, we are interested in your profile.",07/25/2025,null,0,10,ham,v1.0
5d4de1d4-e29a-4964-9835-e0a4283ff052,user275@example.com,Subject 20,"Bonjour, voici les documents demandés.",02-05-2025,Low,0,5,1,v1.0
5874deda-58dc-46f0-b6de-6273b7984701,user825@example.com,Subject 21,"<div>Free money!!! Just click <b>&nbsp;this link&nbsp;</b></div><br><p>Best regards,</p>",17-11-2025,High,2,10,0,v1.0
d90ef4e8-1ea5-4531-add3-d694169a085d,user545@example.com,Subject 22,"<div>¡Urgente! Necesitamos su respuesta inmediata.</div><br><p>Best regards,</p>",1755392705,N/A,1,10,Legit,v1.0
88551c4a-2b42-4193-9abf-e1974b249ca1,user83@example.com,Subject 23,Free money!!! Just click <b>&nbsp;this link&nbsp;</b>,07-08-2025,Medium,-1,10,Legit,v1.0
b67f7a33-4062-43ef-a4cc-beb21b50891c,user100@example.com,Subject 24,"<div>Free money!!! Just click <b>&nbsp;this link&nbsp;</b></div><br><p>Best regards,</p>",22-03-2026,Low,None,5,spam,v1.0
dddf25a9-55a9-49e3-8b72-cd952db892b5,user566@example.com,Subject 25,"Cheap meds, no prescription needed!!!",16-02-2026,Medium,2,5,s_p_a_m,v1.0
37c1de20-3ef9-4814-ab28-cad018f5ea89,user974@example.com,Subject 26,"Hello, we are interested in your profile.",09/28/2025,Medium,-1,100,spam,v1.0
2513a7e1-4d31-4547-b0a8-735a560aebd8,user909@example.com,Subject 27,Meeting at 5pm? Let me know.,12/23/2025,N/A,-1,100,spam,v1.0
53c22893-af99-4602-a08c-47b2755947f1,user23@example.com,Subject 28,"<div>How have you been? It has been a long time.</div><br><p>Best regards,</p>",2025-11-08T20:05:05.314815,Low,null,5,s_p_a_m,v1.0
2dc155ee-a0cd-4279-9f77-848e37dff9c0,user488@example.com,Subject 29,How have you been? It has been a long time.,2026-01-19T20:05:05.314820,Low,0,1,s_p_a_m,v1.0
769bcfb7-ef90-41bf-8d6e-8514fc76f610,user785@example.com,Subject 30,¡Urgente! Necesitamos su respuesta inmediata.,2026-02-13T20:05:05.314825,N/A,0,1,ham,v1.0
72b9fd23-6921-4234-b221-3226cf9043ee,user547@example.com,Subject 31,How have you been? It has been a long time.,01-09-2025,null,0,5,spam,v1.0
c380011a-d3ff-4290-be65-7639cca75fb6,user784@example.com,Subject 32,Free money!!! Just click <b>&nbsp;this link&nbsp;</b>,23-04-2026,N/A,0,1,0,v1.0
63211cf1-1b39-46e4-9fff-2915cef45189,user711@example.com,Subject 33,¡Urgente! Necesitamos su respuesta inmediata.,12/12/2025,N/A,null,10,0,v1.0
ba517f9e-4bea-4c74-81a8-ede1853a317b,user634@example.com,Subject 34,"<div>Cheap meds, no prescription needed!!!</div><br><p>Best regards,</p>",18-02-2026,Low,null,1,SPAM,v1.0
52886434-1595-4160-a05b-446b0cf51b28,user960@example.com,Subject 35,Free money!!! Just click <b>&nbsp;this link&nbsp;</b>,02/17/2026,N/A,2,5,SPAM,v1.0
c6905eed-f436-4d3c-9e44-d854d884edcb,user579@example.com,Subject 36,"<div>How have you been? It has been a long time.</div><br><p>Best regards,</p>",2025-08-30T20:05:05.314862,Medium,1,5,Ham,v1.0
1ca03ef8-e235-4d16-bf33-90fb3ce76586,user256@example.com,Subject 37,Free money!!! Just click <b>&nbsp;this link&nbsp;</b>,2025-08-13T20:05:05.314866,null,0,1,0,v1.0
37387229-cd18-4774-8cec-598c7fe30a5e,user172@example.com,Subject 38,Attached is the invoice for last month.,21-05-2025,High,1,100,SPAM,v1.0
e04bee3e-6733-4a9f-a9e8-86064c14275c,user355@example.com,Subject 39,"Cheap meds, no prescription needed!!!",2025-11-05T20:05:05.314878,null,1,1,spam,v1.0
ab697b00-8d20-4fcc-86e5-4767334e1ee9,user870@example.com,Subject 40,"<div>¡Urgente! Necesitamos su respuesta inmediata.</div><br><p>Best regards,</p>",2025-08-13T20:05:05.314883,null,-1,0,s_p_a_m,v1.0
a9ed7d31-a84c-4667-8f21-b19827eac1ec,user345@example.com,Subject 41,Meeting at 5pm? Let me know.,02/19/2026,Medium,-1,0,s_p_a_m,v1.0
b2894807-360f-408e-8b78-de3a6b693bbd,user957@example.com,Subject 42,Free money!!! Just click <b>&nbsp;this link&nbsp;</b>,2025-08-08T20:05:05.314893,null,0,5,s_p_a_m,v1.0
857b8941-113a-4511-994e-dc816f48804e,user780@example.com,Subject 43,"Hello, we are interested in your profile.",1775610305,Urgent!,None,0,SPAM,v1.0
15e9d0fc-bd5e-4a47-8c31-1117ac1702dc,user935@example.com,Subject 44,"<div>¡Urgente! Necesitamos su respuesta inmediata.</div><br><p>Best regards,</p>",05/05/2025,N/A,0,1,spam,v1.0
3986c0bd-4c96-412d-9da6-3857c5baded6,user407@example.com,Subject 45,"<div>Cheap meds, no prescription needed!!!</div><br><p>Best regards,</p>",2025-10-21T20:05:05.314908,Low,0,10,ham,v1.0
7019c2d1-4eec-49e6-92dd-987d4af8c45e,user71@example.com,Subject 46,"Bonjour, voici les documents demandés.",06-02-2026,Urgent!,2,5,Ham,v1.0
8eaa8f1f-90c9-419c-a7da-f732d0453e3e,user25@example.com,Subject 47,"Hello, we are interested in your profile.",06/02/2025,Low,1,5,ham,v1.0
5f2028ff-503e-44e7-aaf2-f1d5652660a4,user805@example.com,Subject 48,Free money!!! Just click <b>&nbsp;this link&nbsp;</b>,2025-07-20T20:05:05.314923,Urgent!,1,0,s_p_a_m,v1.0
73cee5d4-e64f-4c30-ba26-9a5c2e5d342d,user2@example.com,Subject 49,Meeting at 5pm? Let me know.,17-07-2025,High,-1,10,0,v1.0
70f75983-a4de-479b-9bd8-75541f39a9ca,user694@example.com,Subject 50,Meeting at 5pm? Let me know.,13-11-2025,High,None,100,s_p_a_m,v1.0
d962ad94-926d-4e4e-a4a3-e714dbcdd020,user462@example.com,Subject 51,"<div>Bonjour, voici les documents demandés.</div><br><p>Best regards,</p>",06/22/2025,Urgent!,2,5,Legit,v1.0
0d19d2f9-b941-4b85-b2c4-d35f3c8e8e58,user896@example.com,Subject 52,Your account has been suspended. Please login to verify.,1753837505,Low,-1,5,1,v1.0
63347484-b7b7-4f2a-829a-099410b7511e,user721@example.com,Subject 53,WINNER! Claim your prize now at <a href='http://malware.com'>here</a>,1754787905,Urgent!,0,1,SPAM,v1.0
879c782d-2304-4e16-8d85-bc5eb04e8142,user382@example.com,Subject 54,"Cheap meds, no prescription needed!!!",1764468305,High,0,1,ham,v1.0
beee97b9-03bf-4447-b202-847af734270b,user251@example.com,Subject 55,"<div>How have you been? It has been a long time.</div><br><p>Best regards,</p>",1749258305,Urgent!,2,0,spam,v1.0
b490cb92-a374-4ba5-bb04-9bf9af94f48a,user509@example.com,Subject 56,"Cheap meds, no prescription needed!!!",30-11-2025,N/A,-1,100,spam,v1.0
ac72c426-6ab6-4ef1-a02e-d9f9e0c2a83a,user609@example.com,Subject 57,"<div>¡Urgente! Necesitamos su respuesta inmediata.</div><br><p>Best regards,</p>",1764295505,Medium,null,1,SPAM,v1.0
fa34c4b3-730b-458d-ac2e-141631245da2,user923@example.com,Subject 58,WINNER! Claim your prize now at <a href='http://malware.com'>here</a>,2025-07-06T20:05:05.314975,null,None,0,Ham,v1.0
400086b5-3dcc-46b9-aa93-c2fda07df68c,user560@example.com,Subject 59,"<div>Free money!!! Just click <b>&nbsp;this link&nbsp;</b></div><br><p>Best regards,</p>",2026-04-14T20:05:05.314980,Urgent!,-1,10,s_p_a_m,v1.0
b20f1ca7-3708-4575-a994-deb438e1d594,user139@example.com,Subject 60,"Cheap meds, no prescription needed!!!",04/26/2026,null,None,5,Legit,v1.0
5030b7c7-b71c-4a25-8242-38e730ad973a,user223@example.com,Subject 61,"<div>Cheap meds, no prescription needed!!!</div><br><p>Best regards,</p>",23-07-2025,Medium,None,5,spam,v1.0
d4386272-93d5-4cb2-aab3-4e361f302616,user983@example.com,Subject 62,"Hello, we are interested in your profile.",2026-03-21T20:05:05.314996,null,None,5,SPAM,v1.0
377f5902-ae59-48f2-a806-b0c8aefbaad9,user566@example.com,Subject 63,Your account has been suspended. Please login to verify.,30-03-2026,null,1,10,SPAM,v1.0
78cae341-bad3-4a81-84fb-88aadb0dff2b,user291@example.com,Subject 64,"<div>How have you been? It has been a long time.</div><br><p>Best regards,</p>",12/29/2025,High,2,0,s_p_a_m,v1.0
bbf7db82-1236-4aa3-be57-5204207ff2d0,user741@example.com,Subject 65,¡Urgente! Necesitamos su respuesta inmediata.,2025-05-16T20:05:05.315011,N/A,1,0,spam,v1.0
ced6f088-fb64-4311-9462-9c9b0ec0eb76,user282@example.com,Subject 66,Your account has been suspended. Please login to verify.,25-03-2026,High,null,10,ham,v1.0
9447db8b-0f41-4149-b76f-724b82b3cb0a,user770@example.com,Subject 67,How have you been? It has been a long time.,04/27/2026,Low,null,10,spam,v1.0
44f88a95-661a-4c7d-8e39-b5473c9e95ca,user33@example.com,Subject 68,Your account has been suspended. Please login to verify.,1750208705,null,-1,100,Legit,v1.0
0766db3a-6846-4438-9cb8-f50cfa0787a4,user108@example.com,Subject 69,Free money!!! Just click <b>&nbsp;this link&nbsp;</b>,06/13/2025,N/A,1,1,Legit,v1.0
addbd9a2-59a2-47a9-a0c2-33b33de93ee1,user195@example.com,Subject 70,Meeting at 5pm? Let me know.,23-06-2025,N/A,2,10,1,v1.0
71c916d0-8e2b-4c37-adbb-4d2035cafe99,user429@example.com,Subject 71,"Cheap meds, no prescription needed!!!",2026-04-13T20:05:05.315042,null,2,1,Legit,v1.0
f4e96645-e435-4ac4-aee1-020d1ba4ce61,user573@example.com,Subject 72,"Cheap meds, no prescription needed!!!",1770861905,Urgent!,2,1,spam,v1.0
1db96e5a-407c-4c2f-96a0-2f76a2bed56e,user304@example.com,Subject 73,WINNER! Claim your prize now at <a href='http://malware.com'>here</a>,1762308305,N/A,1,10,spam,v1.0
6a33866c-816d-4f29-b5e4-e044f8b2903b,user181@example.com,Subject 74,Meeting at 5pm? Let me know.,2025-08-07T20:05:05.315056,Urgent!,0,1,Ham,v1.0
876cfc23-9d6b-40ad-b681-839f18ca8db6,user413@example.com,Subject 75,Meeting at 5pm? Let me know.,2026-02-14T20:05:05.315060,null,None,100,spam,v1.0
71142e38-6442-4a53-a260-cf412b17caea,user835@example.com,Subject 76,"<div>Cheap meds, no prescription needed!!!</div><br><p>Best regards,</p>",2025-09-28T20:05:05.315065,N/A,None,5,Ham,v1.0
6c5a91cb-0e7a-48e0-afca-f4864cd1fc67,user418@example.com,Subject 77,"<div>Meeting at 5pm? Let me know.</div><br><p>Best regards,</p>",2025-12-09T20:05:05.315070,N/A,2,1,SPAM,v1.0
8babe935-3ff0-4232-9535-60e1189277af,user39@example.com,Subject 78,¡Urgente! Necesitamos su respuesta inmediata.,05-02-2026,Urgent!,1,1,0,v1.0
9df78bdb-84b2-4475-8cd1-497fd08b57fe,user933@example.com,Subject 79,WINNER! Claim your prize now at <a href='http://malware.com'>here</a>,09/05/2025,Medium,None,10,Ham,v1.0
a81cdd85-b4c3-4824-b438-82714d088a55,user222@example.com,Subject 80,"Cheap meds, no prescription needed!!!",1768097105,null,-1,100,1,v1.0
9091434a-b6c9-4e75-86b5-28923d4773e5,user583@example.com,Subject 81,WINNER! Claim your prize now at <a href='http://malware.com'>here</a>,2026-03-23T20:05:05.315091,Low,-1,0,spam,v1.0
a76c41c1-2fca-4292-92dd-dc736b6db1ea,user192@example.com,Subject 82,¡Urgente! Necesitamos su respuesta inmediata.,1769479505,Medium,-1,10,SPAM,v1.0
8e80045f-0243-43cd-877e-fe8f9655003e,user623@example.com,Subject 83,WINNER! Claim your prize now at <a href='http://malware.com'>here</a>,2026-04-02T20:05:05.315100,N/A,-1,0,s_p_a_m,v1.0
38cd54a4-1526-4e00-a2f7-da3c4a5f6ce0,user137@example.com,Subject 84,WINNER! Claim your prize now at <a href='http://malware.com'>here</a>,2025-06-04T20:05:05.315104,High,-1,5,Legit,v1.0
ae096afe-4d98-47c1-a93c-ff0ed886c7fa,user910@example.com,Subject 85,"Bonjour, voici les documents demandés.",29-03-2026,High,null,5,0,v1.0
18863b88-1a95-4f9d-a6f6-290c60325c51,user664@example.com,Subject 86,"Cheap meds, no prescription needed!!!",21-07-2025,High,1,10,spam,v1.0
169f622a-2a6b-4760-b9b8-ffe53dc14c9f,user250@example.com,Subject 87,Free money!!! Just click <b>&nbsp;this link&nbsp;</b>,15-02-2026,Medium,None,10,spam,v1.0
e89b1179-a12b-4435-bc9b-21c9c576fd83,user297@example.com,Subject 88,¡Urgente! Necesitamos su respuesta inmediata.,06/17/2025,High,-1,1,1,v1.0
4fd41d9b-2cfe-4839-bebd-4bd2e28bffd2,user497@example.com,Subject 89,"<div>Bonjour, voici les documents demandés.</div><br><p>Best regards,</p>",04-08-2025,Medium,null,5,spam,v1.0
8f0af291-65ea-437f-be1d-7a70817e5236,user623@example.com,Subject 90,Attached is the invoice for last month.,23-11-2025,N/A,2,0,spam,v1.0
02fa9ecf-6fea-4422-94a8-b5b4f5cbd311,user722@example.com,Subject 91,"<div>WINNER! Claim your prize now at <a href='http://malware.com'>here</a></div><br><p>Best regards,</p>",2026-03-06T20:05:05.315208,Medium,2,1,0,v1.0
9a27662f-28b9-4e2d-8a3f-6e45960e9fd4,user129@example.com,Subject 92,"Cheap meds, no prescription needed!!!",21-10-2025,Urgent!,1,5,1,v1.0
e585fcc6-e8e2-4342-9643-852e40e4187c,user39@example.com,Subject 93,"Hello, we are interested in your profile.",1762221905,Low,None,100,SPAM,v1.0
d6d63c0d-a956-40c3-a36c-5b8760be712e,user161@example.com,Subject 94,"Bonjour, voici les documents demandés.",02-08-2025,null,1,10,Legit,v1.0
5f6dec35-5192-464b-8705-3dd7ae18e4b9,user75@example.com,Subject 95,"<div>Cheap meds, no prescription needed!!!</div><br><p>Best regards,</p>",16-08-2025,Medium,0,0,SPAM,v1.0
628fb1dd-f964-4842-86e7-413e37371198,user22@example.com,Subject 96,"<div>Your account has been suspended. Please login to verify.</div><br><p>Best regards,</p>",2025-06-02T20:05:05.315238,Urgent!,0,100,SPAM,v1.0
d084368d-753b-46a8-a9b9-a4b70c104a88,user972@example.com,Subject 97,WINNER! Claim your prize now at <a href='http://malware.com'>here</a>,09/24/2025,N/A,1,5,1,v1.0
7d12cad4-ffdb-4fc9-9255-987a5b869cd6,user428@example.com,Subject 98,"<div>¡Urgente! Necesitamos su respuesta inmediata.</div><br><p>Best regards,</p>",2025-10-27T20:05:05.315248,Low,1,0,Legit,v1.0
657f8e12-4077-439f-b2f6-5b53f9d628c6,user779@example.com,Subject 99,"Hello, we are interested in your profile.",1775264705,null,None,0,spam,v1.0
adeb2a7a-cc33-465f-ba68-d85b7c206155,user793@example.com,Subject 100,Attached is the invoice for last month.,10/12/2025,High,-1,100,Legit,v1.0
da6aa2f6-c91d-459b-9ab2-da02dbefd674,user895@example.com,Subject 101,"<div>How have you been? It has been a long time.</div><br><p>Best regards,</p>",1750813505,Urgent!,None,0,ham,v1.0
b728322c-7900-4d76-b664-2de36315b265,user36@example.com,Subject 102,Meeting at 5pm? Let me know.,1747703105,Urgent!,2,10,Ham,v1.0
09a57eb9-4f61-483e-8836-55df33fb011e,user35@example.com,Subject 103,"Bonjour, voici les documents demandés.",14-06-2025,null,None,0,Legit,v1.0
c7130031-4fc8-402f-8390-e8298ccdef8b,user341@example.com,Subject 104,¡Urgente! Necesitamos su respuesta inmediata.,1755392705,Urgent!,0,5,ham,v1.0
98de05bb-c100-419c-8af7-10699f72a7bf,user286@example.com,Subject 105,¡Urgente! Necesitamos su respuesta inmediata.,1776819905,null,1,100,0,v1.0
56949419-9022-4a03-8bf9-a76f3a9801d0,user402@example.com,Subject 106,How have you been? It has been a long time.,15-12-2025,null,None,5,spam,v1.0
48b72f3e-a7f9-4595-b17c-e9fda0b2cd7f,user557@example.com,Subject 107,"Bonjour, voici les documents demandés.",10/19/2025,Urgent!,1,0,Ham,v1.0
f638b4fb-7551-467b-8a79-7722e5c06a1b,user200@example.com,Subject 108,"Cheap meds, no prescription needed!!!",2025-05-13T20:05:05.315303,N/A,1,0,Ham,v1.0
94a132e1-2110-4fd7-9d96-1bf358913c1b,user168@example.com,Subject 109,Attached is the invoice for last month.,2026-03-13T20:05:05.315307,Medium,None,5,spam,v1.0
9c6aa66f-1753-4b83-b20e-866bcf7224be,user50@example.com,Subject 110,"<div>How have you been? It has been a long time.</div><br><p>Best regards,</p>",23-02-2026,Urgent!,2,1,0,v1.0
e9288a03-9fdc-4f92-8d44-70a3d5a3c733,user873@example.com,Subject 111,"Hello, we are interested in your profile.",12-09-2025,High,0,5,1,v1.0
b7b74af3-c29c-4bcf-a65f-65386a7c5e43,user872@example.com,Subject 112,¡Urgente! Necesitamos su respuesta inmediata.,14-01-2026,High,1,1,1,v1.0
4cd7b4ed-b588-44f4-8738-1090d8a2438d,user58@example.com,Subject 113,Free money!!! Just click <b>&nbsp;this link&nbsp;</b>,11-07-2025,Urgent!,0,5,s_p_a_m,v1.0
c068e997-ec47-46ed-a04a-387f3be7adfd,user898@example.com,Subject 114,Your account has been suspended. Please login to verify.,2025-08-15T20:05:05.315335,High,None,0,Ham,v1.0
c8d7f053-989c-46d4-b410-5a9201933ba6,user698@example.com,Subject 115,"<div>Bonjour, voici les documents demandés.</div><br><p>Best regards,</p>",28-08-2025,Urgent!,null,0,1,v1.0
9288c0aa-f9aa-4fc6-8312-25c3970a5c8c,user933@example.com,Subject 116,Your account has been suspended. Please login to verify.,1777338305,Low,-1,0,0,v1.0
f94f427c-e089-473e-8b7d-6eba106bf8df,user267@example.com,Subject 117,Free money!!! Just click <b>&nbsp;this link&nbsp;</b>,19-05-2025,Medium,-1,5,0,v1.0
e387d7b2-a6c8-4896-afc5-ff57897fb0e2,user344@example.com,Subject 118,How have you been? It has been a long time.,29-12-2025,Low,-1,5,Legit,v1.0
36fc3a59-62cc-42cb-bc19-877acc7a1fef,user468@example.com,Subject 119,Attached is the invoice for last month.,1766369105,null,2,5,ham,v1.0
a5a35c2a-7d03-454b-a0ea-77ed7130f1a9,user977@example.com,Subject 120,"Cheap meds, no prescription needed!!!",2026-03-20T20:05:05.315366,Low,0,100,0,v1.0
7b31257a-46f8-445d-9474-8b03fc97d4ed,user476@example.com,Subject 121,"Hello, we are interested in your profile.",03/25/2026,N/A,None,0,0,v1.0
b6fa2528-aff3-41f8-a0d9-11318dd7c558,user401@example.com,Subject 122,Meeting at 5pm? Let me know.,1767146705,Urgent!,null,5,spam,v1.0
86a5a67d-fdd0-4612-bc80-c54a7bcd98e2,user182@example.com,Subject 123,"<div>¡Urgente! Necesitamos su respuesta inmediata.</div><br><p>Best regards,</p>",15-09-2025,High,-1,100,0,v1.0
2a580fa9-2046-40cf-b0f1-bd9e4fb21884,user239@example.com,Subject 124,"<div>Meeting at 5pm? Let me know.</div><br><p>Best regards,</p>",19-06-2025,Medium,2,100,Ham,v1.0
a5865277-0047-4356-bd3e-1e6ec09f69d3,user441@example.com,Subject 125,Your account has been suspended. Please login to verify.,2025-07-24T20:05:05.315392,Urgent!,None,1,SPAM,v1.0
ecd963f1-12ce-4d08-a4ef-cbde4c966dcf,user984@example.com,Subject 126,WINNER! Claim your prize now at <a href='http://malware.com'>here</a>,1763258705,N/A,0,100,s_p_a_m,v1.0
ef7c84e5-9dd5-4c34-886a-8011629e69f9,user414@example.com,Subject 127,Your account has been suspended. Please login to verify.,1759280705,Urgent!,null,1,SPAM,v1.0
43e2215f-37b0-4759-b40d-480be415e89e,user782@example.com,Subject 128,Your account has been suspended. Please login to verify.,2025-12-27T20:05:05.315406,High,-1,5,1,v1.0
3e99fccc-4445-459a-a8c2-22507d72be3b,user870@example.com,Subject 129,"Hello, we are interested in your profile.",1761613505,N/A,2,1,Ham,v1.0
8ee9fb9a-67d7-4a19-8459-56699c9a6a65,user107@example.com,Subject 130,"Hello, we are interested in your profile.",2025-11-13T20:05:05.315415,Medium,1,100,0,v1.0
0629f231-f6af-4f78-a480-1e02ec52d3b2,user933@example.com,Subject 131,"<div>Your account has been suspended. Please login to verify.</div><br><p>Best regards,</p>",1750640705,High,1,5,spam,v1.0
c1b4a1f6-ef40-4b81-b28e-e2a211cecc17,user182@example.com,Subject 132,"Bonjour, voici les documents demandés.",06/10/2025,Medium,1,0,ham,v1.0
508da953-07c4-47c0-a35d-cda1e3e6d775,user175@example.com,Subject 133,Your account has been suspended. Please login to verify.,26-12-2025,Urgent!,-1,1,Ham,v1.0
30af1a5c-6310-4426-8656-97f0004a4699,user177@example.com,Subject 134,"<div>Your account has been suspended. Please login to verify.</div><br><p>Best regards,</p>",04-03-2026,Urgent!,None,1,Ham,v1.0
59d07c52-3177-4cad-a5f7-7d9f0a9216da,user688@example.com,Subject 135,"<div>Hello, we are interested in your profile.</div><br><p>Best regards,</p>",2025-10-11T20:05:05.315439,null,1,0,Ham,v1.0
a9b45288-d410-4d0e-8faf-a5ef25a62a7d,user492@example.com,Subject 136,"<div>Hello, we are interested in your profile.</div><br><p>Best regards,</p>",2025-08-05T20:05:05.315444,High,-1,5,0,v1.0
31e36de6-e3a8-49e4-aa35-6f388bb295e7,user905@example.com,Subject 137,"<div>Cheap meds, no prescription needed!!!</div><br><p>Best regards,</p>",2025-10-20T20:05:05.315448,Urgent!,-1,0,1,v1.0
379698f1-9fd7-448f-9e05-26122c612fb5,user137@example.com,Subject 138,"Hello, we are interested in your profile.",2025-07-10T20:05:05.315453,N/A,-1,0,Legit,v1.0
9512f538-cf8e-4894-a69d-0ba40ed28c01,user827@example.com,Subject 139,How have you been? It has been a long time.,04-12-2025,Medium,0,10,spam,v1.0
540b7772-981a-45d5-a5ee-4bddf90c647c,user221@example.com,Subject 140,Free money!!! Just click <b>&nbsp;this link&nbsp;</b>,2025-06-01T20:05:05.315463,null,0,100,1,v1.0
8f5922fc-c935-4571-8108-ac6d3e036814,user631@example.com,Subject 141,Attached is the invoice for last month.,28-09-2025,Urgent!,0,1,ham,v1.0
7c83406f-0b46-4a7a-b238-819edd269e87,user738@example.com,Subject 142,"Hello, we are interested in your profile.",1747443905,Medium,0,0,1,v1.0
ec7ae69a-a1c2-4807-b601-44103ac3dc5b,user190@example.com,Subject 143,"<div>Hello, we are interested in your profile.</div><br><p>Best regards,</p>",2026-04-06T20:05:05.315477,Low,-1,100,ham,v1.0
4034a061-cf12-4e86-8c2b-b7f49b388e94,user288@example.com,Subject 144,Meeting at 5pm? Let me know.,2025-12-22T20:05:05.315482,Low,2,1,ham,v1.0
85e405f1-89c6-48cb-b1ce-2dbd446c570d,user121@example.com,Subject 145,"Bonjour, voici les documents demandés.",04/23/2026,Medium,-1,10,Legit,v1.0
5d4ea149-3b18-4774-a100-cee05ec00da4,user202@example.com,Subject 146,Meeting at 5pm? Let me know.,2025-12-05T20:05:05.315494,High,null,1,0,v1.0
c31ee8a9-7a4d-48bc-bcb6-5c6f22c0e2e6,user463@example.com,Subject 147,WINNER! Claim your prize now at <a href='http://malware.com'>here</a>,12/29/2025,null,0,10,Ham,v1.0
73d2625c-0a40-4d40-aa7d-98c148438e1f,user194@example.com,Subject 148,"Bonjour, voici les documents demandés.",06/03/2025,Urgent!,None,10,1,v1.0
b16a06b7-1bfe-4037-a575-a375fe382dd3,user961@example.com,Subject 149,Your account has been suspended. Please login to verify.,18-12-2025,N/A,2,100,SPAM,v1.0
0f51edd5-4446-4d2e-bae4-21471423776a,user679@example.com,Subject 150,"Bonjour, voici les documents demandés.",01/11/2026,High,null,1,s_p_a_m,v1.0
7b1f8636-21ae-4afb-b6c7-88d8d2b2e698,user498@example.com,Subject 151,How have you been? It has been a long time.,16-10-2025,High,-1,10,1,v1.0
7d893348-0ec9-46a9-bb75-b930d32f3357,user930@example.com,Subject 152,"Hello, we are interested in your profile.",1777424705,N/A,-1,5,Legit,v1.0
852886dc-5fa2-4802-b1aa-1131d70d23b2,user619@example.com,Subject 153,Free money!!! Just click <b>&nbsp;this link&nbsp;</b>,07/23/2025,Urgent!,1,100,0,v1.0
72dd255d-1266-4991-ad6a-f813608817a5,user186@example.com,Subject 154,Free money!!! Just click <b>&nbsp;this link&nbsp;</b>,2025-05-25T20:05:05.315534,Medium,-1,100,0,v1.0
f4832423-74d7-4c59-9266-93ff898edbb5,user101@example.com,Subject 155,"Cheap meds, no prescription needed!!!",24-09-2025,Low,None,10,Legit,v1.0
193209e3-2373-4f28-ac38-5e9b95c36c37,user859@example.com,Subject 156,"<div>¡Urgente! Necesitamos su respuesta inmediata.</div><br><p>Best regards,</p>",07/29/2025,null,2,10,0,v1.0
d2af0040-1288-4573-b83e-59066adc1031,user673@example.com,Subject 157,"Bonjour, voici les documents demandés.",1769911505,null,-1,100,s_p_a_m,v1.0
47785cf4-2919-4d54-8068-2d727d4e2c46,user411@example.com,Subject 158,¡Urgente! Necesitamos su respuesta inmediata.,30-11-2025,N/A,null,0,Ham,v1.0
ac5ea3ea-7b38-4357-84a6-ad276d05e96a,user97@example.com,Subject 159,"<div>Attached is the invoice for last month.</div><br><p>Best regards,</p>",24-05-2025,null,2,1,0,v1.0
6bb07c29-9adb-466b-8645-e4c5a46ad416,user869@example.com,Subject 160,WINNER! Claim your prize now at <a href='http://malware.com'>here</a>,02-02-2026,Medium,2,0,spam,v1.0
b60ed768-0dba-4127-a51a-344a98220b7e,user388@example.com,Subject 161,"<div>WINNER! Claim your prize now at <a href='http://malware.com'>here</a></div><br><p>Best regards,</p>",05/23/2025,N/A,1,5,spam,v1.0
450331ec-e48c-42e0-b683-b7ce9334ae3b,user63@example.com,Subject 162,"Hello, we are interested in your profile.",2025-09-07T20:05:05.315576,null,1,10,Legit,v1.0
3c4c93d3-56b5-48e3-a2bf-5512ac12643f,user811@example.com,Subject 163,"Hello, we are interested in your profile.",1765850705,null,None,100,0,v1.0
48cf9b8c-c4b5-4372-ade6-48e41007c65a,user434@example.com,Subject 164,"Bonjour, voici les documents demandés.",07/02/2025,Urgent!,null,100,Legit,v1.0
b43adad6-4f05-486c-b6ab-341ad3e1d403,user874@example.com,Subject 165,"<div>¡Urgente! Necesitamos su respuesta inmediata.</div><br><p>Best regards,</p>",1771725905,Medium,null,100,Legit,v1.0
68223149-47d8-4b30-ae97-c2d09eebad12,user480@example.com,Subject 166,"Cheap meds, no prescription needed!!!",2025-10-08T20:05:05.315594,Urgent!,None,5,0,v1.0
c59fd2f7-c4cf-4517-9b69-0cefbfafa2c6,user868@example.com,Subject 167,WINNER! Claim your prize now at <a href='http://malware.com'>here</a>,2026-01-06T20:05:05.315598,High,-1,5,s_p_a_m,v1.0
1536d7c1-5a97-4cb7-9952-c0873dfdddc1,user98@example.com,Subject 168,Attached is the invoice for last month.,30-06-2025,Low,2,100,s_p_a_m,v1.0
be7cbaf6-ac12-4670-8b6c-1d9a352f706c,user837@example.com,Subject 169,"<div>Cheap meds, no prescription needed!!!</div><br><p>Best regards,</p>",2025-11-20T20:05:05.315609,High,0,1,Ham,v1.0
519e6e25-34f2-4702-b6b6-8a9b6e5be7f0,user495@example.com,Subject 170,Free money!!! Just click <b>&nbsp;this link&nbsp;</b>,2025-09-24T20:05:05.315613,Medium,0,100,ham,v1.0
a0f2d0c8-5b65-4ef2-8331-ed640ab9b4cc,user739@example.com,Subject 171,"Cheap meds, no prescription needed!!!",17-01-2026,Medium,1,1,0,v1.0
61d82f6f-6675-425e-9339-5873d42d4ae5,user150@example.com,Subject 172,¡Urgente! Necesitamos su respuesta inmediata.,04/22/2026,Urgent!,1,5,ham,v1.0
612084ab-8f5a-4c5a-aa1e-f4bf59c36163,user425@example.com,Subject 173,WINNER! Claim your prize now at <a href='http://malware.com'>here</a>,16-06-2025,Low,2,5,spam,v1.0
0c6e9d2c-a6b9-4708-8382-28f072230b8a,user41@example.com,Subject 174,"<div>Bonjour, voici les documents demandés.</div><br><p>Best regards,</p>",2026-04-15T20:05:05.315633,Urgent!,null,100,s_p_a_m,v1.0
74deb94d-7100-436d-a656-6d14f2ecb8c7,user620@example.com,Subject 175,"Bonjour, voici les documents demandés.",2026-04-15T20:05:05.315639,High,0,1,ham,v1.0
1bac7a25-2795-4b52-8b3f-175aa2667513,user109@example.com,Subject 176,"Hello, we are interested in your profile.",1775005505,null,-1,0,s_p_a_m,v1.0
ef035331-c111-4193-a32c-8dbc66d62f08,user452@example.com,Subject 177,WINNER! Claim your prize now at <a href='http://malware.com'>here</a>,27-02-2026,Low,null,1,ham,v1.0
42eb6d89-f5f2-4154-83bc-a46e0bcca861,user964@example.com,Subject 178,"<div>WINNER! Claim your prize now at <a href='http://malware.com'>here</a></div><br><p>Best regards,</p>",1763085905,N/A,0,10,spam,v1.0
db02ba38-9a6e-4ce2-abb2-080ef113577f,user332@example.com,Subject 179,"Cheap meds, no prescription needed!!!",10/06/2025,Medium,0,100,Ham,v1.0
dc74ab02-4d68-4e46-8ead-b8b4fa7eaf32,user78@example.com,Subject 180,"Cheap meds, no prescription needed!!!",1762308305,Urgent!,-1,10,ham,v1.0
0d8c072e-1dfb-4971-8c13-08e1596d7c81,user78@example.com,Subject 181,¡Urgente! Necesitamos su respuesta inmediata.,01-04-2026,Medium,None,100,0,v1.0
5e0c4518-4c32-4fec-a6ae-f305854f16ef,user889@example.com,Subject 182,"Hello, we are interested in your profile.",1758243905,High,null,0,ham,v1.0
671979b0-5bfa-45e7-9cf9-11d048eb26e9,user835@example.com,Subject 183,"<div>Hello, we are interested in your profile.</div><br><p>Best regards,</p>",2025-07-21T20:05:05.315676,Urgent!,None,5,1,v1.0
0ddafc3e-4e17-4859-9548-18f521c8e283,user934@example.com,Subject 184,Meeting at 5pm? Let me know.,2026-01-05T20:05:05.315681,N/A,null,1,SPAM,v1.0
311fee8b-7684-4c49-8674-1904e6748997,user80@example.com,Subject 185,"Bonjour, voici les documents demandés.",08-07-2025,Low,2,100,SPAM,v1.0
ff09ee8d-9f6c-4de5-a72e-7429a2c5629c,user562@example.com,Subject 186,Attached is the invoice for last month.,1760403905,N/A,null,10,0,v1.0
8533d845-245f-4205-b36e-24c2db47d0f1,user799@example.com,Subject 187,"<div>Cheap meds, no prescription needed!!!</div><br><p>Best regards,</p>",1750467905,Low,2,1,0,v1.0
e249333c-b70f-44a0-a869-75582c4aef89,user827@example.com,Subject 188,Free money!!! Just click <b>&nbsp;this link&nbsp;</b>,01-08-2025,null,2,0,SPAM,v1.0
850cddd5-553c-4966-8916-13fda9b689d6,user567@example.com,Subject 189,"<div>Your account has been suspended. Please login to verify.</div><br><p>Best regards,</p>",1769997905,Urgent!,-1,100,0,v1.0
e73c041f-9d38-4b71-9f5f-702b2a99bbdc,user531@example.com,Subject 190,Free money!!! Just click <b>&nbsp;this link&nbsp;</b>,1775005505,High,0,10,Legit,v1.0
8d9b5dab-cb68-43dd-bb6f-ae196f1a7222,user457@example.com,Subject 191,Attached is the invoice for last month.,2025-10-22T20:05:05.315715,Urgent!,2,1,s_p_a_m,v1.0
c99a8bfc-a6c6-45a6-8bc2-0a0d748a389f,user574@example.com,Subject 192,Attached is the invoice for last month.,13-07-2025,N/A,-1,100,SPAM,v1.0
e8c19bac-c05d-469d-9dcd-49a8e73e87a3,user762@example.com,Subject 193,"Hello, we are interested in your profile.",1775955905,Medium,2,100,1,v1.0
10a4c963-bfdc-46e2-ab71-fd79c68e46ad,user547@example.com,Subject 194,Your account has been suspended. Please login to verify.,1756083905,High,None,10,ham,v1.0
e7aa951b-3151-41c5-a9c8-b6dcbf713f75,user947@example.com,Subject 195,¡Urgente! Necesitamos su respuesta inmediata.,2025-11-25T20:05:05.315734,N/A,2,5,Ham,v1.0
e7c8c737-e00f-4f5f-92bf-523cd1650435,user144@example.com,Subject 196,How have you been? It has been a long time.,1761959105,N/A,null,1,0,v1.0
8bc607c3-f791-48da-9973-2c506a9e2c7f,user549@example.com,Subject 197,"<div>Attached is the invoice for last month.</div><br><p>Best regards,</p>",2025-10-17T20:05:05.315760,null,2,1,spam,v1.0
ad36f8ed-8b3b-49ae-b776-16f693e46d3e,user109@example.com,Subject 198,"Cheap meds, no prescription needed!!!",19-10-2025,N/A,0,10,Ham,v1.0
892fb025-398a-4a0e-bc9f-fc5e20e53df3,user487@example.com,Subject 199,"<div>Cheap meds, no prescription needed!!!</div><br><p>Best regards,</p>",1755911105,N/A,null,5,1,v1.0
cede5a48-7802-4a32-91c9-eb74947f76ee,user118@example.com,Subject 200,"<div>Meeting at 5pm? Let me know.</div><br><p>Best regards,</p>",24-02-2026,null,-1,100,Legit,v1.0
98c6b9eb-3b1c-4513-929f-312d0b68be75,user478@example.com,Subject 201,"Cheap meds, no prescription needed!!!",2026-01-13T20:05:05.315806,High,2,100,SPAM,v1.0
8fdacfe1-9968-4344-86ce-fbcb19c144ee,user126@example.com,Subject 202,How have you been? It has been a long time.,1749344705,High,null,0,spam,v1.0
099f1ec6-bee2-4f84-a6c5-13f80c245c3a,user142@example.com,Subject 203,"<div>¡Urgente! Necesitamos su respuesta inmediata.</div><br><p>Best regards,</p>",03/07/2026,Low,null,0,Ham,v1.0
d019d4ed-ce4c-4209-ab48-2d9f8aa2a010,user382@example.com,Subject 204,Meeting at 5pm? Let me know.,1764122705,N/A,2,1,SPAM,v1.0
13830baa-2eff-4d91-bf7a-b61b66666171,user556@example.com,Subject 205,"Cheap meds, no prescription needed!!!",2026-03-21T20:05:05.315827,N/A,2,1,Legit,v1.0
2cc77ea2-7a17-4ebd-a3c8-234bf4a95152,user874@example.com,Subject 206,"Hello, we are interested in your profile.",1754355905,null,None,0,s_p_a_m,v1.0
775da45a-3c10-48e3-9d42-963091439c30,user43@example.com,Subject 207,"<div>¡Urgente! Necesitamos su respuesta inmediata.</div><br><p>Best regards,</p>",1758243905,Urgent!,0,1,1,v1.0
35c653ed-df89-4d5e-acc7-b048c544a33e,user761@example.com,Subject 208,WINNER! Claim your prize now at <a href='http://malware.com'>here</a>,2025-07-06T20:05:05.315845,High,2,100,SPAM,v1.0
55c69c2f-32d7-48d0-b2b0-2389673b4c93,user520@example.com,Subject 209,How have you been? It has been a long time.,11-05-2025,Low,1,100,Ham,v1.0
6c32e34c-525d-48aa-8a25-6f84505702ca,user349@example.com,Subject 210,"<div>How have you been? It has been a long time.</div><br><p>Best regards,</p>",1757552705,Medium,1,1,spam,v1.0
d76e3bca-78e4-46bc-9143-368d88308271,user458@example.com,Subject 211,Attached is the invoice for last month.,09/12/2025,Urgent!,null,10,Ham,v1.0
3328f169-402a-476c-9c11-072d6b70ca11,user316@example.com,Subject 212,Your account has been suspended. Please login to verify.,1760403905,High,2,0,1,v1.0
c0c395a8-5e9f-4372-b411-50cd6ccd2619,user989@example.com,Subject 213,"<div>How have you been? It has been a long time.</div><br><p>Best regards,</p>",01/25/2026,null,-1,0,0,v1.0
bb797fad-fc6d-4ae3-8a33-fa349af1a2af,user841@example.com,Subject 214,Free money!!! Just click <b>&nbsp;this link&nbsp;</b>,16-11-2025,Low,0,5,spam,v1.0
faf505bc-41a7-4743-bae1-a1d7530fa4e8,user76@example.com,Subject 215,"Hello, we are interested in your profile.",2026-03-14T20:05:05.315881,N/A,2,5,SPAM,v1.0
780f0084-ff32-4012-823e-2bbe47b7f4ed,user834@example.com,Subject 216,How have you been? It has been a long time.,10-06-2025,Medium,None,0,ham,v1.0
1018e367-2b46-4382-b8f7-c1d36d430510,user637@example.com,Subject 217,"Bonjour, voici les documents demandés.",2026-03-31T20:05:05.315891,Urgent!,1,0,0,v1.0
a447cf09-4f2f-480a-b1eb-41ba151e9282,user386@example.com,Subject 218,WINNER! Claim your prize now at <a href='http://malware.com'>here</a>,07/06/2025,Medium,None,10,0,v1.0
ed6c80ca-55ce-40a0-993a-ee7dc92cae65,user189@example.com,Subject 219,"Hello, we are interested in your profile.",12/21/2025,Low,-1,0,1,v1.0
a23303a4-ebd1-4f23-8960-1d9a54de8f05,user787@example.com,Subject 220,Your account has been suspended. Please login to verify.,02/18/2026,Urgent!,0,100,s_p_a_m,v1.0
e0ddbd5f-5a02-4176-8758-85649b5b73fe,user354@example.com,Subject 221,Your account has been suspended. Please login to verify.,1753059905,Medium,null,10,s_p_a_m,v1.0
0944ec73-ae30-4693-9226-6fa3b6674f9f,user627@example.com,Subject 222,"<div>Cheap meds, no prescription needed!!!</div><br><p>Best regards,</p>",18-10-2025,High,2,100,s_p_a_m,v1.0
2a222f4e-c39a-43c1-81ad-c2f33e86ca07,user927@example.com,Subject 223,"Bonjour, voici les documents demandés.",1775869505,N/A,1,5,ham,v1.0
66f8d19e-dab3-4d1b-89cd-0e4e87427516,user922@example.com,Subject 224,"<div>Hello, we are interested in your profile.</div><br><p>Best regards,</p>",11-02-2026,High,0,100,0,v1.0
dd05bdc5-7ce1-4574-8bb5-53efe5eab730,user996@example.com,Subject 225,Free money!!! Just click <b>&nbsp;this link&nbsp;</b>,02/28/2026,Medium,None,5,Ham,v1.0
730fb6b4-6ab4-47a6-92e6-d88c958be887,user659@example.com,Subject 226,"<div>¡Urgente! Necesitamos su respuesta inmediata.</div><br><p>Best regards,</p>",1756429505,Low,0,10,1,v1.0
d383d1f5-2067-4190-888a-2c440149a9fb,user232@example.com,Subject 227,How have you been? It has been a long time.,25-02-2026,null,None,5,0,v1.0
b085d805-a230-429c-a1f8-2c1bf885991c,user762@example.com,Subject 228,"<div>Hello, we are interested in your profile.</div><br><p>Best regards,</p>",1751504705,Urgent!,-1,10,s_p_a_m,v1.0
0664310c-8246-4f82-a953-8ea511a1ac30,user485@example.com,Subject 229,¡Urgente! Necesitamos su respuesta inmediata.,2025-11-06T20:05:05.315950,Low,1,10,spam,v1.0
f75b1079-fa36-45eb-8fb0-e44c97897676,user152@example.com,Subject 230,"<div>How have you been? It has been a long time.</div><br><p>Best regards,</p>",1761786305,N/A,2,0,1,v1.0
35c3128a-4d96-43e9-a232-61b2a42b952b,user153@example.com,Subject 231,"Hello, we are interested in your profile.",04/16/2026,null,None,10,ham,v1.0
e5113ef6-acab-4f04-bb55-0f0ebc7b3095,user54@example.com,Subject 232,"Cheap meds, no prescription needed!!!",2025-08-11T20:05:05.315964,Medium,null,100,SPAM,v1.0
fc9261e6-4940-41f9-901f-241b2b51ef98,user102@example.com,Subject 233,"<div>¡Urgente! Necesitamos su respuesta inmediata.</div><br><p>Best regards,</p>",2025-09-04T20:05:05.315969,Low,-1,5,spam,v1.0
3393ae44-3c65-4446-ab8f-d8f2aa1849f1,user122@example.com,Subject 234,Attached is the invoice for last month.,2025-09-10T20:05:05.315974,Urgent!,2,0,Ham,v1.0
14071ab1-1ea9-415c-80bc-afa2ce063730,user276@example.com,Subject 235,"<div>Attached is the invoice for last month.</div><br><p>Best regards,</p>",25-06-2025,Low,1,100,ham,v1.0
2936a9c4-cb4e-46fe-8481-2280d37dd599,user333@example.com,Subject 236,Attached is the invoice for last month.,16-02-2026,N/A,null,5,1,v1.0
e6da1b3f-d336-4efe-bbd0-a20cc0456d24,user210@example.com,Subject 237,WINNER! Claim your prize now at <a href='http://malware.com'>here</a>,05-01-2026,N/A,-1,10,s_p_a_m,v1.0
e2f91635-5ece-438e-aadc-785ad6d77127,user846@example.com,Subject 238,WINNER! Claim your prize now at <a href='http://malware.com'>here</a>,27-11-2025,Medium,null,1,0,v1.0
b3f2a3fd-b65a-432d-9bc4-d45f77f66fe3,user958@example.com,Subject 239,Attached is the invoice for last month.,1756947905,N/A,None,5,0,v1.0
a22e314c-ede6-4a74-b484-07cf80ed91b8,user293@example.com,Subject 240,¡Urgente! Necesitamos su respuesta inmediata.,1746061505,Urgent!,1,0,0,v1.0
7ee0178b-b5f1-4ce0-acb7-468d773682f3,user747@example.com,Subject 241,WINNER! Claim your prize now at <a href='http://malware.com'>here</a>,11/23/2025,Low,null,100,1,v1.0
824c5e84-b964-4c80-b793-4e41e998e5c9,user39@example.com,Subject 242,Meeting at 5pm? Let me know.,03-08-2025,null,0,5,Ham,v1.0
304e34d7-a010-4e2d-b755-21c24e9712d5,user312@example.com,Subject 243,"Bonjour, voici les documents demandés.",1764986705,High,null,1,0,v1.0
5410b7f7-6699-4d86-a27b-5c25b5f7b5ea,user490@example.com,Subject 244,"<div>Meeting at 5pm? Let me know.</div><br><p>Best regards,</p>",2025-12-20T20:05:05.316093,Low,2,0,1,v1.0
15c73101-0bcf-40ca-a3c3-c2fab89757e1,user83@example.com,Subject 245,Free money!!! Just click <b>&nbsp;this link&nbsp;</b>,1746839105,High,1,10,SPAM,v1.0
569d333d-9976-43ed-baf9-29d3d929c36b,user378@example.com,Subject 246,"<div>Your account has been suspended. Please login to verify.</div><br><p>Best regards,</p>",1765505105,Low,None,1,s_p_a_m,v1.0
2f9c198a-3c6a-483f-9c01-a0143e47452d,user292@example.com,Subject 247,"<div>Meeting at 5pm? Let me know.</div><br><p>Best regards,</p>",1770343505,Urgent!,0,1,spam,v1.0
05a7bd25-fa53-4921-a2fd-d7adba59d93b,user911@example.com,Subject 248,WINNER! Claim your prize now at <a href='http://malware.com'>here</a>,07/28/2025,N/A,null,10,0,v1.0
2b70b8cd-bdd2-405f-a1ea-1dbedae6d5cb,user147@example.com,Subject 249,How have you been? It has been a long time.,29-07-2025,N/A,1,1,1,v1.0
0d982ad2-088e-4600-9c15-2880737ef87f,user860@example.com,Subject 250,"<div>¡Urgente! Necesitamos su respuesta inmediata.</div><br><p>Best regards,</p>",02/23/2026,High,2,10,ham,v1.0
7e84224e-b601-45cf-97aa-ad0d22daa6bc,user91@example.com,Subject 251,How have you been? It has been a long time.,03-10-2025,Medium,1,0,ham,v1.0
3ef34f00-b9f3-4798-be50-491118adb698,user373@example.com,Subject 252,Your account has been suspended. Please login to verify.,02-01-2026,Medium,1,100,Legit,v1.0
ae6dae92-fa0e-41b8-b64f-36bb82485af7,user375@example.com,Subject 253,How have you been? It has been a long time.,1751245505,null,2,10,ham,v1.0
a0d739f6-5d85-41d7-8aa4-673d2f9c3a06,user238@example.com,Subject 254,WINNER! Claim your prize now at <a href='http://malware.com'>here</a>,2026-03-08T20:05:05.316147,Medium,1,10,ham,v1.0
d250c379-9723-4329-b39f-8ea2966e7465,user694@example.com,Subject 255,"Hello, we are interested in your profile.",09/02/2025,Low,1,0,Ham,v1.0
7c6b9c73-cdf0-4a14-b94c-6b8199d62266,user718@example.com,Subject 256,"<div>Bonjour, voici les documents demandés.</div><br><p>Best regards,</p>",05-10-2025,N/A,0,5,0,v1.0
78a24916-5eed-48fb-921a-adbd51109d28,user952@example.com,Subject 257,How have you been? It has been a long time.,2025-05-20T20:05:05.316163,Medium,1,100,Legit,v1.0
ab127747-cf94-4e2b-a2b7-5b35db0ad184,user750@example.com,Subject 258,"Bonjour, voici les documents demandés.",2026-03-28T20:05:05.316168,Urgent!,null,5,0,v1.0
565d4ded-cbf2-47c1-a9c3-478147cc6ad2,user492@example.com,Subject 259,"Cheap meds, no prescription needed!!!",28-06-2025,Low,-1,0,Legit,v1.0
41e4ef60-fee1-430f-9ed0-0c2efa6c380d,user186@example.com,Subject 260,"<div>Hello, we are interested in your profile.</div><br><p>Best regards,</p>",08/28/2025,N/A,1,5,Legit,v1.0
ea26937d-8040-49d5-b53a-531ea54e7162,user948@example.com,Subject 261,"<div>WINNER! Claim your prize now at <a href='http://malware.com'>here</a></div><br><p>Best regards,</p>",1756775105,Medium,null,1,Legit,v1.0
f0aa6071-5c5d-4088-ab2c-ccd4050aac6c,user17@example.com,Subject 262,"<div>Attached is the invoice for last month.</div><br><p>Best regards,</p>",16-12-2025,N/A,1,100,1,v1.0
9bc2cc36-144f-4aca-80de-e3eeac81ece6,user954@example.com,Subject 263,How have you been? It has been a long time.,03/06/2026,Medium,2,0,Ham,v1.0
e1825e60-a188-4ca6-8c41-17a5568553af,user112@example.com,Subject 264,"Hello, we are interested in your profile.",2026-02-25T20:05:05.316200,Low,None,1,spam,v1.0
9a4702b4-7751-46cd-939e-deef71c260ce,user250@example.com,Subject 265,"<div>Free money!!! Just click <b>&nbsp;this link&nbsp;</b></div><br><p>Best regards,</p>",02/07/2026,N/A,2,1,Ham,v1.0
20590e72-d7f8-4a18-baf2-573f068ef0a3,user194@example.com,Subject 266,WINNER! Claim your prize now at <a href='http://malware.com'>here</a>,12/21/2025,Medium,-1,0,ham,v1.0
8e65c4d8-c8fa-4bd4-85fa-1af6b736ba16,user924@example.com,Subject 267,"Bonjour, voici les documents demandés.",11/24/2025,N/A,None,1,ham,v1.0
19e3ff85-4661-456b-9f2f-a1053d4f62d7,user829@example.com,Subject 268,Free money!!! Just click <b>&nbsp;this link&nbsp;</b>,09/07/2025,Urgent!,null,10,0,v1.0
eeb8e1b7-2b8c-4d5f-a984-d82d1d660bde,user870@example.com,Subject 269,"Bonjour, voici les documents demandés.",1770084305,High,None,0,0,v1.0
689c70b1-2df4-416e-bcfe-a0baffc830ab,user435@example.com,Subject 270,"<div>WINNER! Claim your prize now at <a href='http://malware.com'>here</a></div><br><p>Best regards,</p>",1756602305,Low,None,0,Ham,v1.0
34be561b-b682-43b6-83b5-e360036323ae,user639@example.com,Subject 271,"<div>Your account has been suspended. Please login to verify.</div><br><p>Best regards,</p>",1752455105,N/A,None,1,0,v1.0
b544669a-320e-4253-92bf-13a99f23a0e6,user939@example.com,Subject 272,"Hello, we are interested in your profile.",1752714305,Medium,-1,100,0,v1.0
0d28df91-17f7-4b81-98c0-46058fecc51b,user591@example.com,Subject 273,"<div>Meeting at 5pm? Let me know.</div><br><p>Best regards,</p>",06/10/2025,High,0,1,Ham,v1.0
9f619ed2-84ce-4bde-82b7-da52b1dd9ee3,user700@example.com,Subject 274,"<div>WINNER! Claim your prize now at <a href='http://malware.com'>here</a></div><br><p>Best regards,</p>",1746147905,Urgent!,None,0,Legit,v1.0
cc81a48b-f4c3-4976-9057-f626f12e789a,user141@example.com,Subject 275,Free money!!! Just click <b>&nbsp;this link&nbsp;</b>,2025-08-26T20:05:05.316256,Medium,None,10,spam,v1.0
a45e2ff2-28df-4e4e-a193-97c8347afb1a,user746@example.com,Subject 276,Your account has been suspended. Please login to verify.,22-11-2025,Urgent!,None,1,spam,v1.0
95312c50-f210-457f-b446-77e799a67886,user502@example.com,Subject 277,How have you been? It has been a long time.,01/12/2026,High,null,5,SPAM,v1.0
4580f263-b4c7-4236-bb36-e45a458fed62,user69@example.com,Subject 278,"<div>Bonjour, voici les documents demandés.</div><br><p>Best regards,</p>",1766369105,Low,-1,1,0,v1.0
b78fc0b8-fed1-49b6-9200-fc3b9b8ef89d,user723@example.com,Subject 279,WINNER! Claim your prize now at <a href='http://malware.com'>here</a>,1771725905,N/A,1,100,0,v1.0
d19c8084-9c59-471e-9e67-2f903db92445,user939@example.com,Subject 280,How have you been? It has been a long time.,2025-05-04T20:05:05.316281,null,-1,10,Legit,v1.0
f10293d8-e140-4c8f-99a5-b7a2102da1a7,user730@example.com,Subject 281,"Hello, we are interested in your profile.",2026-01-14T20:05:05.316286,Low,0,0,Ham,v1.0
fb666f71-7d59-443d-842f-cac6abccbe0e,user629@example.com,Subject 282,Attached is the invoice for last month.,1766196305,Low,-1,0,0,v1.0
f1cc6a02-b3bd-497d-b584-72625ea18e22,user851@example.com,Subject 283,Attached is the invoice for last month.,2025-10-02T20:05:05.316297,Urgent!,-1,100,s_p_a_m,v1.0
84a43cf2-2d8b-4d8a-8c05-f73a93971a7a,user946@example.com,Subject 284,"Hello, we are interested in your profile.",28-07-2025,N/A,2,100,s_p_a_m,v1.0
6f5bb8bc-26aa-4eaa-a71a-20e9faffbe83,user391@example.com,Subject 285,How have you been? It has been a long time.,11-12-2025,N/A,null,5,Ham,v1.0
d9cee899-e6db-4c4d-b6ad-76d7c5f2fe3f,user653@example.com,Subject 286,"<div>Free money!!! Just click <b>&nbsp;this link&nbsp;</b></div><br><p>Best regards,</p>",17-06-2025,Urgent!,-1,10,Ham,v1.0
c9ed24bb-675e-4c30-bb3f-d1a8eb9781c6,user555@example.com,Subject 287,"<div>Meeting at 5pm? Let me know.</div><br><p>Best regards,</p>",1751504705,null,-1,0,spam,v1.0
744fd81a-3c13-4339-9598-561f07cce140,user799@example.com,Subject 288,"Cheap meds, no prescription needed!!!",04-04-2026,High,-1,100,s_p_a_m,v1.0
dcd1c7c5-b3a3-4f9a-94aa-c1f2c89b0bd0,user824@example.com,Subject 289,"Hello, we are interested in your profile.",1757639105,Medium,-1,5,1,v1.0
cfc2f2b0-583f-42b6-9beb-a3a908b4f4cf,user129@example.com,Subject 290,"<div>Bonjour, voici les documents demandés.</div><br><p>Best regards,</p>",1757293505,Medium,-1,10,1,v1.0
e2d9759d-6a9c-4010-9210-f25dcb12095d,user926@example.com,Subject 291,How have you been? It has been a long time.,04/10/2026,Low,1,1,spam,v1.0
9c8b5bbb-7a95-48da-bf22-579d4ed50c4c,user245@example.com,Subject 292,"<div>¡Urgente! Necesitamos su respuesta inmediata.</div><br><p>Best regards,</p>",04/10/2026,Medium,None,1,ham,v1.0
298f663a-470f-4d20-87a6-6da24155a06a,user428@example.com,Subject 293,Attached is the invoice for last month.,06/04/2025,null,1,1,0,v1.0
88a5dd34-7ca9-4e7e-8bb4-a2b463f74686,user959@example.com,Subject 294,Attached is the invoice for last month.,09-08-2025,Medium,1,1,Legit,v1.0
fac2d477-48db-4c00-9517-0aa08f94e9f0,user501@example.com,Subject 295,WINNER! Claim your prize now at <a href='http://malware.com'>here</a>,14-08-2025,N/A,null,100,spam,v1.0
a557ea74-5f5a-4414-babe-e9465896dd0d,user187@example.com,Subject 296,Attached is the invoice for last month.,20-06-2025,High,1,100,ham,v1.0
f1ff7369-2000-4b27-932d-6ad49f259806,user507@example.com,Subject 297,"<div>¡Urgente! Necesitamos su respuesta inmediata.</div><br><p>Best regards,</p>",09-10-2025,null,null,5,1,v1.0
37d8ee7f-ef7a-49d2-9ae3-457f635484e6,user703@example.com,Subject 298,"Cheap meds, no prescription needed!!!",30-08-2025,High,None,5,SPAM,v1.0
8151d071-cd24-439a-a8b7-1d089268a179,user878@example.com,Subject 299,"Hello, we are interested in your profile.",2026-01-17T20:05:05.316381,Urgent!,None,1,SPAM,v1.0
5377c74f-614a-46ca-8ba7-ea596a3a20fc,user909@example.com,Subject 300,Meeting at 5pm? Let me know.,1764986705,Medium,None,1,spam,v1.0
7ff12840-4f61-44fd-9ebc-2911103a3fc1,user733@example.com,Subject 301,"<div>Bonjour, voici les documents demandés.</div><br><p>Best regards,</p>",11/11/2025,null,2,0,Ham,v1.0
71ec0f72-f136-4adc-bb4b-fa76ba0fbf32,user920@example.com,Subject 302,"Bonjour, voici les documents demandés.",21-07-2025,Medium,2,100,SPAM,v1.0
307af313-d829-47d6-af51-1e7862f790b8,user435@example.com,Subject 303,Attached is the invoice for last month.,1759712705,High,null,1,SPAM,v1.0
ac1a17f3-8780-4efc-a41f-dea985fc64fa,user680@example.com,Subject 304,"Bonjour, voici les documents demandés.",1767492305,Urgent!,0,5,1,v1.0
e3cd664f-a88d-4627-89df-09bf6bb6dca6,user256@example.com,Subject 305,"Bonjour, voici les documents demandés.",09/04/2025,High,null,10,0,v1.0
918e4c4a-0f9b-474d-9fbd-6538d875640c,user525@example.com,Subject 306,"<div>How have you been? It has been a long time.</div><br><p>Best regards,</p>",2026-04-25T20:05:05.316417,N/A,null,1,1,v1.0
972118a9-efb6-475c-95e9-310046205fe4,user428@example.com,Subject 307,Attached is the invoice for last month.,02-05-2025,null,2,0,SPAM,v1.0
8e6140f0-31ca-4866-88ef-83f58d57714d,user61@example.com,Subject 308,"<div>Bonjour, voici les documents demandés.</div><br><p>Best regards,</p>",30-04-2026,Low,null,10,Ham,v1.0
e8f246c5-777b-441a-9758-12dc4c282574,user590@example.com,Subject 309,How have you been? It has been a long time.,2025-05-28T20:05:05.316434,N/A,null,10,Ham,v1.0
9a3a77a9-4f8a-4a96-815d-9b98814a1ea8,user603@example.com,Subject 310,"Cheap meds, no prescription needed!!!",06/16/2025,Urgent!,1,100,ham,v1.0
be2c7a0b-0713-47c0-bfdf-ff23caa369d2,user450@example.com,Subject 311,"Hello, we are interested in your profile.",1749344705,High,2,5,s_p_a_m,v1.0
bf84c84e-d5f7-41b3-b110-7abd8972b05a,user879@example.com,Subject 312,"Hello, we are interested in your profile.",01-06-2025,Medium,-1,0,SPAM,v1.0
e083b384-cbcd-4748-8e40-981e5d7c0626,user610@example.com,Subject 313,Attached is the invoice for last month.,12-05-2025,Medium,-1,0,Legit,v1.0
37a37dac-cccd-46b7-94f6-d9c3c4f26f41,user530@example.com,Subject 314,Free money!!! Just click <b>&nbsp;this link&nbsp;</b>,1755997505,Urgent!,2,10,1,v1.0
6e2027da-5e45-4c5b-a1bb-fbeb41ed78fb,user108@example.com,Subject 315,Meeting at 5pm? Let me know.,2025-05-29T20:05:05.316464,High,-1,0,Legit,v1.0
a176b856-edd9-4e2e-9d90-241c2f3d0508,user707@example.com,Subject 316,"Hello, we are interested in your profile.",11/06/2025,Medium,-1,0,0,v1.0
81722b0a-b03d-43d9-8f76-4c4803055f0b,user84@example.com,Subject 317,"<div>WINNER! Claim your prize now at <a href='http://malware.com'>here</a></div><br><p>Best regards,</p>",02/04/2026,null,0,100,s_p_a_m,v1.0
9614578b-cceb-45fd-a858-c346cfc19f41,user656@example.com,Subject 318,Free money!!! Just click <b>&nbsp;this link&nbsp;</b>,2025-06-07T20:05:05.316479,N/A,1,0,spam,v1.0
4a28b88c-aab2-4991-8374-087f19f5b0fa,user991@example.com,Subject 319,Meeting at 5pm? Let me know.,2026-04-17T20:05:05.316484,High,null,0,spam,v1.0
5543474e-f2ec-4e74-bda3-ccca65c6d884,user751@example.com,Subject 320,"<div>Attached is the invoice for last month.</div><br><p>Best regards,</p>",1747530305,N/A,2,100,1,v1.0
520c675e-f037-42bb-b593-38bdb0a8c1d2,user344@example.com,Subject 321,WINNER! Claim your prize now at <a href='http://malware.com'>here</a>,27-09-2025,High,-1,10,0,v1.0
ec392e21-d0df-497a-aae3-a41f901d4af1,user623@example.com,Subject 322,"Hello, we are interested in your profile.",28-10-2025,Low,null,100,SPAM,v1.0
0cb5e79f-8739-41ab-8cf7-e08b12dee6b9,user681@example.com,Subject 323,WINNER! Claim your prize now at <a href='http://malware.com'>here</a>,02/02/2026,High,None,1,SPAM,v1.0
078a91fc-c73d-4601-9ba2-fa4c40a08a32,user401@example.com,Subject 324,How have you been? It has been a long time.,2025-08-26T20:05:05.316510,Low,1,5,Legit,v1.0
b1d88522-4f7f-41f8-a8d7-b0032c9ffdd9,user588@example.com,Subject 325,Free money!!! Just click <b>&nbsp;this link&nbsp;</b>,06/28/2025,null,2,5,Legit,v1.0
af3c51b7-1c67-492a-a8e6-fc93eab3e1c4,user791@example.com,Subject 326,"<div>¡Urgente! Necesitamos su respuesta inmediata.</div><br><p>Best regards,</p>",2025-07-15T20:05:05.316519,Low,2,1,Ham,v1.0
a90fc55e-6c83-4a5f-9358-c38d2a9c692a,user210@example.com,Subject 327,"Hello, we are interested in your profile.",2025-12-30T20:05:05.316524,Low,None,100,ham,v1.0
8c016041-110b-45fc-b067-03b536aad9d4,user965@example.com,Subject 328,"Cheap meds, no prescription needed!!!",10-03-2026,N/A,null,5,SPAM,v1.0
1c4477c9-644a-4fde-b1b9-5298ce71e4ef,user345@example.com,Subject 329,"<div>WINNER! Claim your prize now at <a href='http://malware.com'>here</a></div><br><p>Best regards,</p>",06-01-2026,Urgent!,1,1,1,v1.0
160448e8-02b3-48f5-b8aa-c0ccaf081add,user466@example.com,Subject 330,"<div>Your account has been suspended. Please login to verify.</div><br><p>Best regards,</p>",09/12/2025,N/A,-1,10,spam,v1.0
390f6f8c-358c-4810-95d8-9f4cfb8bdc42,user248@example.com,Subject 331,"Cheap meds, no prescription needed!!!",27-07-2025,null,null,100,0,v1.0
1e12bdb6-5bb1-405b-aa4f-fa226d4c5c35,user600@example.com,Subject 332,How have you been? It has been a long time.,2026-04-06T20:05:05.316550,High,null,100,Ham,v1.0
7cc03636-876b-47b0-bbc2-b5ff890d0b5d,user85@example.com,Subject 333,How have you been? It has been a long time.,11/07/2025,High,0,100,Ham,v1.0
4343e916-39cc-45de-8de8-4ff138b29bcd,user305@example.com,Subject 334,"<div>How have you been? It has been a long time.</div><br><p>Best regards,</p>",1762308305,Medium,1,1,Legit,v1.0
f81f7126-6f4b-4855-984e-116d0eafef47,user761@example.com,Subject 335,¡Urgente! Necesitamos su respuesta inmediata.,2025-11-09T20:05:05.316564,Medium,null,5,s_p_a_m,v1.0
a29958ee-07ef-43e3-bab9-9d242745439b,user866@example.com,Subject 336,How have you been? It has been a long time.,2026-01-10T20:05:05.316569,null,2,5,SPAM,v1.0
51bf14c8-df4d-4b37-8c04-5995a1d87296,user452@example.com,Subject 337,WINNER! Claim your prize now at <a href='http://malware.com'>here</a>,02/09/2026,Urgent!,-1,100,Legit,v1.0
fd7a9836-e851-4e0f-ba04-cd975ef1a6b8,user623@example.com,Subject 338,WINNER! Claim your prize now at <a href='http://malware.com'>here</a>,06/30/2025,Medium,null,5,Legit,v1.0
d5c139d9-8e66-426c-8a64-59c266f45f70,user801@example.com,Subject 339,"<div>Cheap meds, no prescription needed!!!</div><br><p>Best regards,</p>",2026-04-15T20:05:05.316585,High,1,1,Legit,v1.0
070b1062-682a-4c96-860e-4bf7f4c8a29a,user784@example.com,Subject 340,Your account has been suspended. Please login to verify.,2026-03-01T20:05:05.316590,N/A,0,0,spam,v1.0
eabae3e3-ec0d-4d16-aad9-67e4c65eaebe,user144@example.com,Subject 341,Meeting at 5pm? Let me know.,2026-04-05T20:05:05.316595,null,1,5,s_p_a_m,v1.0
14657833-54fc-41cf-b8c3-0268d334f267,user202@example.com,Subject 342,"<div>¡Urgente! Necesitamos su respuesta inmediata.</div><br><p>Best regards,</p>",1772503505,null,null,1,1,v1.0
d86f9bfb-87e4-4eee-b29f-afec196a4e09,user226@example.com,Subject 343,Meeting at 5pm? Let me know.,1749431105,Low,0,1,0,v1.0
8cc41224-7b8d-4b96-94d7-d154f6087e0c,user483@example.com,Subject 344,"<div>WINNER! Claim your prize now at <a href='http://malware.com'>here</a></div><br><p>Best regards,</p>",2025-12-03T20:05:05.316608,null,1,1,ham,v1.0
cab92e6e-f7bd-4348-9f6d-a0efe7dd47d7,user550@example.com,Subject 345,"<div>¡Urgente! Necesitamos su respuesta inmediata.</div><br><p>Best regards,</p>",1772849105,N/A,2,5,s_p_a_m,v1.0
81a6521c-a699-4f62-b688-85cc4427ef8d,user906@example.com,Subject 346,"Bonjour, voici les documents demandés.",1769393105,Urgent!,1,0,s_p_a_m,v1.0
30ff58bd-3af2-4df2-a1f8-e9223a909f1e,user591@example.com,Subject 347,"<div>How have you been? It has been a long time.</div><br><p>Best regards,</p>",03/12/2026,Urgent!,0,0,1,v1.0
1308ed0b-585b-4875-976b-e4fe514e8f63,user986@example.com,Subject 348,"Cheap meds, no prescription needed!!!",02/06/2026,High,1,0,Legit,v1.0
c18d5c56-da30-42dd-959d-c9317ea0fa10,user89@example.com,Subject 349,¡Urgente! Necesitamos su respuesta inmediata.,1765332305,Urgent!,2,1,s_p_a_m,v1.0
b74ce9f6-67f3-40a1-bef9-639885817caf,user871@example.com,Subject 350,Attached is the invoice for last month.,09/08/2025,Urgent!,-1,5,Ham,v1.0
2dcaa080-23c4-42cf-9ab2-84daef066885,user920@example.com,Subject 351,"Cheap meds, no prescription needed!!!",06/09/2025,Urgent!,1,10,1,v1.0
afeb017e-71b2-4140-9ef6-c55351f4996a,user695@example.com,Subject 352,Your account has been suspended. Please login to verify.,26-06-2025,N/A,null,5,SPAM,v1.0
82e8d20e-5da6-4a99-aad7-96e19b82a9e8,user493@example.com,Subject 353,"<div>Cheap meds, no prescription needed!!!</div><br><p>Best regards,</p>",2026-04-10T20:05:05.316715,Medium,1,100,s_p_a_m,v1.0
4d7dd3eb-f84e-451e-a032-5daef828c971,user982@example.com,Subject 354,"Hello, we are interested in your profile.",07/25/2025,Urgent!,-1,1,0,v1.0
33b9e324-306d-4ec0-a5f6-3edae2169188,user351@example.com,Subject 355,"<div>Free money!!! Just click <b>&nbsp;this link&nbsp;</b></div><br><p>Best regards,</p>",2025-12-28T20:05:05.316731,High,0,100,SPAM,v1.0
6be25fbb-09c1-4c9c-8edb-c2946dac6154,user264@example.com,Subject 356,¡Urgente! Necesitamos su respuesta inmediata.,1763258705,High,-1,5,spam,v1.0
f1345ab3-c670-49fe-8aea-d53b15e69b6b,user570@example.com,Subject 357,"<div>Your account has been suspended. Please login to verify.</div><br><p>Best regards,</p>",25-02-2026,N/A,-1,10,ham,v1.0
3adcb24f-6584-4717-ab55-3d1d702e8266,user838@example.com,Subject 358,¡Urgente! Necesitamos su respuesta inmediata.,15-06-2025,Medium,1,10,s_p_a_m,v1.0
2eee545a-b70e-4dbe-b430-776cd4e29664,user313@example.com,Subject 359,"Cheap meds, no prescription needed!!!",06/23/2025,null,None,10,ham,v1.0
f50e7875-6f3f-420a-a3b0-c8eee85f9b4c,user587@example.com,Subject 360,¡Urgente! Necesitamos su respuesta inmediata.,02/20/2026,Medium,0,5,Ham,v1.0
8db5e67c-4e1e-43d6-8dfe-fe7b61cf8a58,user335@example.com,Subject 361,"Cheap meds, no prescription needed!!!",2026-03-28T20:05:05.316764,High,-1,0,0,v1.0
fd7bfbe0-413f-4b06-8d17-5a2292763e70,user557@example.com,Subject 362,Your account has been suspended. Please login to verify.,2025-05-04T20:05:05.316769,High,null,10,SPAM,v1.0
cf576298-3071-4362-a756-d244878d292a,user589@example.com,Subject 363,"Hello, we are interested in your profile.",2026-02-27T20:05:05.316774,null,-1,0,0,v1.0
c7ed9197-3d71-4fbf-94dd-40b8109af494,user697@example.com,Subject 364,WINNER! Claim your prize now at <a href='http://malware.com'>here</a>,07-07-2025,null,2,100,1,v1.0
f8ceaa5e-51f5-4905-8530-ea9e91407713,user116@example.com,Subject 365,"Bonjour, voici les documents demandés.",2025-11-26T20:05:05.316784,Low,2,1,spam,v1.0
bf28ae76-c76d-4d52-ab10-3d8831a7cd2c,user898@example.com,Subject 366,"<div>Your account has been suspended. Please login to verify.</div><br><p>Best regards,</p>",2025-10-13T20:05:05.316789,null,1,10,SPAM,v1.0
c39c5af5-e940-4e0b-962a-9aaeb7693f5c,user493@example.com,Subject 367,Your account has been suspended. Please login to verify.,01-08-2025,Medium,-1,1,0,v1.0
250a88b2-6469-4c11-ba99-c9ebc9f75e39,user523@example.com,Subject 368,Attached is the invoice for last month.,08-11-2025,High,2,0,0,v1.0
94e2f511-486c-4729-9fa7-7bf39f0077a4,user715@example.com,Subject 369,How have you been? It has been a long time.,2025-12-15T20:05:05.316804,Medium,None,100,0,v1.0
77488afb-2dc8-47ec-9abe-c0b2fcc195a7,user427@example.com,Subject 370,"Cheap meds, no prescription needed!!!",1762913105,N/A,2,0,Ham,v1.0
a92b91bf-1641-478f-8b5d-13af29664b19,user951@example.com,Subject 371,"Cheap meds, no prescription needed!!!",1757466305,Medium,null,1,spam,v1.0
0c8c3165-8223-4836-a484-be0146a39550,user916@example.com,Subject 372,WINNER! Claim your prize now at <a href='http://malware.com'>here</a>,2025-10-18T20:05:05.316822,null,2,1,1,v1.0
2dbcc73d-d9ce-4dec-ab63-7e903139fc34,user382@example.com,Subject 373,"<div>Cheap meds, no prescription needed!!!</div><br><p>Best regards,</p>",2026-03-22T20:05:05.316826,Low,null,10,ham,v1.0
6549e797-2e10-4bb7-b63f-ddc4710c475b,user27@example.com,Subject 374,How have you been? It has been a long time.,2025-06-14T20:05:05.316831,Medium,2,10,spam,v1.0
f31a0375-fd20-4676-9035-d7a274832c51,user8@example.com,Subject 375,"Bonjour, voici les documents demandés.",02-07-2025,High,null,100,spam,v1.0
205be4ab-87c6-4ef0-9b45-4ebe2a63c7cd,user202@example.com,Subject 376,"Cheap meds, no prescription needed!!!",20-08-2025,Urgent!,null,1,Ham,v1.0
48ad90d1-169c-4476-b473-b179b70625e8,user573@example.com,Subject 377,¡Urgente! Necesitamos su respuesta inmediata.,2025-11-02T20:05:05.316846,null,1,0,Legit,v1.0
5c05c066-74d8-485a-8579-af15dc3e879b,user70@example.com,Subject 378,Your account has been suspended. Please login to verify.,1762740305,Medium,-1,1,SPAM,v1.0
2ac27f9c-916c-47d2-8a63-65495e9f9a43,user831@example.com,Subject 379,How have you been? It has been a long time.,07-06-2025,Low,1,5,s_p_a_m,v1.0
d4525838-79be-4bd3-968f-0e6a36e6fa3b,user212@example.com,Subject 380,"<div>WINNER! Claim your prize now at <a href='http://malware.com'>here</a></div><br><p>Best regards,</p>",2026-01-28T20:05:05.316860,N/A,2,100,0,v1.0
0e73a725-e5a9-4680-b32e-fed8c9422963,user235@example.com,Subject 381,Meeting at 5pm? Let me know.,25-07-2025,Medium,1,0,1,v1.0
718b8fa2-4e83-4abe-8d36-8dc974741f23,user79@example.com,Subject 382,"<div>Attached is the invoice for last month.</div><br><p>Best regards,</p>",09-01-2026,High,-1,0,SPAM,v1.0
091d92c9-e5c7-45da-9cf4-edfd24cdd4c0,user570@example.com,Subject 383,How have you been? It has been a long time.,2025-10-26T20:05:05.316876,null,-1,0,SPAM,v1.0
d3e2cd19-4ac6-4086-8f57-cd5f18ea405e,user419@example.com,Subject 384,"<div>Attached is the invoice for last month.</div><br><p>Best regards,</p>",2026-03-26T20:05:05.316880,Low,-1,5,1,v1.0
b0d7fbec-c935-4b89-99d4-fa5d260509ff,user234@example.com,Subject 385,How have you been? It has been a long time.,2025-09-09T20:05:05.316885,High,1,0,Legit,v1.0
f238b11b-0590-46c0-8857-24cc88c7016d,user388@example.com,Subject 386,Free money!!! Just click <b>&nbsp;this link&nbsp;</b>,1769997905,Medium,null,10,Legit,v1.0
a01bb5c1-49b5-494d-9190-308b8ddd58bf,user277@example.com,Subject 387,WINNER! Claim your prize now at <a href='http://malware.com'>here</a>,15-12-2025,Low,None,5,0,v1.0
cea2c836-40da-4b63-b7a3-5b5f8263e6e9,user376@example.com,Subject 388,How have you been? It has been a long time.,07/29/2025,Low,-1,1,s_p_a_m,v1.0
af025b59-909f-4e5e-887c-6744a4f1223a,user81@example.com,Subject 389,"<div>Cheap meds, no prescription needed!!!</div><br><p>Best regards,</p>",09/09/2025,null,-1,100,1,v1.0
868c5bf8-ce6d-4bd9-aea5-62180193f841,user942@example.com,Subject 390,"<div>Bonjour, voici les documents demandés.</div><br><p>Best regards,</p>",2026-02-09T20:05:05.316911,N/A,0,5,1,v1.0
1dc766f1-1022-4d66-a89a-a21bca04451e,user118@example.com,Subject 391,"Hello, we are interested in your profile.",1766369105,Medium,-1,1,1,v1.0
7223391b-911a-4690-a4f0-ced30e8a7331,user927@example.com,Subject 392,Meeting at 5pm? Let me know.,1771639505,High,-1,100,0,v1.0
8462eea0-1f5a-49ba-86a0-19121fe0f06d,user296@example.com,Subject 393,"<div>Meeting at 5pm? Let me know.</div><br><p>Best regards,</p>",2025-06-09T20:05:05.316926,Urgent!,0,10,Legit,v1.0
a2f95993-5b60-476e-aa1d-033ef6a8bef7,user130@example.com,Subject 394,"<div>Free money!!! Just click <b>&nbsp;this link&nbsp;</b></div><br><p>Best regards,</p>",2026-01-02T20:05:05.316931,Medium,0,10,spam,v1.0
955e9d44-2190-4321-adb2-2f2975a49955,user688@example.com,Subject 395,"Cheap meds, no prescription needed!!!",2025-06-12T20:05:05.316935,N/A,null,5,spam,v1.0
7c748530-11f5-44f9-9df6-cf4be73febc1,user298@example.com,Subject 396,Attached is the invoice for last month.,2026-01-01T20:05:05.316940,Low,null,0,spam,v1.0
0235133f-821a-4ad1-9402-6ad5c637421a,user190@example.com,Subject 397,Free money!!! Just click <b>&nbsp;this link&nbsp;</b>,2025-07-29T20:05:05.316944,N/A,null,1,0,v1.0
50914d0c-49f0-42d1-a9d2-805b51cba490,user981@example.com,Subject 398,"<div>Your account has been suspended. Please login to verify.</div><br><p>Best regards,</p>",07-04-2026,Medium,None,1,spam,v1.0
fd5a8dee-47c0-4816-942d-1905e172d79f,user214@example.com,Subject 399,"<div>How have you been? It has been a long time.</div><br><p>Best regards,</p>",2025-06-06T20:05:05.316954,Urgent!,0,1,Ham,v1.0
a64645d8-f787-4c1f-8415-e5ae35825ffa,user12@example.com,Subject 400,"<div>Meeting at 5pm? Let me know.</div><br><p>Best regards,</p>",2025-05-14T20:05:05.316959,null,1,100,spam,v1.0
ef73fdd2-84fb-4170-b665-a543882a729e,user189@example.com,Subject 401,"<div>Hello, we are interested in your profile.</div><br><p>Best regards,</p>",22-07-2025,N/A,null,10,Legit,v1.0
71135840-bb8e-4b26-899b-2022feef77b4,user46@example.com,Subject 402,"<div>Meeting at 5pm? Let me know.</div><br><p>Best regards,</p>",1746147905,Urgent!,0,5,ham,v1.0
40fd1661-f910-4ac2-8d16-ca939b1758da,user137@example.com,Subject 403,Free money!!! Just click <b>&nbsp;this link&nbsp;</b>,2025-07-04T20:05:05.316973,Urgent!,-1,10,ham,v1.0
a6a3ce16-e3a1-4bc2-9a98-0a9a739f0492,user696@example.com,Subject 404,"Cheap meds, no prescription needed!!!",2025-11-06T20:05:05.316978,High,1,10,s_p_a_m,v1.0
e2ca80dd-be79-45ba-abfe-53c7acce2801,user637@example.com,Subject 405,"<div>WINNER! Claim your prize now at <a href='http://malware.com'>here</a></div><br><p>Best regards,</p>",03/07/2026,Low,2,0,SPAM,v1.0
ce22d279-0781-4564-b0bf-fecaa0166b25,user619@example.com,Subject 406,How have you been? It has been a long time.,25-12-2025,Medium,null,100,Legit,v1.0
e949c31d-c5e3-47e7-8afa-b695e81f632a,user240@example.com,Subject 407,"<div>WINNER! Claim your prize now at <a href='http://malware.com'>here</a></div><br><p>Best regards,</p>",2025-05-31T20:05:05.316994,Urgent!,0,0,ham,v1.0
e823c2d1-9540-4ebc-b7cb-05b8f6dfc5af,user364@example.com,Subject 408,"<div>Hello, we are interested in your profile.</div><br><p>Best regards,</p>",02/27/2026,Urgent!,1,0,spam,v1.0
985adce2-063f-45fc-aa93-991f24c21f78,user102@example.com,Subject 409,Your account has been suspended. Please login to verify.,1769652305,N/A,1,10,spam,v1.0
2859ac06-bbe0-4070-8601-553069669f55,user64@example.com,Subject 410,¡Urgente! Necesitamos su respuesta inmediata.,02/07/2026,Urgent!,None,5,ham,v1.0
d58c7445-59e8-402b-a6d4-9c05148e6a0e,user979@example.com,Subject 411,"Cheap meds, no prescription needed!!!",1770775505,Medium,0,5,Ham,v1.0
b6e482f4-7e66-466d-9aec-9068b7d0f12b,user18@example.com,Subject 412,¡Urgente! Necesitamos su respuesta inmediata.,26-05-2025,High,2,0,spam,v1.0
0b0c0ffe-966a-4132-a62a-98b523065fb6,user75@example.com,Subject 413,Free money!!! Just click <b>&nbsp;this link&nbsp;</b>,21-09-2025,Urgent!,1,0,Ham,v1.0
6149b328-8b1c-4fd7-81d0-2a88904dbd86,user996@example.com,Subject 414,Meeting at 5pm? Let me know.,02/08/2026,Urgent!,null,100,s_p_a_m,v1.0
311101a3-0d10-4b79-aa9e-8ce767ecd07c,user383@example.com,Subject 415,¡Urgente! Necesitamos su respuesta inmediata.,04-06-2025,null,None,5,SPAM,v1.0
1635c943-c632-4df0-847e-4d187b748c3c,user149@example.com,Subject 416,How have you been? It has been a long time.,1773536705,Medium,null,0,spam,v1.0
0e0fe24e-115d-420f-ba04-9d6188dc73c8,user731@example.com,Subject 417,Free money!!! Just click <b>&nbsp;this link&nbsp;</b>,30-01-2026,Urgent!,1,5,s_p_a_m,v1.0
b69d18cb-10d1-4775-bb13-ed15997c0390,user212@example.com,Subject 418,Free money!!! Just click <b>&nbsp;this link&nbsp;</b>,08/05/2025,N/A,1,5,0,v1.0
75ead480-ba1e-4808-b98a-494208ce4c21,user15@example.com,Subject 419,"<div>Attached is the invoice for last month.</div><br><p>Best regards,</p>",11/08/2025,N/A,1,5,s_p_a_m,v1.0
d0d088b2-dcba-4563-b901-1263b6543501,user749@example.com,Subject 420,Attached is the invoice for last month.,2026-04-17T20:05:05.317059,Urgent!,null,100,0,v1.0
b16e7b93-6d5b-47cd-b733-e2e10fd367f7,user277@example.com,Subject 421,WINNER! Claim your prize now at <a href='http://malware.com'>here</a>,2025-11-26T20:05:05.317064,Urgent!,0,100,Ham,v1.0
b52f487e-ff39-4994-bfb1-d0789f6fadca,user503@example.com,Subject 422,"<div>Free money!!! Just click <b>&nbsp;this link&nbsp;</b></div><br><p>Best regards,</p>",10/18/2025,null,-1,0,ham,v1.0
07988c31-461b-4778-8796-a78571b43f91,user700@example.com,Subject 423,"<div>Cheap meds, no prescription needed!!!</div><br><p>Best regards,</p>",2025-07-27T20:05:05.317075,Urgent!,-1,5,Ham,v1.0
77bc68f1-8706-43b8-9fc3-54e43fa25af2,user334@example.com,Subject 424,"<div>Attached is the invoice for last month.</div><br><p>Best regards,</p>",1763172305,null,null,0,0,v1.0
e1370546-507b-49c9-a006-716967d27179,user333@example.com,Subject 425,WINNER! Claim your prize now at <a href='http://malware.com'>here</a>,21-02-2026,Medium,null,10,s_p_a_m,v1.0
76d1b018-fcf3-488a-bef6-93a7afe455d6,user892@example.com,Subject 426,Free money!!! Just click <b>&nbsp;this link&nbsp;</b>,2025-11-09T20:05:05.317089,null,-1,1,Legit,v1.0
1eabe7ce-d5c0-42b5-94c0-e03407b7d6c3,user9@example.com,Subject 427,How have you been? It has been a long time.,1774141505,Medium,null,0,SPAM,v1.0
ed7f7c58-bf05-4f48-829d-660734162af3,user677@example.com,Subject 428,"Cheap meds, no prescription needed!!!",1759712705,Medium,2,5,Legit,v1.0
fad304af-137f-4018-96f4-0198dbc0e64d,user515@example.com,Subject 429,"<div>WINNER! Claim your prize now at <a href='http://malware.com'>here</a></div><br><p>Best regards,</p>",10/01/2025,High,0,100,1,v1.0
d60df07b-4d70-4e23-8a8f-35841fb2c8ef,user90@example.com,Subject 430,Your account has been suspended. Please login to verify.,03/24/2026,Low,None,100,1,v1.0
52c7c73d-3f26-4284-930e-f5682fd0ee1a,user484@example.com,Subject 431,"Bonjour, voici les documents demandés.",03/16/2026,N/A,None,0,Legit,v1.0
d548fa63-7032-498c-bb9d-a2159db1003b,user78@example.com,Subject 432,Attached is the invoice for last month.,1748912705,Urgent!,null,5,1,v1.0
352c0cf9-56ea-4a31-8068-ac928bab6265,user969@example.com,Subject 433,Free money!!! Just click <b>&nbsp;this link&nbsp;</b>,1764122705,null,null,0,SPAM,v1.0
cbc43120-1b5e-4b06-aed0-2b699a083064,user200@example.com,Subject 434,"<div>Hello, we are interested in your profile.</div><br><p>Best regards,</p>",02-03-2026,Low,-1,1,spam,v1.0
366fce37-dcbe-4bf9-aea9-2efc2e7854ae,user404@example.com,Subject 435,"<div>Attached is the invoice for last month.</div><br><p>Best regards,</p>",29-08-2025,null,-1,0,1,v1.0
282cba2f-2dc5-4805-b515-ddf7afb3ffa0,user549@example.com,Subject 436,"<div>Free money!!! Just click <b>&nbsp;this link&nbsp;</b></div><br><p>Best regards,</p>",1773191105,null,null,0,Ham,v1.0
fe3904c7-1dc7-4d37-925a-e2fb7bc6edea,user779@example.com,Subject 437,Free money!!! Just click <b>&nbsp;this link&nbsp;</b>,2025-06-26T20:05:05.317142,High,1,1,s_p_a_m,v1.0
b6725f8d-3920-4a0b-aace-f3ab23527c48,user279@example.com,Subject 438,¡Urgente! Necesitamos su respuesta inmediata.,2025-11-10T20:05:05.317147,null,2,5,1,v1.0
9dc2e808-056e-4a25-98d2-ab875d49a27f,user995@example.com,Subject 439,Meeting at 5pm? Let me know.,05/16/2025,Low,-1,0,1,v1.0
2d052e59-b15f-43ed-aae2-c90ce3e002d5,user375@example.com,Subject 440,"<div>WINNER! Claim your prize now at <a href='http://malware.com'>here</a></div><br><p>Best regards,</p>",11/02/2025,Medium,0,10,Legit,v1.0
0a2a497c-dfb5-42e1-8aa5-fed9aa5cb6b0,user529@example.com,Subject 441,"Bonjour, voici les documents demandés.",1749517505,High,-1,100,spam,v1.0
8477f4a5-09f0-4661-86f8-2587b8a4ab65,user169@example.com,Subject 442,Attached is the invoice for last month.,04/30/2026,null,0,0,spam,v1.0
6b58bf86-8717-40c3-8718-13381ea17f0f,user839@example.com,Subject 443,How have you been? It has been a long time.,1769133905,Low,null,0,Ham,v1.0
994ab275-d295-4d3b-8f47-7e35298a1f23,user475@example.com,Subject 444,Free money!!! Just click <b>&nbsp;this link&nbsp;</b>,1766369105,Medium,-1,100,ham,v1.0
adcfc82b-3cf6-4419-8fee-321ffafa1047,user362@example.com,Subject 445,"<div>¡Urgente! Necesitamos su respuesta inmediata.</div><br><p>Best regards,</p>",2026-03-06T20:05:05.317181,Low,-1,5,Legit,v1.0
9230dd6a-ffc1-4bf8-98eb-0747f2232dd2,user116@example.com,Subject 446,How have you been? It has been a long time.,2025-05-10T20:05:05.317185,Medium,1,10,ham,v1.0
3f688548-4239-4f59-9ab9-5ddda19331ea,user467@example.com,Subject 447,"Cheap meds, no prescription needed!!!",1775610305,N/A,0,5,0,v1.0
2c4dc9e1-4cae-40be-a913-946064061784,user926@example.com,Subject 448,Your account has been suspended. Please login to verify.,2025-09-06T20:05:05.317194,null,-1,5,ham,v1.0
8ce88d87-73e7-4539-bf1c-f5cc3793a44b,user302@example.com,Subject 449,"Cheap meds, no prescription needed!!!",18-10-2025,N/A,1,100,s_p_a_m,v1.0
aa9dde83-5f57-4c48-89b9-d9e7338e4f7f,user233@example.com,Subject 450,¡Urgente! Necesitamos su respuesta inmediata.,2026-01-11T20:05:05.317203,High,-1,5,1,v1.0
168510ab-ca6a-4935-b924-c7815cf89ca3,user895@example.com,Subject 451,"<div>How have you been? It has been a long time.</div><br><p>Best regards,</p>",05/17/2025,High,1,1,0,v1.0
a03d3f5d-8ab3-4415-9888-65a1940aa7ec,user98@example.com,Subject 452,"<div>¡Urgente! Necesitamos su respuesta inmediata.</div><br><p>Best regards,</p>",1777251905,N/A,null,0,s_p_a_m,v1.0
148e16c3-f71c-4a5b-a0c8-26ad387393e4,user560@example.com,Subject 453,Free money!!! Just click <b>&nbsp;this link&nbsp;</b>,2025-10-07T20:05:05.317217,Medium,null,100,0,v1.0
d61ed00b-01df-48a5-8964-910e6dacb132,user971@example.com,Subject 454,How have you been? It has been a long time.,03-07-2025,Medium,None,0,SPAM,v1.0
531d6bee-45b6-4cc7-9da1-852c0c4feeae,user743@example.com,Subject 455,"Bonjour, voici les documents demandés.",02-10-2025,Low,2,100,Legit,v1.0
95135573-65ef-4a2b-a298-e49ce1a5af33,user868@example.com,Subject 456,Meeting at 5pm? Let me know.,20-08-2025,High,-1,5,Legit,v1.0
51c7fd2b-fc20-4991-a2fd-f7c137e17e55,user501@example.com,Subject 457,"<div>Cheap meds, no prescription needed!!!</div><br><p>Best regards,</p>",01-06-2025,Urgent!,null,10,spam,v1.0
807b8c11-1016-4f02-bce6-5a7d8511bbbd,user854@example.com,Subject 458,"Hello, we are interested in your profile.",05/25/2025,Low,2,10,SPAM,v1.0
d2164fce-5fba-42f7-8c68-e27475657b1b,user478@example.com,Subject 459,Meeting at 5pm? Let me know.,2025-11-24T20:05:05.317251,Low,-1,10,s_p_a_m,v1.0
de1be001-47c5-41c2-84e7-59ff841c5d88,user440@example.com,Subject 460,"Cheap meds, no prescription needed!!!",02/06/2026,Low,null,10,ham,v1.0
6834c75f-4b7b-4b18-a9d3-ffc4b6eea332,user26@example.com,Subject 461,¡Urgente! Necesitamos su respuesta inmediata.,2025-06-10T20:05:05.317261,Low,-1,0,0,v1.0
aead7e2d-8bc2-420a-a07f-c1c32da954f8,user739@example.com,Subject 462,WINNER! Claim your prize now at <a href='http://malware.com'>here</a>,2026-01-22T20:05:05.317265,High,0,1,Legit,v1.0
e846ecc6-a4b0-4e8e-aaa6-53af30d918b9,user796@example.com,Subject 463,"Cheap meds, no prescription needed!!!",1775696705,Medium,null,10,0,v1.0
bd19f306-d22a-4d35-a2dd-c27c599f9d2c,user886@example.com,Subject 464,WINNER! Claim your prize now at <a href='http://malware.com'>here</a>,2025-06-22T20:05:05.317274,N/A,-1,5,1,v1.0
872ba606-04af-47af-b9a1-82eab303a89b,user74@example.com,Subject 465,WINNER! Claim your prize now at <a href='http://malware.com'>here</a>,04/15/2026,Medium,-1,10,0,v1.0
aa2284fc-43ea-4f12-a986-13c04e5e2e47,user93@example.com,Subject 466,WINNER! Claim your prize now at <a href='http://malware.com'>here</a>,1762308305,null,null,1,0,v1.0
f49e7f73-d7b6-4a9b-a35e-873d80c09a7b,user860@example.com,Subject 467,Your account has been suspended. Please login to verify.,21-05-2025,Urgent!,1,10,spam,v1.0
9c8bd013-3a8e-4a8a-b6f3-e5dfa3f961e9,user464@example.com,Subject 468,"Bonjour, voici les documents demandés.",2025-05-12T20:05:05.317294,N/A,-1,5,Ham,v1.0
8784af63-de1c-471d-bd9d-8b20bde98ba3,user516@example.com,Subject 469,"Bonjour, voici les documents demandés.",02/18/2026,High,null,0,Legit,v1.0
a75841b9-b600-4804-9c40-120127033509,user227@example.com,Subject 470,Your account has been suspended. Please login to verify.,1763258705,N/A,1,10,Ham,v1.0
26d0c54a-f589-41ac-8a56-8acdc0cd2151,user843@example.com,Subject 471,Free money!!! Just click <b>&nbsp;this link&nbsp;</b>,01-10-2025,Low,-1,10,SPAM,v1.0
825168fa-344b-4fe5-9bb6-783753996cc1,user459@example.com,Subject 472,"Hello, we are interested in your profile.",1759453505,High,0,100,Ham,v1.0
353ab1f2-1ada-43a4-a65c-e69fac96f727,user286@example.com,Subject 473,Free money!!! Just click <b>&nbsp;this link&nbsp;</b>,2026-04-12T20:05:05.317318,High,-1,1,SPAM,v1.0
81ef0e2a-5393-4191-beb3-af0410dd5bb8,user798@example.com,Subject 474,"Bonjour, voici les documents demandés.",19-01-2026,Medium,-1,1,spam,v1.0
1317f917-60a0-46e4-a374-c0dc4886cb04,user39@example.com,Subject 475,"<div>Attached is the invoice for last month.</div><br><p>Best regards,</p>",1758675905,High,0,5,ham,v1.0
9fb441fa-6b41-474a-b73c-25de9b39efdf,user905@example.com,Subject 476,Attached is the invoice for last month.,1769825105,null,None,5,SPAM,v1.0
d2b9e37f-466f-4c4b-bb04-24d66f955d34,user278@example.com,Subject 477,"Hello, we are interested in your profile.",27-10-2025,High,1,5,spam,v1.0
197458cc-f33c-43b8-9a22-331fd6350190,user754@example.com,Subject 478,How have you been? It has been a long time.,1750813505,Medium,0,10,SPAM,v1.0
7611e8c1-ccb3-43b5-9477-dc488a093711,user336@example.com,Subject 479,Meeting at 5pm? Let me know.,02-02-2026,High,None,100,spam,v1.0
0b6b5a4d-ec54-4114-afb7-962312d1f541,user378@example.com,Subject 480,Free money!!! Just click <b>&nbsp;this link&nbsp;</b>,10/24/2025,High,0,10,1,v1.0
5f5c3aa4-9b30-4ca2-8678-24b7a500f143,user330@example.com,Subject 481,Meeting at 5pm? Let me know.,08/13/2025,Low,0,1,1,v1.0
c82202af-a699-4160-b1bb-d3ee598b01e9,user835@example.com,Subject 482,"<div>Free money!!! Just click <b>&nbsp;this link&nbsp;</b></div><br><p>Best regards,</p>",02/18/2026,N/A,1,0,Legit,v1.0
1a035c5f-a055-4d02-905c-52f89c5c211f,user927@example.com,Subject 483,Free money!!! Just click <b>&nbsp;this link&nbsp;</b>,2025-12-15T20:05:05.317367,null,None,100,SPAM,v1.0
e9bb566c-a871-43b5-b407-330da303d5ac,user195@example.com,Subject 484,Meeting at 5pm? Let me know.,1768529105,High,-1,1,s_p_a_m,v1.0
95fdfbc2-7916-4c21-bacf-e2d403fe3963,user986@example.com,Subject 485,WINNER! Claim your prize now at <a href='http://malware.com'>here</a>,01/08/2026,High,null,10,s_p_a_m,v1.0
26e1ea4a-8e65-452d-acfa-701bf487bc1e,user448@example.com,Subject 486,"<div>Attached is the invoice for last month.</div><br><p>Best regards,</p>",1764122705,null,2,0,ham,v1.0
2bb3a778-cce3-4db6-a909-4a6d2a1de3cc,user532@example.com,Subject 487,"<div>Bonjour, voici les documents demandés.</div><br><p>Best regards,</p>",09/18/2025,N/A,0,100,Ham,v1.0
cf3ab72c-4611-4e20-b765-318e7e8086d1,user581@example.com,Subject 488,Attached is the invoice for last month.,1763949905,N/A,-1,5,Ham,v1.0
e6413ac8-cd70-4da6-bda2-2a50fbadee66,user84@example.com,Subject 489,Your account has been suspended. Please login to verify.,09/24/2025,Low,1,1,s_p_a_m,v1.0
523b5456-1593-4178-b3fc-cdf24053cbba,user601@example.com,Subject 490,"Bonjour, voici les documents demandés.",1757207105,Urgent!,2,10,1,v1.0
6a96030d-c2f3-436e-ac31-1e479f92d415,user575@example.com,Subject 491,"Bonjour, voici les documents demandés.",1760403905,Urgent!,1,1,SPAM,v1.0
f9c33726-16f5-4fe7-b6ac-cc097b12a5fc,user467@example.com,Subject 492,"<div>Your account has been suspended. Please login to verify.</div><br><p>Best regards,</p>",2026-02-01T20:05:05.317409,null,2,1,Ham,v1.0
642f2011-6ce9-4494-9c79-405dda28ba5b,user657@example.com,Subject 493,"Hello, we are interested in your profile.",1776906305,High,-1,100,s_p_a_m,v1.0
8b322135-e2e7-48f7-af19-7f810b5f754c,user386@example.com,Subject 494,"Bonjour, voici les documents demandés.",02/24/2026,N/A,None,5,ham,v1.0
85596b34-588f-4ea9-92d6-2f2e0e13f188,user949@example.com,Subject 495,"Hello, we are interested in your profile.",05/16/2025,High,2,100,SPAM,v1.0
99c67351-4ce5-4238-a48c-a2812451abd0,user398@example.com,Subject 496,"Hello, we are interested in your profile.",2025-09-23T20:05:05.317428,Medium,0,10,1,v1.0
c73fb2e7-8776-42a0-887c-67ad48c82ea9,user834@example.com,Subject 497,"<div>Hello, we are interested in your profile.</div><br><p>Best regards,</p>",08/10/2025,Low,None,10,SPAM,v1.0
ef71c3c8-164b-4ffe-bacf-12e9acfbd2d1,user809@example.com,Subject 498,¡Urgente! Necesitamos su respuesta inmediata.,2026-04-28T20:05:05.317482,Urgent!,2,5,ham,v1.0
324c93a6-c524-4c50-ba51-09c714ce7908,user95@example.com,Subject 499,"Bonjour, voici les documents demandés.",01/27/2026,Low,null,5,1,v1.0
7d7d584f-1d1f-42f2-88bc-8ce8b8a127eb,user39@example.com,Subject 500,¡Urgente! Necesitamos su respuesta inmediata.,01-07-2025,Low,None,1,spam,v1.0
3cdfe848-6d56-432c-aee6-871459ca0f68,user232@example.com,Subject 501,"Bonjour, voici les documents demandés.",13-04-2026,Medium,None,5,s_p_a_m,v1.0
16d12a15-2bb8-4fe4-999a-d82ab029a021,user256@example.com,Subject 502,"Bonjour, voici les documents demandés.",04/03/2026,null,None,0,Legit,v1.0
0fbf9376-5ae3-4e3e-806f-791667045de3,user381@example.com,Subject 503,WINNER! Claim your prize now at <a href='http://malware.com'>here</a>,2026-04-09T20:05:05.317532,Urgent!,null,1,1,v1.0
20929a41-d5ba-4d6c-ad7c-1052b0483f82,user963@example.com,Subject 504,"Bonjour, voici les documents demandés.",1768442705,Medium,0,10,Legit,v1.0
ec2192b5-6932-41c1-83d8-d6e66359590f,user433@example.com,Subject 505,"<div>¡Urgente! Necesitamos su respuesta inmediata.</div><br><p>Best regards,</p>",2026-01-23T20:05:05.317547,High,None,10,SPAM,v1.0
95719cb4-9990-4980-a5b1-9e493aca67ae,user51@example.com,Subject 506,WINNER! Claim your prize now at <a href='http://malware.com'>here</a>,1764900305,Urgent!,null,5,1,v1.0
c1327a49-16bc-406b-8c37-805d4b61110f,user178@example.com,Subject 507,Attached is the invoice for last month.,2025-11-11T20:05:05.317556,null,None,5,1,v1.0
7e8e6d90-750a-4d27-81b1-887a5f936bd6,user474@example.com,Subject 508,"<div>Cheap meds, no prescription needed!!!</div><br><p>Best regards,</p>",02/18/2026,Urgent!,1,10,Legit,v1.0
291f263f-2d28-4389-9974-d9f72e78955a,user825@example.com,Subject 509,How have you been? It has been a long time.,04/01/2026,Urgent!,-1,0,1,v1.0
7f05fb46-a829-4d23-81d0-577aff79ddd2,user457@example.com,Subject 510,How have you been? It has been a long time.,2025-06-09T20:05:05.317572,Urgent!,2,0,ham,v1.0
b0e19861-0cd5-4f44-9156-fef9302c7ebe,user664@example.com,Subject 511,"<div>WINNER! Claim your prize now at <a href='http://malware.com'>here</a></div><br><p>Best regards,</p>",2026-04-16T20:05:05.317577,High,-1,5,spam,v1.0
f0e2949d-8292-4b82-89a6-27f13dcf09d6,user149@example.com,Subject 512,"<div>WINNER! Claim your prize now at <a href='http://malware.com'>here</a></div><br><p>Best regards,</p>",13-05-2025,null,0,5,ham,v1.0
5b8da9b3-d5ad-473a-acf6-3ff1ea767152,user673@example.com,Subject 513,"Bonjour, voici les documents demandés.",1773018305,null,null,5,Ham,v1.0
ac871de2-75b5-43fe-952c-be672138875a,user129@example.com,Subject 514,Attached is the invoice for last month.,2026-03-20T20:05:05.317593,Medium,0,100,0,v1.0
baccfc17-ffe2-4c23-a887-b21f04b7840e,user451@example.com,Subject 515,"Cheap meds, no prescription needed!!!",1766023505,null,2,100,1,v1.0
752d54a9-f54e-4d17-ad9f-3ff2626883ba,user678@example.com,Subject 516,WINNER! Claim your prize now at <a href='http://malware.com'>here</a>,2025-08-29T20:05:05.317602,Urgent!,0,100,0,v1.0
9a7b4128-45ab-4445-976b-29803ad9868c,user536@example.com,Subject 517,"<div>Free money!!! Just click <b>&nbsp;this link&nbsp;</b></div><br><p>Best regards,</p>",1763517905,Low,1,1,spam,v1.0
84b7664a-6769-435d-a12b-896ef8f0f500,user532@example.com,Subject 518,WINNER! Claim your prize now at <a href='http://malware.com'>here</a>,2025-07-20T20:05:05.317610,Low,null,0,spam,v1.0
8da765b2-cff6-400e-a339-01481dd01d4b,user820@example.com,Subject 519,"Hello, we are interested in your profile.",11/03/2025,Urgent!,null,0,Legit,v1.0
ce94b5a1-d4b0-4065-8663-f9bef58d29b5,user279@example.com,Subject 520,Free money!!! Just click <b>&nbsp;this link&nbsp;</b>,1750208705,Medium,1,1,Ham,v1.0
d7ff1251-9a34-425d-bed9-66902dfbf567,user575@example.com,Subject 521,"Cheap meds, no prescription needed!!!",01/28/2026,null,null,5,0,v1.0
35172946-28e4-417f-87cd-4daddbc559b0,user74@example.com,Subject 522,"Cheap meds, no prescription needed!!!",05/16/2025,Medium,-1,1,0,v1.0
3d797ab9-328a-4eb1-b47e-813756f6b80c,user710@example.com,Subject 523,"<div>Cheap meds, no prescription needed!!!</div><br><p>Best regards,</p>",2025-11-23T20:05:05.317637,N/A,0,100,1,v1.0
19672918-a765-4df4-9690-73b337a46b70,user405@example.com,Subject 524,WINNER! Claim your prize now at <a href='http://malware.com'>here</a>,19-08-2025,Urgent!,None,1,ham,v1.0
4daa5642-6377-496b-8eb5-3f3c1f1965f5,user788@example.com,Subject 525,¡Urgente! Necesitamos su respuesta inmediata.,1761354305,null,None,5,s_p_a_m,v1.0
e6c9b26c-50c1-4c99-b7e8-fca37f87d1fd,user424@example.com,Subject 526,"Hello, we are interested in your profile.",06/18/2025,Medium,-1,1,1,v1.0
c9cb4300-0c4d-430c-bd66-bbbc5498e963,user7@example.com,Subject 527,Your account has been suspended. Please login to verify.,05-06-2025,High,1,100,0,v1.0
c560a1f9-45a2-4aa8-8adc-18fbc45808e4,user894@example.com,Subject 528,"<div>Free money!!! Just click <b>&nbsp;this link&nbsp;</b></div><br><p>Best regards,</p>",2025-05-26T20:05:05.317721,Medium,2,5,ham,v1.0
2603f42f-84aa-4176-b430-20fc8a273689,user76@example.com,Subject 529,Attached is the invoice for last month.,2026-01-31T20:05:05.317741,Urgent!,1,1,s_p_a_m,v1.0
998372f4-dda7-49a1-af7d-1ca2c54a1078,user538@example.com,Subject 530,"Hello, we are interested in your profile.",03/29/2026,N/A,1,0,Ham,v1.0
288317b8-631d-43d1-9ea4-29d6a3732e44,user902@example.com,Subject 531,WINNER! Claim your prize now at <a href='http://malware.com'>here</a>,2025-04-30T20:05:05.317760,N/A,None,0,0,v1.0
e31bffc2-085d-4311-95f2-c27d36853a70,user712@example.com,Subject 532,"<div>Attached is the invoice for last month.</div><br><p>Best regards,</p>",1774487105,High,null,0,0,v1.0
6d5f9021-81a6-4e10-8f74-3e4e54bee8c9,user964@example.com,Subject 533,Your account has been suspended. Please login to verify.,11/09/2025,Medium,2,0,Legit,v1.0
2043ddc4-a5e5-4f87-be0b-1dbc90d8b298,user433@example.com,Subject 534,"<div>Bonjour, voici les documents demandés.</div><br><p>Best regards,</p>",2025-09-02T20:05:05.317777,Urgent!,None,5,Ham,v1.0
5c11285c-6bb0-4774-a1ff-69ecf94494a6,user546@example.com,Subject 535,WINNER! Claim your prize now at <a href='http://malware.com'>here</a>,2026-04-02T20:05:05.317782,Medium,0,5,SPAM,v1.0
5811c0e8-28f1-4da3-8647-c5b5ec71ec1d,user781@example.com,Subject 536,"Cheap meds, no prescription needed!!!",2025-12-19T20:05:05.317787,null,null,100,s_p_a_m,v1.0
f3d8bcdc-bf90-4c43-bf7c-68ddc5919a6c,user126@example.com,Subject 537,How have you been? It has been a long time.,06-08-2025,Urgent!,0,100,SPAM,v1.0
2cbf8b0e-6db9-4d5a-bc14-c89d0d4d84f1,user143@example.com,Subject 538,"<div>Attached is the invoice for last month.</div><br><p>Best regards,</p>",1771380305,Urgent!,-1,5,Legit,v1.0
e08c3456-f0c9-40d0-8c7e-e697614751a5,user369@example.com,Subject 539,Your account has been suspended. Please login to verify.,09/16/2025,High,1,100,1,v1.0
d9e0950d-4e1f-4150-a335-0c5e13ce3414,user737@example.com,Subject 540,"<div>Your account has been suspended. Please login to verify.</div><br><p>Best regards,</p>",1775264705,Medium,1,100,SPAM,v1.0
0bdd8013-573e-4490-aebe-25a4a6ff4c79,user750@example.com,Subject 541,How have you been? It has been a long time.,1770257105,null,null,100,Ham,v1.0
c2993db3-5611-45a0-b8f8-6dd72c8b96d3,user327@example.com,Subject 542,"<div>¡Urgente! Necesitamos su respuesta inmediata.</div><br><p>Best regards,</p>",01/06/2026,Urgent!,null,0,SPAM,v1.0
032b54dc-348c-417c-99dc-01cc73f1ed57,user560@example.com,Subject 543,Free money!!! Just click <b>&nbsp;this link&nbsp;</b>,17-02-2026,Medium,-1,5,s_p_a_m,v1.0
18f1a2d3-cca3-47e1-bd23-6c5e7747c72f,user763@example.com,Subject 544,WINNER! Claim your prize now at <a href='http://malware.com'>here</a>,1763863505,null,-1,5,s_p_a_m,v1.0
0f6eef94-8e21-49e6-b4e3-832198b7e45f,user598@example.com,Subject 545,"Hello, we are interested in your profile.",26-04-2026,N/A,2,100,Ham,v1.0
9769b5f4-0c81-4d26-9754-927fbdd65528,user163@example.com,Subject 546,Free money!!! Just click <b>&nbsp;this link&nbsp;</b>,1752800705,Medium,2,100,s_p_a_m,v1.0
7fdc703e-2a22-47df-a62a-587dd59e9326,user757@example.com,Subject 547,¡Urgente! Necesitamos su respuesta inmediata.,2025-08-22T20:05:05.317847,Low,1,0,spam,v1.0
322881e0-3fdc-4e01-bc32-43c98c7c447a,user603@example.com,Subject 548,Your account has been suspended. Please login to verify.,1759799105,High,1,5,s_p_a_m,v1.0
e5af7d25-a6a7-410c-8612-e9cb5338436c,user243@example.com,Subject 549,Your account has been suspended. Please login to verify.,16-01-2026,Urgent!,None,100,1,v1.0
9119b2f7-3f9b-4704-bde0-1f701acd7b6c,user900@example.com,Subject 550,"Bonjour, voici les documents demandés.",2025-06-09T20:05:05.317863,N/A,1,5,Legit,v1.0
54ae4172-9cdb-4556-a34d-cb32645db462,user937@example.com,Subject 551,WINNER! Claim your prize now at <a href='http://malware.com'>here</a>,2025-09-21T20:05:05.317868,N/A,-1,100,ham,v1.0
de831fd0-6923-4cff-a461-1de37177078e,user511@example.com,Subject 552,"<div>Cheap meds, no prescription needed!!!</div><br><p>Best regards,</p>",2025-11-24T20:05:05.317872,Medium,0,100,Legit,v1.0
8fd5437d-d730-4d2d-9590-e6ceafa47b00,user313@example.com,Subject 553,"Cheap meds, no prescription needed!!!",01-11-2025,Urgent!,0,100,SPAM,v1.0
725bd36e-c401-4983-a6c3-c40ea5abb325,user853@example.com,Subject 554,Your account has been suspended. Please login to verify.,03-10-2025,High,2,10,Ham,v1.0
824679ff-cfe6-4149-a2ad-f71c63a783a1,user750@example.com,Subject 555,Your account has been suspended. Please login to verify.,1770689105,Urgent!,1,5,spam,v1.0
707f9a5f-c93c-4179-bbb3-3ab3d5e537f0,user895@example.com,Subject 556,Free money!!! Just click <b>&nbsp;this link&nbsp;</b>,2025-07-03T20:05:05.317892,N/A,1,5,SPAM,v1.0
723c955b-11b3-4177-bc01-f0d975449c80,user672@example.com,Subject 557,Free money!!! Just click <b>&nbsp;this link&nbsp;</b>,07/07/2025,Urgent!,0,100,ham,v1.0
6738d557-cf6f-44c1-a4b0-c125fd66c48c,user963@example.com,Subject 558,¡Urgente! Necesitamos su respuesta inmediata.,1749949505,null,-1,5,SPAM,v1.0
d5face6c-ba69-418c-a53a-30b042d7b3f6,user610@example.com,Subject 559,¡Urgente! Necesitamos su respuesta inmediata.,04/25/2026,Medium,null,10,Ham,v1.0
1218c568-4f51-4bb3-85de-c7794f8b434f,user759@example.com,Subject 560,"<div>Your account has been suspended. Please login to verify.</div><br><p>Best regards,</p>",25-12-2025,Urgent!,None,1,1,v1.0
b80835b7-bdb5-499b-a579-4fd7676b3ebd,user817@example.com,Subject 561,WINNER! Claim your prize now at <a href='http://malware.com'>here</a>,21-02-2026,Urgent!,1,0,spam,v1.0
6de5afc1-27db-4266-9686-29289496e5aa,user287@example.com,Subject 562,"<div>WINNER! Claim your prize now at <a href='http://malware.com'>here</a></div><br><p>Best regards,</p>",27-04-2026,High,0,0,spam,v1.0
9a701e35-d4d4-431d-af81-a2615cfd2a95,user86@example.com,Subject 563,WINNER! Claim your prize now at <a href='http://malware.com'>here</a>,2025-11-24T20:05:05.317968,null,1,10,0,v1.0
ee13c044-13f1-47f4-b948-4dcab3e00c31,user544@example.com,Subject 564,How have you been? It has been a long time.,09/05/2025,N/A,null,10,Ham,v1.0
9032e239-f5b4-493f-abe0-c38528e87ea8,user466@example.com,Subject 565,"Cheap meds, no prescription needed!!!",2026-01-07T20:05:05.317982,Low,2,1,ham,v1.0
a1e8b5a6-be0b-4a94-91fb-302f1e5ea0ee,user989@example.com,Subject 566,"Bonjour, voici les documents demandés.",03/01/2026,null,1,100,SPAM,v1.0
68900612-f5b0-47b1-bd35-9a76e19da727,user270@example.com,Subject 567,Your account has been suspended. Please login to verify.,22-07-2025,High,0,100,Legit,v1.0
b792a64f-9eb2-4ffa-b5a2-d4bcd31d76b4,user328@example.com,Subject 568,"Hello, we are interested in your profile.",1771898705,Medium,0,1,ham,v1.0
b5691abd-9d53-4970-b9ff-c0d80dc0be91,user513@example.com,Subject 569,WINNER! Claim your prize now at <a href='http://malware.com'>here</a>,1763517905,Low,-1,100,ham,v1.0
4e4006ab-654f-4e83-b38a-9f6b8f1c53e9,user968@example.com,Subject 570,Free money!!! Just click <b>&nbsp;this link&nbsp;</b>,1770170705,Urgent!,2,1,spam,v1.0
d5112167-a922-4963-bf40-582936ca1d0c,user699@example.com,Subject 571,Attached is the invoice for last month.,1747443905,Urgent!,2,1,s_p_a_m,v1.0
607d899a-8a4e-4d48-8124-1252e8bf9223,user504@example.com,Subject 572,Your account has been suspended. Please login to verify.,06/25/2025,N/A,None,0,s_p_a_m,v1.0
dda61f54-ac26-488b-adb4-76b4e9c31fda,user755@example.com,Subject 573,"<div>How have you been? It has been a long time.</div><br><p>Best regards,</p>",16-04-2026,Medium,1,1,s_p_a_m,v1.0
1591eba5-3142-4e59-b16b-3d64e70a032a,user944@example.com,Subject 574,"<div>Hello, we are interested in your profile.</div><br><p>Best regards,</p>",2026-01-12T20:05:05.318034,Medium,2,100,SPAM,v1.0
5bcd8b11-338f-45e0-a512-b2ebed777f2b,user368@example.com,Subject 575,¡Urgente! Necesitamos su respuesta inmediata.,2025-07-22T20:05:05.318039,N/A,2,100,SPAM,v1.0
a8ff0f9a-967c-43f8-984d-bd6b86608509,user243@example.com,Subject 576,"<div>WINNER! Claim your prize now at <a href='http://malware.com'>here</a></div><br><p>Best regards,</p>",02/18/2026,Low,null,0,ham,v1.0
0b0f3b3e-7be1-4a5d-b2e8-9a75768514d9,user591@example.com,Subject 577,"Cheap meds, no prescription needed!!!",1767665105,Low,None,1,Legit,v1.0
51d9ef53-b2db-49aa-a083-c92fc038bda5,user858@example.com,Subject 578,"Hello, we are interested in your profile.",2025-09-25T20:05:05.318054,Medium,None,5,spam,v1.0
4e3fd8bf-beeb-4487-a48c-b22656e1263b,user792@example.com,Subject 579,"<div>Cheap meds, no prescription needed!!!</div><br><p>Best regards,</p>",2026-01-21T20:05:05.318059,Low,null,5,Ham,v1.0
407c349e-6f75-4aa4-9844-7c0a2ed0c5c0,user805@example.com,Subject 580,"<div>How have you been? It has been a long time.</div><br><p>Best regards,</p>",02/23/2026,Urgent!,0,1,spam,v1.0
e291d9d6-df96-4255-9f06-b235d5949578,user437@example.com,Subject 581,"<div>Your account has been suspended. Please login to verify.</div><br><p>Best regards,</p>",11/13/2025,High,null,1,0,v1.0
83ace658-f530-449a-b72f-f299d421423c,user404@example.com,Subject 582,"Hello, we are interested in your profile.",1768183505,High,-1,100,Legit,v1.0
2865572e-6e16-4c02-b844-0150a3c05672,user379@example.com,Subject 583,"<div>Bonjour, voici les documents demandés.</div><br><p>Best regards,</p>",01/18/2026,Urgent!,None,100,0,v1.0
ed6cfbbe-f2c9-4a9f-ad23-24e8f5f4a3fa,user841@example.com,Subject 584,¡Urgente! Necesitamos su respuesta inmediata.,2025-09-20T20:05:05.318084,null,2,10,Ham,v1.0
a46b3dbd-372c-4062-905f-48775b42dbb5,user433@example.com,Subject 585,"Cheap meds, no prescription needed!!!",2025-09-18T20:05:05.318089,N/A,2,0,0,v1.0
f413e202-27b4-4fb5-ba72-224166ca1bb4,user558@example.com,Subject 586,"<div>Your account has been suspended. Please login to verify.</div><br><p>Best regards,</p>",1777251905,Low,1,10,Legit,v1.0
43123455-8a9b-4f02-9153-d0eca9974d94,user55@example.com,Subject 587,"<div>Cheap meds, no prescription needed!!!</div><br><p>Best regards,</p>",2026-03-09T20:05:05.318099,null,0,0,SPAM,v1.0
1b4bca6e-e6aa-4882-9d9b-b9bf9107c7e1,user102@example.com,Subject 588,"<div>Bonjour, voici les documents demandés.</div><br><p>Best regards,</p>",12/17/2025,null,None,0,Ham,v1.0
94ad58a0-d629-4f6e-9f32-34df5f5a1b19,user692@example.com,Subject 589,"Bonjour, voici les documents demandés.",08-03-2026,Urgent!,0,0,0,v1.0
5874532b-ade1-4f15-8bc1-c2b8b2400b13,user711@example.com,Subject 590,"<div>Free money!!! Just click <b>&nbsp;this link&nbsp;</b></div><br><p>Best regards,</p>",07-12-2025,High,-1,1,s_p_a_m,v1.0
542a977c-fc74-4453-bca2-84f1c4f45d19,user85@example.com,Subject 591,Free money!!! Just click <b>&nbsp;this link&nbsp;</b>,11/04/2025,null,2,0,ham,v1.0
398c5edc-058f-46ed-a472-c764f5d1ea91,user823@example.com,Subject 592,"Hello, we are interested in your profile.",10-01-2026,Urgent!,None,10,Ham,v1.0
6b0d08a3-98b3-4162-99e1-6cfa653750a3,user335@example.com,Subject 593,"Cheap meds, no prescription needed!!!",08/16/2025,Medium,None,0,ham,v1.0
d2a856d2-cac7-489e-98d6-fb9a9d4eb36c,user93@example.com,Subject 594,Free money!!! Just click <b>&nbsp;this link&nbsp;</b>,1753578305,N/A,2,5,0,v1.0
d852d70a-4af0-4433-b923-ce9707b6f4be,user566@example.com,Subject 595,Free money!!! Just click <b>&nbsp;this link&nbsp;</b>,1765418705,Low,2,5,s_p_a_m,v1.0
480f60ab-afbe-441a-a151-87ce91fa891a,user725@example.com,Subject 596,Meeting at 5pm? Let me know.,04-12-2025,Low,0,100,Ham,v1.0
d3babf3a-c30b-462f-8358-0f7183dc3287,user306@example.com,Subject 597,Free money!!! Just click <b>&nbsp;this link&nbsp;</b>,18-04-2026,Urgent!,2,10,SPAM,v1.0
4eb6ebe7-a695-4ace-8fd3-c12e86526114,user335@example.com,Subject 598,Free money!!! Just click <b>&nbsp;this link&nbsp;</b>,12/26/2025,Urgent!,-1,100,spam,v1.0
65b43f50-172e-42b8-8b3c-8f337a3db397,user672@example.com,Subject 599,"<div>Your account has been suspended. Please login to verify.</div><br><p>Best regards,</p>",1768961105,Urgent!,0,100,SPAM,v1.0
d43af964-396c-4125-911c-8d3161479850,user663@example.com,Subject 600,"Bonjour, voici les documents demandés.",08/12/2025,null,2,100,1,v1.0
a652219d-ee9a-44b3-a778-2ae1760b89f5,user112@example.com,Subject 601,"<div>Attached is the invoice for last month.</div><br><p>Best regards,</p>",1749949505,N/A,null,5,1,v1.0
85a6c166-a04e-40ff-87ce-6338fbbe75bd,user444@example.com,Subject 602,"<div>Meeting at 5pm? Let me know.</div><br><p>Best regards,</p>",06/30/2025,N/A,1,0,1,v1.0
fe75517f-f262-46ec-bac1-88c61526b23d,user932@example.com,Subject 603,"<div>Free money!!! Just click <b>&nbsp;this link&nbsp;</b></div><br><p>Best regards,</p>",10/06/2025,N/A,null,5,s_p_a_m,v1.0
478d4015-b8f4-4ecf-92cd-1175b5bd7528,user11@example.com,Subject 604,Meeting at 5pm? Let me know.,2025-09-15T20:05:05.318188,Medium,0,10,Legit,v1.0
cef8811b-20e3-410b-908e-9ff03c1b3a9e,user4@example.com,Subject 605,"Bonjour, voici les documents demandés.",10-09-2025,Urgent!,1,10,SPAM,v1.0
54081f80-05a8-4bb2-8fde-ef18315e6d0e,user250@example.com,Subject 606,"Cheap meds, no prescription needed!!!",1768961105,Urgent!,None,10,s_p_a_m,v1.0
e7ec3409-6b96-4be9-b1a9-52e67a46e67e,user797@example.com,Subject 607,WINNER! Claim your prize now at <a href='http://malware.com'>here</a>,1748653505,N/A,-1,0,0,v1.0
d547ac93-cd06-4cb8-81f5-9994b10ff2ee,user847@example.com,Subject 608,Free money!!! Just click <b>&nbsp;this link&nbsp;</b>,2026-01-10T20:05:05.318255,Urgent!,1,10,SPAM,v1.0
a2515e21-f4db-4a80-9f28-6620f70f1436,user643@example.com,Subject 609,Meeting at 5pm? Let me know.,2025-08-12T20:05:05.318259,Medium,0,10,SPAM,v1.0
1a719c33-7fe7-43f2-a15e-b868af030ac4,user221@example.com,Subject 610,Your account has been suspended. Please login to verify.,12-02-2026,Medium,-1,0,SPAM,v1.0
6af0cc24-ab48-4643-bd6b-673daeff6e8c,user358@example.com,Subject 611,Meeting at 5pm? Let me know.,23-06-2025,Medium,-1,100,Ham,v1.0
8fd31b64-7e06-4fb9-92cd-700f5096ab6e,user864@example.com,Subject 612,"Hello, we are interested in your profile.",1761872705,Urgent!,null,100,Legit,v1.0
25bf720d-26f7-4625-8f24-bc36bd8c996a,user260@example.com,Subject 613,Free money!!! Just click <b>&nbsp;this link&nbsp;</b>,1755133505,Medium,null,100,spam,v1.0
8a67fc09-dabd-4043-9a6b-c2a5607fe251,user490@example.com,Subject 614,Your account has been suspended. Please login to verify.,04/13/2026,Medium,0,5,Legit,v1.0
2311c021-67a9-41bc-8a31-e898bf81ea22,user953@example.com,Subject 615,"<div>Attached is the invoice for last month.</div><br><p>Best regards,</p>",2025-07-13T20:05:05.318288,N/A,0,5,spam,v1.0
c4fd2da8-5639-4838-b7f2-027a91b4f0ef,user78@example.com,Subject 616,How have you been? It has been a long time.,08/09/2025,null,-1,10,1,v1.0
c23309cb-c756-4a44-82c4-46d886c69a8b,user601@example.com,Subject 617,"Cheap meds, no prescription needed!!!",2026-01-14T20:05:05.318299,High,null,100,0,v1.0
49738971-73eb-47f1-bdea-f5fc199306cf,user622@example.com,Subject 618,¡Urgente! Necesitamos su respuesta inmediata.,03/10/2026,Medium,None,100,ham,v1.0
43a5b498-0a91-46ea-9b72-ab5ca51bac7d,user658@example.com,Subject 619,Your account has been suspended. Please login to verify.,1767578705,Urgent!,None,1,Legit,v1.0
a3105fb5-b5d0-4b9b-8536-44a925c449e0,user124@example.com,Subject 620,How have you been? It has been a long time.,08/23/2025,N/A,-1,10,1,v1.0
756684a3-a531-45c5-8233-8330c43d20ca,user666@example.com,Subject 621,"<div>Attached is the invoice for last month.</div><br><p>Best regards,</p>",02/13/2026,Low,None,100,0,v1.0
42ba13a0-3ed2-4c66-874b-687729e2ebeb,user547@example.com,Subject 622,"Bonjour, voici les documents demandés.",1761440705,N/A,2,0,Legit,v1.0
6d862483-f374-4bbf-8b39-b17f21e302df,user861@example.com,Subject 623,Meeting at 5pm? Let me know.,09/06/2025,Urgent!,-1,0,ham,v1.0
990a2807-6005-46c5-8df3-e5e3235d361a,user713@example.com,Subject 624,"<div>Your account has been suspended. Please login to verify.</div><br><p>Best regards,</p>",06-01-2026,N/A,0,1,Legit,v1.0
50ac9256-b626-4caf-ba3d-171d71563eef,user606@example.com,Subject 625,"<div>Meeting at 5pm? Let me know.</div><br><p>Best regards,</p>",1746925505,Urgent!,1,1,Ham,v1.0
e780ac70-3623-44be-b50f-4523b180aa55,user451@example.com,Subject 626,Your account has been suspended. Please login to verify.,2025-06-11T20:05:05.318410,N/A,2,1,ham,v1.0
a733f3be-fb28-42db-a16f-ea86f82d91c6,user861@example.com,Subject 627,"<div>Hello, we are interested in your profile.</div><br><p>Best regards,</p>",04-10-2025,Low,None,5,s_p_a_m,v1.0
3f38a38d-7bce-4ab8-9b75-2ee467e8c15a,user318@example.com,Subject 628,Your account has been suspended. Please login to verify.,1749258305,Medium,null,0,0,v1.0
774a67a2-e850-4c19-8d01-add40c091118,user392@example.com,Subject 629,"<div>Hello, we are interested in your profile.</div><br><p>Best regards,</p>",17-06-2025,Medium,-1,0,1,v1.0
825cc1b0-746a-4591-b283-58baf2394084,user250@example.com,Subject 630,"Bonjour, voici les documents demandés.",1765850705,N/A,0,0,1,v1.0
5316255e-6322-4835-b17d-bb76be19d2e3,user411@example.com,Subject 631,"Bonjour, voici les documents demandés.",1773363905,null,null,0,SPAM,v1.0
be138dc4-0601-4057-bd8d-5cd5c1458356,user452@example.com,Subject 632,¡Urgente! Necesitamos su respuesta inmediata.,13-05-2025,Urgent!,2,5,0,v1.0
47313efd-c293-4c40-b945-38debde28bfe,user583@example.com,Subject 633,Your account has been suspended. Please login to verify.,2026-02-06T20:05:05.318448,High,null,1,0,v1.0
a25bea9d-c9eb-4e84-950c-28d3dc28b757,user36@example.com,Subject 634,Meeting at 5pm? Let me know.,2026-01-19T20:05:05.318453,Urgent!,-1,10,ham,v1.0
46a03be2-69f9-4711-9e5b-752bacf12932,user981@example.com,Subject 635,"Hello, we are interested in your profile.",2026-01-11T20:05:05.318467,Low,0,100,0,v1.0
2b43446c-1480-4584-93d8-b777c8ed40d7,user759@example.com,Subject 636,¡Urgente! Necesitamos su respuesta inmediata.,1770861905,High,2,5,Ham,v1.0
186a332f-ceab-4481-8a57-c3659e761b26,user82@example.com,Subject 637,How have you been? It has been a long time.,04-07-2025,null,-1,5,SPAM,v1.0
381566cb-053b-417e-a7a9-4eed53911306,user438@example.com,Subject 638,"Hello, we are interested in your profile.",05/11/2025,N/A,None,1,Ham,v1.0
dc0e2ff5-11af-4d69-974b-92499374f802,user876@example.com,Subject 639,Free money!!! Just click <b>&nbsp;this link&nbsp;</b>,15-10-2025,Urgent!,1,5,SPAM,v1.0
7eae09b0-e52b-49ca-8345-ec38a124fd6e,user715@example.com,Subject 640,"<div>Bonjour, voici les documents demandés.</div><br><p>Best regards,</p>",27-06-2025,N/A,None,10,0,v1.0
efa9f5d5-ba74-4507-9010-e4aa58bd1294,user304@example.com,Subject 641,"<div>How have you been? It has been a long time.</div><br><p>Best regards,</p>",14-11-2025,High,None,10,1,v1.0
d795212a-bc51-4b93-be6c-3f47f4c1bbe4,user403@example.com,Subject 642,"<div>How have you been? It has been a long time.</div><br><p>Best regards,</p>",08/11/2025,Low,0,100,Legit,v1.0
c1a956da-6fb6-43a7-a79e-8f7f2f59ee29,user525@example.com,Subject 643,Meeting at 5pm? Let me know.,26-09-2025,null,-1,5,s_p_a_m,v1.0
d5da4e30-340a-4299-a64a-7a215ffae789,user106@example.com,Subject 644,Attached is the invoice for last month.,20-05-2025,High,1,10,1,v1.0
4884fd08-5361-4bfb-b1d3-370e06949b64,user531@example.com,Subject 645,"<div>Your account has been suspended. Please login to verify.</div><br><p>Best regards,</p>",19-12-2025,null,null,10,s_p_a_m,v1.0
4ae4c895-e17c-4199-b5b6-45dd7d5d37e8,user163@example.com,Subject 646,"<div>Free money!!! Just click <b>&nbsp;this link&nbsp;</b></div><br><p>Best regards,</p>",2025-06-14T20:05:05.318529,High,0,10,ham,v1.0
aaee907a-cbe2-48d1-a099-65cf71acdbb1,user409@example.com,Subject 647,"<div>WINNER! Claim your prize now at <a href='http://malware.com'>here</a></div><br><p>Best regards,</p>",2026-03-05T20:05:05.318534,Urgent!,-1,0,spam,v1.0
d7b01d61-9f24-4e29-bf33-d493d336db0a,user820@example.com,Subject 648,"<div>Cheap meds, no prescription needed!!!</div><br><p>Best regards,</p>",1759971905,High,2,0,Ham,v1.0
e118a233-49c3-41d5-92a8-1ad9b6b5e9ea,user283@example.com,Subject 649,WINNER! Claim your prize now at <a href='http://malware.com'>here</a>,2025-10-13T20:05:05.318542,Medium,null,0,Legit,v1.0
d9a916c0-21bb-40e3-8811-8be5aa8f528d,user315@example.com,Subject 650,Free money!!! Just click <b>&nbsp;this link&nbsp;</b>,11/06/2025,Low,0,1,spam,v1.0
d2a6957a-03c8-47da-8d48-2078c569c984,user589@example.com,Subject 651,Free money!!! Just click <b>&nbsp;this link&nbsp;</b>,01-05-2025,High,2,5,Legit,v1.0
f24585de-7675-40ab-b1d4-4dc7e8580f34,user881@example.com,Subject 652,¡Urgente! Necesitamos su respuesta inmediata.,2026-03-01T20:05:05.318560,High,0,10,1,v1.0
69641d53-a066-4bd8-8370-021d9dc87221,user653@example.com,Subject 653,"Cheap meds, no prescription needed!!!",2025-06-30T20:05:05.318565,N/A,None,5,Ham,v1.0
9af1dc7b-7e98-4e74-8932-8fe81d8368bd,user702@example.com,Subject 654,"Bonjour, voici les documents demandés.",2026-01-07T20:05:05.318570,null,None,5,1,v1.0
aae4f97a-4075-44a5-b436-2e9da4946ba9,user116@example.com,Subject 655,Your account has been suspended. Please login to verify.,12-09-2025,Urgent!,null,100,Ham,v1.0
4e273537-503b-4764-94e3-583c052cb258,user61@example.com,Subject 656,"<div>Attached is the invoice for last month.</div><br><p>Best regards,</p>",1769047505,N/A,2,5,Legit,v1.0
89a0a170-f0a2-4572-b441-b23b4c094a00,user818@example.com,Subject 657,"<div>Hello, we are interested in your profile.</div><br><p>Best regards,</p>",2025-07-13T20:05:05.318584,Low,null,0,ham,v1.0
ea86a205-94fa-4cfd-9309-55b4f784bf39,user857@example.com,Subject 658,"<div>Attached is the invoice for last month.</div><br><p>Best regards,</p>",2026-02-04T20:05:05.318589,High,None,5,0,v1.0
a583789b-a8b5-4ef6-9279-98a1932bb268,user507@example.com,Subject 659,Attached is the invoice for last month.,08/22/2025,Urgent!,null,5,s_p_a_m,v1.0
332b36c8-8ae7-47c1-b69a-1853f3bb3fd6,user679@example.com,Subject 660,"<div>Meeting at 5pm? Let me know.</div><br><p>Best regards,</p>",07/15/2025,Medium,-1,10,ham,v1.0
b9b575e0-6de9-44ee-946f-3b9f6520c6cf,user129@example.com,Subject 661,"<div>Your account has been suspended. Please login to verify.</div><br><p>Best regards,</p>",09/10/2025,High,0,5,1,v1.0
49c472c7-5dcd-4cb1-b986-b9eb72c4377c,user618@example.com,Subject 662,Free money!!! Just click <b>&nbsp;this link&nbsp;</b>,2025-08-26T20:05:05.318610,Urgent!,2,5,Legit,v1.0
00581fa8-b74c-4022-888a-0e1e21911b34,user497@example.com,Subject 663,"Cheap meds, no prescription needed!!!",1752368705,Medium,null,10,SPAM,v1.0
5856403a-074a-456e-a2fa-906b66d9a469,user574@example.com,Subject 664,Your account has been suspended. Please login to verify.,2026-03-07T20:05:05.318620,Low,-1,100,ham,v1.0
e43f658f-4a58-4ac6-bcb0-2422cc7c8a8c,user585@example.com,Subject 665,"Hello, we are interested in your profile.",1765159505,Medium,-1,10,Legit,v1.0
6fd1c750-3fa4-4d5f-bb26-756b1c22b2c7,user77@example.com,Subject 666,"Bonjour, voici les documents demandés.",1771553105,High,0,10,Ham,v1.0
d5c8081b-bd26-45eb-806b-015c917d3f5d,user956@example.com,Subject 667,How have you been? It has been a long time.,04-05-2025,Low,-1,0,Legit,v1.0
fed7a0a0-41df-49e6-8189-c4f420938ec8,user356@example.com,Subject 668,Your account has been suspended. Please login to verify.,1752627905,Medium,null,1,spam,v1.0
143871e0-e88c-4f75-b3e6-08cb53c6328f,user369@example.com,Subject 669,How have you been? It has been a long time.,2025-08-21T20:05:05.318644,N/A,-1,5,SPAM,v1.0
1b50855a-1d18-44ba-8d42-7bbfa7ddfba5,user497@example.com,Subject 670,Attached is the invoice for last month.,1749603905,Urgent!,null,10,1,v1.0
497cff1a-1b75-4d2b-85d0-79d212ec66f2,user575@example.com,Subject 671,"Cheap meds, no prescription needed!!!",2025-06-15T20:05:05.318652,Medium,null,0,0,v1.0
a70e87c3-6a8c-48ed-9f82-89ecdd900525,user84@example.com,Subject 672,"Hello, we are interested in your profile.",08/15/2025,High,-1,5,ham,v1.0
45f499d6-cf0d-473c-ac5f-fbe4778e4f53,user432@example.com,Subject 673,How have you been? It has been a long time.,09-04-2026,Medium,-1,100,Legit,v1.0
e82bd509-9ad8-49ec-abe2-a2be09d62b92,user728@example.com,Subject 674,How have you been? It has been a long time.,10-08-2025,Medium,-1,5,spam,v1.0
ef49d084-cd11-45ce-b2ff-8b0facf0c501,user800@example.com,Subject 675,How have you been? It has been a long time.,2025-06-16T20:05:05.318673,Low,0,100,SPAM,v1.0
ca1a5454-a714-4c69-b659-bac8dce196a1,user300@example.com,Subject 676,¡Urgente! Necesitamos su respuesta inmediata.,2026-04-26T20:05:05.318677,Medium,None,100,Legit,v1.0
a38ffdbf-a10f-4c4f-af2d-c2ec5de8c0c3,user357@example.com,Subject 677,"<div>Meeting at 5pm? Let me know.</div><br><p>Best regards,</p>",16-12-2025,Medium,null,5,ham,v1.0
236a6e79-fac2-4f73-b5a0-cef895c19c1a,user637@example.com,Subject 678,Attached is the invoice for last month.,06/15/2025,Medium,None,1,1,v1.0
aa6b53f4-d79c-453e-8b85-9908287a39e1,user827@example.com,Subject 679,"Bonjour, voici les documents demandés.",29-10-2025,null,2,10,Legit,v1.0
c7d32012-7afb-4a86-a750-2646280da154,user766@example.com,Subject 680,"<div>Cheap meds, no prescription needed!!!</div><br><p>Best regards,</p>",1775869505,Medium,1,5,Legit,v1.0
ec96c5d1-a4e8-4556-959e-9c92f2f086b3,user716@example.com,Subject 681,"Bonjour, voici les documents demandés.",2025-09-19T20:05:05.318701,Medium,null,10,1,v1.0
7f9f9c41-95eb-4335-8a1f-81285a36d241,user408@example.com,Subject 682,Your account has been suspended. Please login to verify.,2026-04-19T20:05:05.318707,Urgent!,-1,100,Ham,v1.0
3b2da800-943f-43f0-b2de-fd56a39da5b5,user629@example.com,Subject 683,"Hello, we are interested in your profile.",2026-04-20T20:05:05.318711,Low,None,5,Legit,v1.0
22026ce6-856c-4413-984d-eeabfb7804a6,user756@example.com,Subject 684,"<div>¡Urgente! Necesitamos su respuesta inmediata.</div><br><p>Best regards,</p>",1772589905,N/A,null,0,ham,v1.0
fc819635-8339-45cc-849c-1f87a877a554,user939@example.com,Subject 685,"<div>Free money!!! Just click <b>&nbsp;this link&nbsp;</b></div><br><p>Best regards,</p>",12/06/2025,Low,0,0,spam,v1.0
87b32964-e8ec-4ac9-adba-1d23b50fa989,user820@example.com,Subject 686,Attached is the invoice for last month.,2025-09-18T20:05:05.318726,Medium,1,0,Legit,v1.0
8cff5bdc-eade-498d-97c2-ad29dcb43729,user385@example.com,Subject 687,Meeting at 5pm? Let me know.,22-03-2026,Low,0,1,1,v1.0
fa9d732a-1b9c-433e-ba44-03f1d4438c2e,user893@example.com,Subject 688,"<div>Cheap meds, no prescription needed!!!</div><br><p>Best regards,</p>",06-12-2025,N/A,-1,0,Legit,v1.0
1127dcda-1f0c-499c-b1ed-79b05a02c490,user907@example.com,Subject 689,How have you been? It has been a long time.,2026-03-17T20:05:05.318741,High,2,10,1,v1.0
03fc5194-92c5-455a-b8a7-9606643a72ee,user341@example.com,Subject 690,"<div>Cheap meds, no prescription needed!!!</div><br><p>Best regards,</p>",04/11/2026,Medium,2,100,SPAM,v1.0
52d5bb54-65ba-4e91-b1d5-f86907adc796,user953@example.com,Subject 691,¡Urgente! Necesitamos su respuesta inmediata.,02/17/2026,High,1,0,SPAM,v1.0
8fddc4c6-81b7-489d-b550-385d6d91c9a5,user533@example.com,Subject 692,Meeting at 5pm? Let me know.,29-11-2025,N/A,1,0,1,v1.0
e8e72f9d-18e9-4a5a-b854-1c2253c08a41,user369@example.com,Subject 693,"<div>How have you been? It has been a long time.</div><br><p>Best regards,</p>",05/17/2025,Urgent!,None,10,s_p_a_m,v1.0
c52a152d-eb0d-4fb7-a132-6f70dc7eee7e,user301@example.com,Subject 694,Meeting at 5pm? Let me know.,2025-05-21T20:05:05.318767,Medium,None,5,Legit,v1.0
66095b6a-6dc7-4ceb-8b67-2579b41a808f,user873@example.com,Subject 695,"<div>How have you been? It has been a long time.</div><br><p>Best regards,</p>",10/25/2025,null,1,100,Ham,v1.0
a0c48521-45e9-4429-a543-e085ab1615db,user170@example.com,Subject 696,"<div>How have you been? It has been a long time.</div><br><p>Best regards,</p>",29-03-2026,Urgent!,0,5,0,v1.0
3e3ab3cb-e166-4e72-9b9b-06167a00851a,user185@example.com,Subject 697,Your account has been suspended. Please login to verify.,1747875905,null,None,5,SPAM,v1.0
4fc901d1-0691-44b0-9fd9-70630a42f3ce,user138@example.com,Subject 698,Free money!!! Just click <b>&nbsp;this link&nbsp;</b>,1751850305,N/A,2,5,ham,v1.0
75954c70-7f4c-47c1-ae18-b2e051d756f3,user66@example.com,Subject 699,Your account has been suspended. Please login to verify.,2026-02-21T20:05:05.318790,Medium,2,0,SPAM,v1.0
bcec9ecb-c662-46c9-8950-cf3e0c16b217,user395@example.com,Subject 700,"<div>Meeting at 5pm? Let me know.</div><br><p>Best regards,</p>",10/14/2025,null,-1,100,Ham,v1.0
18ed4fa3-adfc-4a86-b223-4161df45e482,user645@example.com,Subject 701,How have you been? It has been a long time.,01/20/2026,N/A,1,0,1,v1.0
747a0fc0-836b-4138-8a66-09a4f276b8f6,user176@example.com,Subject 702,WINNER! Claim your prize now at <a href='http://malware.com'>here</a>,22-02-2026,High,None,100,0,v1.0
6de5cf51-3708-4009-8b70-d6f17672038c,user597@example.com,Subject 703,"<div>Attached is the invoice for last month.</div><br><p>Best regards,</p>",2025-09-02T20:05:05.318812,Low,2,10,0,v1.0
6dba108e-97ba-404f-b834-e2e8b62b89e0,user422@example.com,Subject 704,Attached is the invoice for last month.,1755651905,Medium,-1,0,1,v1.0
c76085da-7283-4c37-993c-e4f9f272f564,user283@example.com,Subject 705,¡Urgente! Necesitamos su respuesta inmediata.,1757207105,High,-1,5,1,v1.0
957f61dd-7b3f-4bab-a27e-6dd57ad04af8,user909@example.com,Subject 706,"<div>Bonjour, voici les documents demandés.</div><br><p>Best regards,</p>",04/22/2026,Medium,null,1,1,v1.0
241eda01-8e12-4846-8216-a5f68489df95,user61@example.com,Subject 707,"<div>Free money!!! Just click <b>&nbsp;this link&nbsp;</b></div><br><p>Best regards,</p>",2025-06-24T20:05:05.318831,N/A,-1,10,spam,v1.0
4394da35-9c50-4433-ac9a-441ce6ab637b,user796@example.com,Subject 708,"Hello, we are interested in your profile.",03-08-2025,High,None,1,SPAM,v1.0
2107a21b-364a-44d8-95ec-6e848904a52d,user517@example.com,Subject 709,Attached is the invoice for last month.,01/09/2026,High,-1,1,s_p_a_m,v1.0
65997207-d0cd-4443-b814-0ec0ab291c5d,user918@example.com,Subject 710,Free money!!! Just click <b>&nbsp;this link&nbsp;</b>,03/03/2026,null,1,100,ham,v1.0
c0899379-6c36-44c8-9d81-bb326d6845b8,user170@example.com,Subject 711,Meeting at 5pm? Let me know.,2025-11-05T20:05:05.318850,null,null,100,Ham,v1.0
de03852a-b893-4cc9-8a29-c3b06ca65209,user551@example.com,Subject 712,"<div>How have you been? It has been a long time.</div><br><p>Best regards,</p>",1775351105,N/A,null,10,s_p_a_m,v1.0
84129bbd-15c5-422e-ac74-81b608d28610,user562@example.com,Subject 713,Meeting at 5pm? Let me know.,1750035905,High,-1,10,spam,v1.0
a5804a17-67c9-4665-adfd-977899df6b02,user597@example.com,Subject 714,"<div>Hello, we are interested in your profile.</div><br><p>Best regards,</p>",2026-01-07T20:05:05.318863,Urgent!,1,100,s_p_a_m,v1.0
60fadd66-3b51-4b15-852c-0bec05b6595c,user466@example.com,Subject 715,"<div>Cheap meds, no prescription needed!!!</div><br><p>Best regards,</p>",31-01-2026,N/A,None,1,SPAM,v1.0
bc119a7c-809c-4dfc-aa4d-91651435a3df,user429@example.com,Subject 716,"Cheap meds, no prescription needed!!!",06/17/2025,Low,null,1,spam,v1.0
d68111a4-cdad-4b9c-8b1f-e2e420fc3dbb,user433@example.com,Subject 717,Your account has been suspended. Please login to verify.,12/11/2025,Urgent!,-1,1,ham,v1.0
1efce435-93eb-4236-ab05-e88ff7cae5ba,user982@example.com,Subject 718,Attached is the invoice for last month.,30-07-2025,N/A,-1,10,0,v1.0
1dda4297-92b1-4ed6-a0de-c8684aae9bb9,user178@example.com,Subject 719,"<div>WINNER! Claim your prize now at <a href='http://malware.com'>here</a></div><br><p>Best regards,</p>",06/29/2025,null,None,5,s_p_a_m,v1.0
fcfd451d-ed6f-47ed-8e7a-f6bf7e716122,user481@example.com,Subject 720,"Bonjour, voici les documents demandés.",13-01-2026,High,null,100,0,v1.0
57645096-6fc3-42b5-a015-6e7165da4966,user86@example.com,Subject 721,Attached is the invoice for last month.,25-11-2025,N/A,1,5,Ham,v1.0
a2cdf7d6-eec6-4c96-9d6d-7a7747e33b18,user461@example.com,Subject 722,"Cheap meds, no prescription needed!!!",12/15/2025,Urgent!,null,1,Ham,v1.0
d3caf9fa-745f-4d48-839f-4ca8a277e918,user199@example.com,Subject 723,WINNER! Claim your prize now at <a href='http://malware.com'>here</a>,2025-08-02T20:05:05.318910,High,null,5,1,v1.0
add28b36-c887-42d3-8e54-fe2dd5c5c360,user138@example.com,Subject 724,"<div>WINNER! Claim your prize now at <a href='http://malware.com'>here</a></div><br><p>Best regards,</p>",08-08-2025,Urgent!,1,5,s_p_a_m,v1.0
e7a32fa5-c05c-4dd2-ba96-c3372a2e7bc2,user686@example.com,Subject 725,"<div>Attached is the invoice for last month.</div><br><p>Best regards,</p>",2025-05-14T20:05:05.318920,Urgent!,2,0,Ham,v1.0
23ad1187-20a9-49f4-b1cd-eaf2b366ef01,user826@example.com,Subject 726,Meeting at 5pm? Let me know.,03/01/2026,Low,1,100,Ham,v1.0
749b43c3-c2ae-43db-8ad9-75ba5459f102,user681@example.com,Subject 727,"<div>Attached is the invoice for last month.</div><br><p>Best regards,</p>",04/19/2026,null,-1,5,1,v1.0
6c66efd4-e511-4391-8212-7351157659d1,user866@example.com,Subject 728,"<div>Free money!!! Just click <b>&nbsp;this link&nbsp;</b></div><br><p>Best regards,</p>",12/11/2025,Medium,None,100,1,v1.0
61662135-dd9c-4350-a8bb-4c2f180789c1,user490@example.com,Subject 729,WINNER! Claim your prize now at <a href='http://malware.com'>here</a>,2025-07-16T20:05:05.318942,High,None,1,1,v1.0
b377dc71-00cd-4477-8196-27138d73d9ed,user36@example.com,Subject 730,"Bonjour, voici les documents demandés.",1761095105,null,1,5,0,v1.0
a5f07cf0-62b1-4f71-b44f-aa8899538bb2,user652@example.com,Subject 731,WINNER! Claim your prize now at <a href='http://malware.com'>here</a>,2025-09-18T20:05:05.318951,Low,-1,5,SPAM,v1.0
70367449-9673-4bff-aacb-b800e155ff0d,user512@example.com,Subject 732,¡Urgente! Necesitamos su respuesta inmediata.,31-03-2026,Low,-1,1,spam,v1.0
650748b6-1ce6-48fa-974f-ac70bcfa6d88,user138@example.com,Subject 733,Meeting at 5pm? Let me know.,10/13/2025,Low,0,1,Ham,v1.0
66c3518a-3d07-4b66-a721-1cb765820edf,user555@example.com,Subject 734,"Bonjour, voici les documents demandés.",01/10/2026,High,None,0,1,v1.0
a12efde3-bc6e-498f-a749-3c16ad1eec0d,user583@example.com,Subject 735,"Hello, we are interested in your profile.",2026-03-13T20:05:05.318973,Urgent!,2,5,SPAM,v1.0
f05709ec-d83f-4e64-a741-a99ec7213c11,user216@example.com,Subject 736,"<div>WINNER! Claim your prize now at <a href='http://malware.com'>here</a></div><br><p>Best regards,</p>",1777165505,N/A,1,100,ham,v1.0
153642cb-bb78-412f-8ecb-d866be5ad45b,user210@example.com,Subject 737,¡Urgente! Necesitamos su respuesta inmediata.,2026-03-31T20:05:05.318982,Urgent!,None,0,s_p_a_m,v1.0
2cfe3b29-3a4d-4351-b538-c807bb6f7a41,user254@example.com,Subject 738,"<div>WINNER! Claim your prize now at <a href='http://malware.com'>here</a></div><br><p>Best regards,</p>",2026-03-28T20:05:05.318986,N/A,null,100,Legit,v1.0
44b44f1b-1591-440b-9221-f26daef43c3a,user244@example.com,Subject 739,"<div>Free money!!! Just click <b>&nbsp;this link&nbsp;</b></div><br><p>Best regards,</p>",1777597505,N/A,2,100,Ham,v1.0
98b55c5b-0893-433c-a616-83ed9017e649,user902@example.com,Subject 740,"<div>Attached is the invoice for last month.</div><br><p>Best regards,</p>",1771725905,High,None,10,spam,v1.0
e6d85aa0-866d-42a2-9a4c-45ce07eb1d40,user54@example.com,Subject 741,Free money!!! Just click <b>&nbsp;this link&nbsp;</b>,2026-01-20T20:05:05.319000,Urgent!,-1,5,s_p_a_m,v1.0
2af7582d-e2fd-4b78-b61e-9cd54eed845e,user809@example.com,Subject 742,"Cheap meds, no prescription needed!!!",01-01-2026,null,2,5,ham,v1.0
ea0623a4-2ef4-4192-bcd3-5543e2c309f2,user687@example.com,Subject 743,"<div>Bonjour, voici les documents demandés.</div><br><p>Best regards,</p>",20-07-2025,N/A,1,5,0,v1.0
99e86da7-cb03-4642-99bb-68b61223a763,user98@example.com,Subject 744,"<div>How have you been? It has been a long time.</div><br><p>Best regards,</p>",1770602705,Low,None,5,1,v1.0
cbcf7df0-9c97-4d04-9400-9bfedce92cb3,user573@example.com,Subject 745,"<div>Attached is the invoice for last month.</div><br><p>Best regards,</p>",1766887505,Low,None,10,0,v1.0
ee596b7b-c8c2-4166-bbf3-ca0467e2ab7c,user4@example.com,Subject 746,Free money!!! Just click <b>&nbsp;this link&nbsp;</b>,11/09/2025,Low,null,0,SPAM,v1.0
ce28907e-ded2-43ea-ada8-4c8ef272c617,user814@example.com,Subject 747,Free money!!! Just click <b>&nbsp;this link&nbsp;</b>,07/15/2025,High,1,5,spam,v1.0
72b206dd-5f7e-4606-af15-45c015e26ab5,user115@example.com,Subject 748,WINNER! Claim your prize now at <a href='http://malware.com'>here</a>,1760403905,N/A,2,0,0,v1.0
b82788f8-4a88-4b69-9d31-28981b11ecfe,user847@example.com,Subject 749,Free money!!! Just click <b>&nbsp;this link&nbsp;</b>,2026-01-19T20:05:05.319039,Urgent!,None,10,Ham,v1.0
40ded0ca-738e-4183-bcd6-4a161542ddc1,user183@example.com,Subject 750,"<div>Attached is the invoice for last month.</div><br><p>Best regards,</p>",01/14/2026,Urgent!,1,100,ham,v1.0
77c5d3b3-3de2-479c-86ae-69cf2a2d4820,user583@example.com,Subject 751,"Bonjour, voici les documents demandés.",04/12/2026,Low,null,100,spam,v1.0
b48dcf65-f7c9-4dca-ad2b-84fe1d7244f2,user773@example.com,Subject 752,Free money!!! Just click <b>&nbsp;this link&nbsp;</b>,07/03/2025,Medium,1,10,1,v1.0
7cd17db1-66c9-4295-88e1-99554a85b2bb,user368@example.com,Subject 753,Free money!!! Just click <b>&nbsp;this link&nbsp;</b>,1755911105,High,None,5,Legit,v1.0
1efbbaeb-1b91-4abc-b73e-004b16c59831,user682@example.com,Subject 754,"Cheap meds, no prescription needed!!!",2025-08-21T20:05:05.319064,N/A,null,0,spam,v1.0
30dadb21-301a-45a2-9eb8-c1267ff7d03e,user250@example.com,Subject 755,WINNER! Claim your prize now at <a href='http://malware.com'>here</a>,2025-09-20T20:05:05.319068,Medium,null,5,Ham,v1.0
3998927b-4029-4c93-ad18-f17da09fc0ab,user918@example.com,Subject 756,"<div>Attached is the invoice for last month.</div><br><p>Best regards,</p>",2025-08-21T20:05:05.319073,High,-1,1,Ham,v1.0
ed9aa28f-2dab-4906-beda-5ce98ee34c82,user759@example.com,Subject 757,"<div>WINNER! Claim your prize now at <a href='http://malware.com'>here</a></div><br><p>Best regards,</p>",1752368705,High,-1,0,Legit,v1.0
708cba85-66a3-4dac-b55e-6ac1c1ec18f4,user912@example.com,Subject 758,Attached is the invoice for last month.,1751677505,null,null,5,0,v1.0
a87f36b1-9a90-4b9f-83c7-a7d7051b59e7,user246@example.com,Subject 759,Attached is the invoice for last month.,2025-10-28T20:05:05.319086,Medium,2,100,Legit,v1.0
258c8ddd-b3e4-4d09-92e6-202e28313ebe,user721@example.com,Subject 760,"<div>Attached is the invoice for last month.</div><br><p>Best regards,</p>",04-02-2026,Medium,null,1,s_p_a_m,v1.0
9bfbfce5-2810-423b-8e64-96777ab496e0,user425@example.com,Subject 761,Free money!!! Just click <b>&nbsp;this link&nbsp;</b>,2025-10-18T20:05:05.319096,Low,-1,10,Legit,v1.0
c8b185e9-d49b-4ff9-8453-319a59b0a8be,user27@example.com,Subject 762,Free money!!! Just click <b>&nbsp;this link&nbsp;</b>,1749603905,null,0,1,ham,v1.0
96ff49e1-cb9c-488b-bd93-f313f1f5498c,user492@example.com,Subject 763,WINNER! Claim your prize now at <a href='http://malware.com'>here</a>,20-03-2026,Medium,0,10,ham,v1.0
ed7727c8-fc87-46b1-abb7-5ba7c3e09336,user379@example.com,Subject 764,Free money!!! Just click <b>&nbsp;this link&nbsp;</b>,2025-07-07T20:05:05.319109,Medium,2,0,SPAM,v1.0
07ec58a4-3441-460a-8f7b-350532647d9c,user369@example.com,Subject 765,"<div>Hello, we are interested in your profile.</div><br><p>Best regards,</p>",2025-11-21T20:05:05.319114,Urgent!,None,100,ham,v1.0
2ec6a618-3ab5-47b8-90c9-91a65954a7ed,user803@example.com,Subject 766,WINNER! Claim your prize now at <a href='http://malware.com'>here</a>,2025-09-08T20:05:05.319119,N/A,2,1,s_p_a_m,v1.0
efb6530f-7951-48bb-947a-5b26c4c43b7d,user940@example.com,Subject 767,"<div>WINNER! Claim your prize now at <a href='http://malware.com'>here</a></div><br><p>Best regards,</p>",05/10/2025,Low,1,0,spam,v1.0
6a474cd8-0859-4f8c-ae30-87611d5ab6a2,user40@example.com,Subject 768,"Hello, we are interested in your profile.",2025-08-15T20:05:05.319129,N/A,null,0,s_p_a_m,v1.0
66f86281-3826-4dd4-8dc0-866c74c6b796,user553@example.com,Subject 769,"<div>Hello, we are interested in your profile.</div><br><p>Best regards,</p>",2026-03-26T20:05:05.319171,High,2,1,SPAM,v1.0
bca9db32-2da1-4267-bc3a-4525ec4f5079,user700@example.com,Subject 770,Free money!!! Just click <b>&nbsp;this link&nbsp;</b>,05/23/2025,null,None,0,spam,v1.0
fd7c21c0-0050-42c3-ad9f-58a2ec5fb0aa,user814@example.com,Subject 771,WINNER! Claim your prize now at <a href='http://malware.com'>here</a>,12/15/2025,null,1,5,Legit,v1.0
218a22a6-cd9d-4010-8d55-6b63005ce233,user188@example.com,Subject 772,"Hello, we are interested in your profile.",2025-07-18T20:05:05.319217,Urgent!,None,5,Legit,v1.0
9f7dbfe2-98b1-443c-8b93-dd885d45520f,user210@example.com,Subject 773,"Cheap meds, no prescription needed!!!",05/19/2025,Low,2,0,0,v1.0
03486b47-1359-4b5a-9faa-d4314450c61c,user211@example.com,Subject 774,"<div>Your account has been suspended. Please login to verify.</div><br><p>Best regards,</p>",1771293905,null,null,1,s_p_a_m,v1.0
ee04e451-50b3-47cd-a9fa-5c4a2d96ad82,user340@example.com,Subject 775,Your account has been suspended. Please login to verify.,01-12-2025,null,None,0,ham,v1.0
aece7658-ce14-404c-9cb6-279f58c842c6,user352@example.com,Subject 776,Meeting at 5pm? Let me know.,15-08-2025,High,-1,5,Ham,v1.0
f29ab924-333e-4648-b007-0903a707bb55,user455@example.com,Subject 777,"<div>Meeting at 5pm? Let me know.</div><br><p>Best regards,</p>",08/15/2025,High,null,1,1,v1.0
7c0cf8b8-1a4b-4f5b-b5f7-e1919da18cf2,user653@example.com,Subject 778,"<div>Bonjour, voici les documents demandés.</div><br><p>Best regards,</p>",1747271105,Urgent!,0,10,Ham,v1.0
dac52f63-7046-4c25-86cb-9b6b1151a3f2,user758@example.com,Subject 779,"<div>¡Urgente! Necesitamos su respuesta inmediata.</div><br><p>Best regards,</p>",1769911505,High,None,10,s_p_a_m,v1.0
21665da1-bc9a-4bf1-8ac3-e528793e2b48,user305@example.com,Subject 780,"<div>¡Urgente! Necesitamos su respuesta inmediata.</div><br><p>Best regards,</p>",19-02-2026,null,null,100,spam,v1.0
bf117b3c-06dd-4084-9d67-e45c108f937b,user85@example.com,Subject 781,Free money!!! Just click <b>&nbsp;this link&nbsp;</b>,2025-05-24T20:05:05.319355,Medium,1,0,1,v1.0
6e129d06-3743-40be-a460-bab5160483c1,user535@example.com,Subject 782,Attached is the invoice for last month.,03/19/2026,Low,null,10,spam,v1.0
3f7ab78d-bc89-41c4-b0fb-e1f7a4604c62,user656@example.com,Subject 783,How have you been? It has been a long time.,12/12/2025,Low,null,1,s_p_a_m,v1.0
bb9ad053-01b6-405d-8db1-87abe1149851,user27@example.com,Subject 784,"<div>¡Urgente! Necesitamos su respuesta inmediata.</div><br><p>Best regards,</p>",11/22/2025,Medium,2,10,SPAM,v1.0
3dc4eda5-19e3-4aa1-854f-107eb6137052,user705@example.com,Subject 785,Meeting at 5pm? Let me know.,2025-06-08T20:05:05.319384,N/A,None,5,Legit,v1.0
f6af536b-7853-4241-9a6b-f2b89a68e404,user54@example.com,Subject 786,Meeting at 5pm? Let me know.,01-06-2025,N/A,-1,0,s_p_a_m,v1.0
2fd61f05-7b35-453b-879e-dcf4e15ae4e3,user864@example.com,Subject 787,"Cheap meds, no prescription needed!!!",19-06-2025,Urgent!,-1,5,Legit,v1.0
580fa87f-58f0-4493-86d1-33339cce356a,user105@example.com,Subject 788,"<div>Bonjour, voici les documents demandés.</div><br><p>Best regards,</p>",2026-01-16T20:05:05.319400,N/A,2,5,1,v1.0
50720957-a93d-4eea-81bf-dc86089ec896,user856@example.com,Subject 789,How have you been? It has been a long time.,1756515905,N/A,-1,0,Ham,v1.0
fbbd0894-aa00-49f8-8d88-311a1e1a8716,user287@example.com,Subject 790,Free money!!! Just click <b>&nbsp;this link&nbsp;</b>,03-09-2025,Medium,null,0,s_p_a_m,v1.0
10e67679-c016-4a70-8756-19259c406411,user793@example.com,Subject 791,"Bonjour, voici les documents demandés.",03/18/2026,High,None,0,Ham,v1.0
df3efcaf-370f-40f7-9cd3-32f171ffb8c3,user333@example.com,Subject 792,"<div>Bonjour, voici les documents demandés.</div><br><p>Best regards,</p>",28-12-2025,N/A,None,1,s_p_a_m,v1.0
c4cae330-f9de-4cfe-b520-70db1632c0c8,user748@example.com,Subject 793,WINNER! Claim your prize now at <a href='http://malware.com'>here</a>,1767751505,N/A,1,100,Ham,v1.0
9d7ef41a-774a-4b76-ae58-5ce875cc8153,user301@example.com,Subject 794,"Bonjour, voici les documents demandés.",08/11/2025,null,2,100,ham,v1.0
3d0be9f7-2b89-48e9-b92a-9b0b889110f1,user567@example.com,Subject 795,"<div>Meeting at 5pm? Let me know.</div><br><p>Best regards,</p>",07/09/2025,Medium,null,5,0,v1.0
6e513603-9b4d-4512-883e-5d4f3f8bc18e,user998@example.com,Subject 796,"Hello, we are interested in your profile.",04/07/2026,Low,0,5,SPAM,v1.0
e5417589-2ab0-47b8-8296-0bbc3bf39e95,user282@example.com,Subject 797,How have you been? It has been a long time.,1760576705,Urgent!,null,100,1,v1.0
1b3b0ef2-2528-4398-b392-807c1be3dbce,user642@example.com,Subject 798,Your account has been suspended. Please login to verify.,2025-08-16T20:05:05.319449,Urgent!,0,10,ham,v1.0
839e4d05-b9d5-4b04-b1f7-6aae8c528f43,user122@example.com,Subject 799,"<div>Meeting at 5pm? Let me know.</div><br><p>Best regards,</p>",2025-12-29T20:05:05.319454,Urgent!,null,5,s_p_a_m,v1.0
987fa079-cef5-40eb-9c6f-83dddb7be769,user351@example.com,Subject 800,"Hello, we are interested in your profile.",2026-01-15T20:05:05.319459,Urgent!,None,0,Ham,v1.0
c16a2de1-e28c-483c-9201-17cb2504a312,user454@example.com,Subject 801,Free money!!! Just click <b>&nbsp;this link&nbsp;</b>,08/26/2025,N/A,-1,1,0,v1.0
fb958629-133f-42ae-9275-bf7f4ee437e2,user258@example.com,Subject 802,Your account has been suspended. Please login to verify.,1756170305,N/A,2,5,s_p_a_m,v1.0
544dc68c-3453-497e-bc3a-2dcf07085bed,user737@example.com,Subject 803,Free money!!! Just click <b>&nbsp;this link&nbsp;</b>,1768529105,High,None,0,Ham,v1.0
bca258c8-577c-47ad-9d1a-616ea3099dd8,user429@example.com,Subject 804,"<div>Your account has been suspended. Please login to verify.</div><br><p>Best regards,</p>",30-08-2025,N/A,null,1,Ham,v1.0
aaf13990-63ba-4409-89d1-aa4fa65a1f8a,user623@example.com,Subject 805,Meeting at 5pm? Let me know.,2025-12-14T20:05:05.319483,Medium,None,100,s_p_a_m,v1.0
fc33126e-0a15-42df-8f4a-25306acb2955,user971@example.com,Subject 806,"Hello, we are interested in your profile.",12/22/2025,Medium,1,1,Legit,v1.0
8cbd7f54-e616-4948-853e-724927d87ba9,user520@example.com,Subject 807,WINNER! Claim your prize now at <a href='http://malware.com'>here</a>,1772589905,High,1,1,SPAM,v1.0
bedd12fd-3230-4db4-8eae-41bdfb795330,user351@example.com,Subject 808,"Bonjour, voici les documents demandés.",24-07-2025,Urgent!,1,10,Legit,v1.0
d9c58665-e0b5-4aa2-ab37-1b7d274c3758,user12@example.com,Subject 809,How have you been? It has been a long time.,1767319505,High,2,1,1,v1.0
353fabd3-3c8c-475d-afaf-f946e0909e9b,user308@example.com,Subject 810,"<div>Cheap meds, no prescription needed!!!</div><br><p>Best regards,</p>",1750381505,null,0,5,spam,v1.0
ca538cb1-fe4b-46a0-944c-cd391ac68e7a,user405@example.com,Subject 811,"<div>¡Urgente! Necesitamos su respuesta inmediata.</div><br><p>Best regards,</p>",25-05-2025,N/A,null,10,Legit,v1.0
a5be565e-1cb3-4f00-9534-04aeb254eccc,user223@example.com,Subject 812,"<div>Your account has been suspended. Please login to verify.</div><br><p>Best regards,</p>",1757379905,Medium,2,100,s_p_a_m,v1.0
85a56874-8c62-45a1-885d-04e792f079fc,user210@example.com,Subject 813,"Cheap meds, no prescription needed!!!",1771725905,High,None,10,ham,v1.0
4ec4b0fe-781e-440c-b9ca-d5d6d318db85,user926@example.com,Subject 814,Your account has been suspended. Please login to verify.,1777079105,N/A,0,0,SPAM,v1.0
c3f2288e-6ee6-49f6-8d06-e232492e2507,user879@example.com,Subject 815,¡Urgente! Necesitamos su respuesta inmediata.,01-10-2025,Urgent!,1,10,Legit,v1.0
b3ccf4cb-3890-4f65-804b-84f78eb417f6,user202@example.com,Subject 816,"<div>¡Urgente! Necesitamos su respuesta inmediata.</div><br><p>Best regards,</p>",1766973905,High,2,10,Ham,v1.0
e498a6f8-4f4a-46ef-ad03-a1ec3c740ea8,user660@example.com,Subject 817,"Cheap meds, no prescription needed!!!",1746234305,Urgent!,-1,100,s_p_a_m,v1.0
9cfba331-e128-402a-99d2-d80f17806102,user992@example.com,Subject 818,Free money!!! Just click <b>&nbsp;this link&nbsp;</b>,04/04/2026,Urgent!,-1,1,s_p_a_m,v1.0
2db80636-5e11-467d-866d-99e3fa0a28e1,user393@example.com,Subject 819,How have you been? It has been a long time.,07/26/2025,Low,-1,100,s_p_a_m,v1.0
cdcd72ad-a87c-44af-893b-c8994faf8cee,user944@example.com,Subject 820,"Hello, we are interested in your profile.",09/18/2025,Medium,2,100,s_p_a_m,v1.0
fce3e998-6a4d-40f4-bc3b-4861204f4c32,user396@example.com,Subject 821,Attached is the invoice for last month.,2025-07-15T20:05:05.319562,Urgent!,2,1,0,v1.0
a722e2d5-cb4f-4856-b31e-84ed2d56d682,user352@example.com,Subject 822,Meeting at 5pm? Let me know.,1753232705,Urgent!,0,10,Ham,v1.0
908d855f-093d-420c-bbca-58049c9a2633,user149@example.com,Subject 823,Your account has been suspended. Please login to verify.,2025-08-08T20:05:05.319571,null,1,0,spam,v1.0
dc96e985-e5d7-46e0-bfc0-c372a68e2446,user444@example.com,Subject 824,Meeting at 5pm? Let me know.,1757898305,High,None,0,0,v1.0
4380acb7-09c0-4cc1-bfcc-6b34a192ad94,user947@example.com,Subject 825,"Cheap meds, no prescription needed!!!",2025-10-24T20:05:05.319580,Urgent!,2,100,1,v1.0
f232f610-a93d-4a20-9d66-56cae222d22a,user988@example.com,Subject 826,"Hello, we are interested in your profile.",11/26/2025,Urgent!,0,0,Legit,v1.0
161f8758-f011-4807-bd1b-55cbaafd6045,user732@example.com,Subject 827,Meeting at 5pm? Let me know.,2025-07-18T20:05:05.319589,N/A,1,10,Legit,v1.0
1da47986-92ab-4a44-8af2-4c8df012b8a3,user968@example.com,Subject 828,Attached is the invoice for last month.,2026-02-18T20:05:05.319594,Low,2,5,ham,v1.0
f3089f9d-43d1-44dd-9a26-de3f1a59f187,user967@example.com,Subject 829,"Hello, we are interested in your profile.",24-02-2026,Medium,0,5,Legit,v1.0
04fe491e-7c27-4d33-90a7-65f8eef8245a,user81@example.com,Subject 830,Attached is the invoice for last month.,1758589505,N/A,2,0,SPAM,v1.0
5237db01-55e4-4912-84fe-9dc837540b5d,user627@example.com,Subject 831,Free money!!! Just click <b>&nbsp;this link&nbsp;</b>,06-02-2026,Low,None,5,ham,v1.0
89a5ae86-efc5-482c-8665-6ae87f2d196b,user741@example.com,Subject 832,"<div>Attached is the invoice for last month.</div><br><p>Best regards,</p>",03/30/2026,High,2,100,s_p_a_m,v1.0
385a3b85-4bfb-4376-971a-557791a97101,user266@example.com,Subject 833,"Cheap meds, no prescription needed!!!",05/26/2025,Low,1,100,Ham,v1.0
f5d5def7-5fa8-40a8-878e-376c225ac7d2,user405@example.com,Subject 834,"<div>Free money!!! Just click <b>&nbsp;this link&nbsp;</b></div><br><p>Best regards,</p>",2025-09-19T20:05:05.319625,Urgent!,-1,0,s_p_a_m,v1.0
3eba420e-a0f8-4a4e-8d58-711baf92e0d2,user781@example.com,Subject 835,Meeting at 5pm? Let me know.,26-10-2025,Medium,2,10,SPAM,v1.0
6c596546-5c59-4e95-84dc-54490f9057cb,user356@example.com,Subject 836,"<div>Your account has been suspended. Please login to verify.</div><br><p>Best regards,</p>",2026-03-08T20:05:05.319635,N/A,2,5,Legit,v1.0
23bebd7b-dce2-4e9d-a768-cbac48c15e00,user828@example.com,Subject 837,"Cheap meds, no prescription needed!!!",29-08-2025,Urgent!,-1,0,ham,v1.0
8589fef8-d7fb-477e-a37a-d570bf630959,user978@example.com,Subject 838,WINNER! Claim your prize now at <a href='http://malware.com'>here</a>,10/06/2025,Urgent!,0,5,spam,v1.0
21e62746-a522-4605-ad69-bd4c45d1d65c,user938@example.com,Subject 839,Your account has been suspended. Please login to verify.,05-05-2025,High,-1,0,1,v1.0
02c916f1-996e-4ff2-9f8c-a06f82535a23,user680@example.com,Subject 840,Attached is the invoice for last month.,1773623105,null,1,100,spam,v1.0
6cb5fd0c-4272-476b-b409-9a832cff6f3b,user274@example.com,Subject 841,Attached is the invoice for last month.,16-09-2025,Urgent!,-1,5,spam,v1.0
e64d00c2-1eeb-45d2-a22a-9af4b022b536,user562@example.com,Subject 842,Attached is the invoice for last month.,22-04-2026,null,None,1,spam,v1.0
0d372368-bfea-4ef1-95bf-1c062283d7b7,user229@example.com,Subject 843,Attached is the invoice for last month.,2025-09-17T20:05:05.319671,N/A,1,5,s_p_a_m,v1.0
fad21e85-8c4e-40c4-b988-db6443141d3f,user89@example.com,Subject 844,How have you been? It has been a long time.,10/29/2025,High,2,10,1,v1.0
186bfbe6-3a16-4784-901d-e53fb0427f53,user134@example.com,Subject 845,"<div>Cheap meds, no prescription needed!!!</div><br><p>Best regards,</p>",24-07-2025,N/A,1,5,s_p_a_m,v1.0
30952d5c-c6f6-4a3b-84ed-e0baf7ab9491,user888@example.com,Subject 846,"<div>¡Urgente! Necesitamos su respuesta inmediata.</div><br><p>Best regards,</p>",2025-09-02T20:05:05.319686,Low,-1,100,ham,v1.0
8641dcb5-eda6-4faa-a664-addc6120d9d1,user728@example.com,Subject 847,Attached is the invoice for last month.,1766714705,Urgent!,-1,5,0,v1.0
735c1cad-31e7-4377-8d0c-e5406e7be53f,user421@example.com,Subject 848,Your account has been suspended. Please login to verify.,04/26/2026,High,2,10,s_p_a_m,v1.0
f7f6f045-cd05-4782-8ca9-cafec74cdc75,user233@example.com,Subject 849,"Hello, we are interested in your profile.",1755479105,Urgent!,null,5,spam,v1.0
1f7856bd-db0a-42f3-911f-3fced2454e48,user532@example.com,Subject 850,Free money!!! Just click <b>&nbsp;this link&nbsp;</b>,2025-10-16T20:05:05.319745,Low,2,10,Ham,v1.0
18bdc7bc-3728-42d7-8fbd-4d503b6b9146,user808@example.com,Subject 851,"Bonjour, voici les documents demandés.",2025-12-04T20:05:05.319752,N/A,-1,10,1,v1.0
c95a9c9d-830a-436b-87ce-ba1fa6c413c3,user278@example.com,Subject 852,Meeting at 5pm? Let me know.,1772330705,High,1,5,ham,v1.0
53551617-df77-4521-8125-91ba1831d4c9,user400@example.com,Subject 853,"<div>Meeting at 5pm? Let me know.</div><br><p>Best regards,</p>",2026-01-21T20:05:05.319763,null,2,100,ham,v1.0
f18f5683-6d98-495d-8461-7e3e8a47e650,user231@example.com,Subject 854,"<div>Bonjour, voici les documents demandés.</div><br><p>Best regards,</p>",1758935105,Low,null,0,1,v1.0
ac186568-157b-4c0e-88d4-757a02d3e7c1,user502@example.com,Subject 855,Your account has been suspended. Please login to verify.,10-03-2026,Urgent!,null,1,SPAM,v1.0
3774ee91-6e5a-4625-8850-e77a5aeaefac,user291@example.com,Subject 856,"Bonjour, voici les documents demandés.",2025-08-05T20:05:05.319779,Urgent!,1,100,0,v1.0
7d1c1b36-9419-4a52-be43-f9d21ba847cc,user966@example.com,Subject 857,"Hello, we are interested in your profile.",05/05/2025,Urgent!,0,1,0,v1.0
7e7b492a-6300-4848-bb8c-4117046b52fd,user141@example.com,Subject 858,"<div>Hello, we are interested in your profile.</div><br><p>Best regards,</p>",03/02/2026,Low,null,10,Ham,v1.0
8df99848-873f-47be-8e72-8983363a743b,user987@example.com,Subject 859,How have you been? It has been a long time.,2026-01-22T20:05:05.319796,Low,1,0,Legit,v1.0
ca194893-68d3-4305-867e-53fcf4e284bd,user655@example.com,Subject 860,WINNER! Claim your prize now at <a href='http://malware.com'>here</a>,07/20/2025,High,2,10,SPAM,v1.0
f98fbbbc-7a14-42e3-8ba9-a9155d5c8731,user848@example.com,Subject 861,WINNER! Claim your prize now at <a href='http://malware.com'>here</a>,09/05/2025,N/A,-1,1,Legit,v1.0
05102736-4005-4d75-a721-fd899efdebc6,user269@example.com,Subject 862,¡Urgente! Necesitamos su respuesta inmediata.,14-01-2026,High,2,5,s_p_a_m,v1.0
e808f925-d6d4-474a-aeb7-77218d0debee,user340@example.com,Subject 863,"Cheap meds, no prescription needed!!!",16-07-2025,Medium,1,100,0,v1.0
d4c1b321-a5e4-4b50-95d8-2cefc95b9b93,user329@example.com,Subject 864,¡Urgente! Necesitamos su respuesta inmediata.,2025-05-21T20:05:05.319824,null,2,100,Ham,v1.0
e08b0d75-1739-413e-b214-b6bf1b7bcc07,user7@example.com,Subject 865,"<div>Hello, we are interested in your profile.</div><br><p>Best regards,</p>",01-05-2025,High,None,100,spam,v1.0
e7411933-6f1d-40f0-bd4d-a94dce3bde21,user516@example.com,Subject 866,"<div>Hello, we are interested in your profile.</div><br><p>Best regards,</p>",06/17/2025,Low,-1,100,SPAM,v1.0
1966b224-bf9e-480c-ba02-f227ac53bc78,user701@example.com,Subject 867,"<div>Cheap meds, no prescription needed!!!</div><br><p>Best regards,</p>",1755565505,Urgent!,0,0,spam,v1.0
9b3e0e8e-e0e5-4ed7-9595-789aba7ccc53,user962@example.com,Subject 868,"Bonjour, voici les documents demandés.",1765591505,High,-1,10,1,v1.0
52a92f91-6897-4b8c-8891-9af180e6098c,user816@example.com,Subject 869,Attached is the invoice for last month.,2026-01-29T20:05:05.319849,null,1,100,1,v1.0
b128b0ff-c7b1-4653-843f-5ce0c1a1c382,user968@example.com,Subject 870,"<div>Attached is the invoice for last month.</div><br><p>Best regards,</p>",2025-09-19T20:05:05.319854,Low,None,100,spam,v1.0
5578cfb5-f6c1-429b-953b-d8dffac106ac,user974@example.com,Subject 871,How have you been? It has been a long time.,10/17/2025,null,None,5,ham,v1.0
f3ca5dbd-f7de-4363-b4c8-b137a4348007,user655@example.com,Subject 872,"<div>Cheap meds, no prescription needed!!!</div><br><p>Best regards,</p>",12-05-2025,N/A,2,1,1,v1.0
c5b803af-cb7d-4633-9ec7-7b72c48821d6,user876@example.com,Subject 873,"<div>Bonjour, voici les documents demandés.</div><br><p>Best regards,</p>",1751504705,High,0,1,0,v1.0
f9a1d39a-8128-46cc-8b1e-9f4656e1f98a,user269@example.com,Subject 874,¡Urgente! Necesitamos su respuesta inmediata.,06-11-2025,Low,0,5,Ham,v1.0
e5019853-a490-45cf-a37b-e697ef05c05c,user360@example.com,Subject 875,"<div>How have you been? It has been a long time.</div><br><p>Best regards,</p>",2026-02-28T20:05:05.319878,Medium,None,0,Legit,v1.0
a88f9f81-fb07-4db2-8144-bd2aa432a78e,user930@example.com,Subject 876,"<div>Attached is the invoice for last month.</div><br><p>Best regards,</p>",01-12-2025,null,1,5,Ham,v1.0
740008dc-3696-4bcd-b4a2-4e9c7cfc62dc,user43@example.com,Subject 877,"<div>¡Urgente! Necesitamos su respuesta inmediata.</div><br><p>Best regards,</p>",11/01/2025,null,1,5,Legit,v1.0
ca63ee31-03ac-4f6f-ba13-285b2919e14b,user669@example.com,Subject 878,"Hello, we are interested in your profile.",1761699905,Low,1,10,SPAM,v1.0
bc9a7dd6-c0fc-4eed-a047-c8abbe4332b7,user724@example.com,Subject 879,"Cheap meds, no prescription needed!!!",1746061505,Medium,None,100,0,v1.0
4b911396-8fd9-49fe-8b19-837719ef8aa6,user758@example.com,Subject 880,Attached is the invoice for last month.,2025-08-06T20:05:05.319902,null,2,1,s_p_a_m,v1.0
33ae15d4-1e04-44bc-87ad-f4cd7a217c9d,user801@example.com,Subject 881,WINNER! Claim your prize now at <a href='http://malware.com'>here</a>,29-05-2025,Low,0,0,SPAM,v1.0
b6ed9c8c-1ab7-43b1-8080-920c1080b50d,user398@example.com,Subject 882,"Cheap meds, no prescription needed!!!",1761959105,null,1,10,Ham,v1.0
ba5d695d-6854-4e93-869e-38dad74dfb1e,user217@example.com,Subject 883,Your account has been suspended. Please login to verify.,2025-09-13T20:05:05.319918,Medium,null,10,0,v1.0
a52a8b93-326a-4477-a033-cfeba5bffb3c,user109@example.com,Subject 884,¡Urgente! Necesitamos su respuesta inmediata.,2025-06-10T20:05:05.319924,null,0,100,Legit,v1.0
d5c169e6-c043-44d8-b9cf-459f59b5b3d4,user507@example.com,Subject 885,"<div>Free money!!! Just click <b>&nbsp;this link&nbsp;</b></div><br><p>Best regards,</p>",11/06/2025,Low,2,0,ham,v1.0
c3177963-fbe5-49ea-8eb5-3ff6d7506dd2,user125@example.com,Subject 886,Your account has been suspended. Please login to verify.,05/18/2025,Medium,null,0,spam,v1.0
bbfd2130-c015-491b-93af-5280ceacae5f,user751@example.com,Subject 887,Your account has been suspended. Please login to verify.,21-06-2025,High,null,10,spam,v1.0
d4c12834-f273-4708-a559-bc3ba40198fe,user773@example.com,Subject 888,Your account has been suspended. Please login to verify.,1762740305,Urgent!,None,0,ham,v1.0
e37e8738-9030-429f-9f1b-5b3d0bd66afb,user636@example.com,Subject 889,¡Urgente! Necesitamos su respuesta inmediata.,2025-11-02T20:05:05.319948,null,1,0,1,v1.0
c7d4e2b9-9238-4d3a-88e2-e3f17a812494,user905@example.com,Subject 890,"Bonjour, voici les documents demandés.",1747789505,High,1,100,SPAM,v1.0
d669c475-57df-42bf-ba1f-2a2937d527a8,user771@example.com,Subject 891,"Cheap meds, no prescription needed!!!",2026-02-09T20:05:05.319957,Medium,null,0,1,v1.0
7b11476d-53a5-46ff-994f-d01b822a0770,user940@example.com,Subject 892,How have you been? It has been a long time.,10/01/2025,N/A,None,100,Legit,v1.0
f24a3232-f6a4-4e5b-b1db-421ab9cb5583,user989@example.com,Subject 893,WINNER! Claim your prize now at <a href='http://malware.com'>here</a>,24-09-2025,N/A,1,1,SPAM,v1.0
90173f20-a4c2-46a1-ad9a-21fb90539127,user264@example.com,Subject 894,Attached is the invoice for last month.,27-02-2026,Urgent!,null,100,Legit,v1.0
840828d4-0854-4765-91ca-74a1cf5f85a2,user348@example.com,Subject 895,WINNER! Claim your prize now at <a href='http://malware.com'>here</a>,1764209105,High,None,5,0,v1.0
0116da89-69f5-4acb-9b7d-c1063a55df4e,user897@example.com,Subject 896,Free money!!! Just click <b>&nbsp;this link&nbsp;</b>,03-06-2025,Urgent!,null,1,1,v1.0
1b995365-8ad7-4f98-8492-57d9f520c458,user138@example.com,Subject 897,"Cheap meds, no prescription needed!!!",1754615105,null,0,5,1,v1.0
53fd4ee7-bf3b-4e05-b467-3b887cb1d632,user511@example.com,Subject 898,"Hello, we are interested in your profile.",18-07-2025,N/A,1,0,Ham,v1.0
e46781ee-ddb3-40f9-9082-6479330e4a4d,user803@example.com,Subject 899,How have you been? It has been a long time.,2025-06-20T20:05:05.319995,Urgent!,1,10,0,v1.0
6c390089-a2e5-40ed-8106-8164c1771abb,user918@example.com,Subject 900,"<div>Hello, we are interested in your profile.</div><br><p>Best regards,</p>",22-09-2025,Low,None,1,1,v1.0
2ef1a3b4-ca2b-4170-9ab6-6569aa9f3df1,user726@example.com,Subject 901,How have you been? It has been a long time.,1770602705,N/A,1,10,s_p_a_m,v1.0
5f3b0cd7-a76a-446c-8678-8488c9894299,user414@example.com,Subject 902,"<div>Meeting at 5pm? Let me know.</div><br><p>Best regards,</p>",01/16/2026,Urgent!,-1,10,ham,v1.0
6ba99ea8-9591-48b9-9202-5da7aea36c9e,user810@example.com,Subject 903,¡Urgente! Necesitamos su respuesta inmediata.,12-08-2025,Urgent!,null,100,Legit,v1.0
50e0dd79-0952-4e31-9292-6bf9ba88c430,user900@example.com,Subject 904,"Cheap meds, no prescription needed!!!",1755911105,N/A,1,10,1,v1.0
45e1dad8-6585-4948-a357-60f5fb86fc40,user966@example.com,Subject 905,WINNER! Claim your prize now at <a href='http://malware.com'>here</a>,15-01-2026,Low,0,5,spam,v1.0
0b5d47be-4a6d-403c-8d7f-7d013d8e1454,user772@example.com,Subject 906,How have you been? It has been a long time.,12/10/2025,Medium,0,0,SPAM,v1.0
2925cf60-c104-41a7-9a5d-d25bc37ea4bf,user588@example.com,Subject 907,Attached is the invoice for last month.,2025-05-11T20:05:05.320081,High,None,1,SPAM,v1.0
76989f4a-15e1-4232-96cc-a61b91e566e1,user396@example.com,Subject 908,¡Urgente! Necesitamos su respuesta inmediata.,25-04-2026,null,0,5,0,v1.0
cffce043-f65f-4efc-85a8-56cd322be05c,user746@example.com,Subject 909,"Hello, we are interested in your profile.",25-09-2025,N/A,None,10,1,v1.0
e634ccbe-ae27-43be-88d4-c62d8ea570e0,user584@example.com,Subject 910,Attached is the invoice for last month.,2025-08-27T20:05:05.320169,null,1,5,spam,v1.0
0155589c-4d92-485c-9fcb-eb77f0910776,user321@example.com,Subject 911,"<div>Bonjour, voici les documents demandés.</div><br><p>Best regards,</p>",28-02-2026,Urgent!,0,100,0,v1.0
3505fa18-2b31-4807-aaf9-edba51622a48,user634@example.com,Subject 912,"<div>Hello, we are interested in your profile.</div><br><p>Best regards,</p>",1755219905,High,2,5,1,v1.0
50e065d0-33a3-4a1c-875c-86237cfc6682,user273@example.com,Subject 913,¡Urgente! Necesitamos su respuesta inmediata.,08/27/2025,N/A,null,5,Ham,v1.0
4ccb14aa-7cbd-4421-912d-c9cf5c8a10f9,user976@example.com,Subject 914,"Bonjour, voici les documents demandés.",1767665105,High,1,10,Legit,v1.0
c7918ecd-2d5c-4c4d-9153-b6e93a85fe11,user180@example.com,Subject 915,"<div>WINNER! Claim your prize now at <a href='http://malware.com'>here</a></div><br><p>Best regards,</p>",15-08-2025,Low,2,10,spam,v1.0
c12e542f-6f70-4963-957b-978382a67bd9,user992@example.com,Subject 916,Meeting at 5pm? Let me know.,1765332305,Low,0,100,ham,v1.0
e3dc8b16-b87f-44eb-a9fa-24efc7a094bd,user363@example.com,Subject 917,Meeting at 5pm? Let me know.,08/23/2025,Low,2,100,0,v1.0
7ac79b61-dd71-4fd9-9421-8ec4e3a0f94d,user926@example.com,Subject 918,¡Urgente! Necesitamos su respuesta inmediata.,1771725905,Low,-1,100,0,v1.0
b538d215-b02c-4704-8bb2-fcc28d73e41c,user846@example.com,Subject 919,Your account has been suspended. Please login to verify.,08/01/2025,High,None,1,Ham,v1.0
b21cf5b7-7345-4a31-8de0-7d4877d58ff2,user910@example.com,Subject 920,"<div>Cheap meds, no prescription needed!!!</div><br><p>Best regards,</p>",13-05-2025,Low,-1,5,SPAM,v1.0
b5694f56-c05c-4f8b-82f1-62e8d91566cf,user517@example.com,Subject 921,Your account has been suspended. Please login to verify.,1762045505,null,None,0,1,v1.0
7a983e23-6f32-4494-8802-15e460b2e1f5,user440@example.com,Subject 922,Meeting at 5pm? Let me know.,08-09-2025,null,2,10,0,v1.0
3ac71931-912e-45eb-9dde-dafeaac7227b,user806@example.com,Subject 923,Attached is the invoice for last month.,1749171905,High,None,10,Ham,v1.0
02d94ea1-53c7-4011-ac6e-dba1a097f557,user972@example.com,Subject 924,Meeting at 5pm? Let me know.,08-12-2025,High,null,1,0,v1.0
c9b222e8-0cce-4fb8-8600-53c3f803c88d,user545@example.com,Subject 925,"<div>How have you been? It has been a long time.</div><br><p>Best regards,</p>",29-12-2025,Low,2,1,Legit,v1.0
a61ccb41-d197-41b4-98c2-caf656f9a238,user223@example.com,Subject 926,Meeting at 5pm? Let me know.,21-01-2026,High,1,10,Legit,v1.0
97b01e9b-2031-4780-bab5-e3015bea8fd4,user985@example.com,Subject 927,"<div>Cheap meds, no prescription needed!!!</div><br><p>Best regards,</p>",2025-10-18T20:05:05.320323,High,null,0,spam,v1.0
04dfbd37-f27e-4d69-b9de-10ea4a757c1d,user611@example.com,Subject 928,"Bonjour, voici les documents demandés.",1759971905,High,None,100,spam,v1.0
a5b75eb8-8423-413a-b6b4-e4d6c6ae8592,user345@example.com,Subject 929,"<div>Free money!!! Just click <b>&nbsp;this link&nbsp;</b></div><br><p>Best regards,</p>",2025-06-19T20:05:05.320335,Medium,null,10,0,v1.0
bf02af08-71b3-4215-ae86-e5fbf3eb1a5b,user1@example.com,Subject 930,"<div>Cheap meds, no prescription needed!!!</div><br><p>Best regards,</p>",01/25/2026,Urgent!,2,1,Ham,v1.0
edb65ddc-a75b-4168-a591-9c7419965611,user658@example.com,Subject 931,Meeting at 5pm? Let me know.,1746839105,null,1,0,Ham,v1.0
11bb3e89-c836-424e-b11f-338cf872f4e8,user248@example.com,Subject 932,¡Urgente! Necesitamos su respuesta inmediata.,31-12-2025,Medium,2,5,1,v1.0
828b2bb8-de71-4ec8-8292-8b27cd5a4eeb,user743@example.com,Subject 933,"Hello, we are interested in your profile.",11/22/2025,Urgent!,2,100,ham,v1.0
ce5d0a18-8815-4d9a-be70-5bab574c174d,user478@example.com,Subject 934,¡Urgente! Necesitamos su respuesta inmediata.,05-05-2025,Urgent!,1,5,ham,v1.0
bac9fa24-a97e-4cd9-9aa1-d7a6871b4802,user913@example.com,Subject 935,"<div>Free money!!! Just click <b>&nbsp;this link&nbsp;</b></div><br><p>Best regards,</p>",11-07-2025,Medium,2,5,ham,v1.0
fc6eda2a-9688-4e77-a850-51940abbd6a8,user383@example.com,Subject 936,"<div>Attached is the invoice for last month.</div><br><p>Best regards,</p>",01/04/2026,Low,0,100,spam,v1.0
1600ee06-72e1-41ed-984e-e687f2980efc,user877@example.com,Subject 937,WINNER! Claim your prize now at <a href='http://malware.com'>here</a>,20-10-2025,Medium,1,1,0,v1.0
a7a443c8-004f-4112-884f-8c73f04c7175,user789@example.com,Subject 938,"<div>¡Urgente! Necesitamos su respuesta inmediata.</div><br><p>Best regards,</p>",26-12-2025,Urgent!,null,10,1,v1.0
97dc14c7-a84a-44f7-b79f-b82440d1a8c9,user291@example.com,Subject 939,Free money!!! Just click <b>&nbsp;this link&nbsp;</b>,1750035905,N/A,2,100,ham,v1.0
153a3030-af72-4af1-952b-581dc87fb91b,user93@example.com,Subject 940,How have you been? It has been a long time.,2025-07-01T20:05:05.320397,Low,-1,0,1,v1.0
003dbea7-f846-4fc6-8432-afbc75f0b5fa,user846@example.com,Subject 941,"<div>How have you been? It has been a long time.</div><br><p>Best regards,</p>",2026-01-07T20:05:05.320402,Medium,0,1,ham,v1.0
710f6478-a5fd-45f8-8f45-bc5cb2f79dd2,user581@example.com,Subject 942,"<div>How have you been? It has been a long time.</div><br><p>Best regards,</p>",06/12/2025,null,1,1,s_p_a_m,v1.0
6cb0035a-b6f2-44b3-83d4-cdb598936014,user657@example.com,Subject 943,"<div>Cheap meds, no prescription needed!!!</div><br><p>Best regards,</p>",07-12-2025,null,0,0,spam,v1.0
fcc43a4f-e911-4191-ae59-aa454ef6e837,user18@example.com,Subject 944,"<div>Your account has been suspended. Please login to verify.</div><br><p>Best regards,</p>",2025-06-08T20:05:05.320417,null,-1,10,Ham,v1.0
cd423b09-3cf3-4eb7-849b-ebe9bd451c65,user87@example.com,Subject 945,Attached is the invoice for last month.,2025-12-25T20:05:05.320422,High,-1,1,0,v1.0
3f2b227f-14a7-493f-a331-f9cf4afd5a4b,user385@example.com,Subject 946,¡Urgente! Necesitamos su respuesta inmediata.,02-02-2026,null,None,5,Legit,v1.0
debabe9f-430a-4647-9a63-bf27a7713d73,user43@example.com,Subject 947,"<div>Your account has been suspended. Please login to verify.</div><br><p>Best regards,</p>",2025-10-29T20:05:05.320433,Low,null,5,ham,v1.0
7ec9a59e-b462-4a98-b556-863e310861d9,user231@example.com,Subject 948,"<div>Attached is the invoice for last month.</div><br><p>Best regards,</p>",07/22/2025,Low,1,100,0,v1.0
dbf33756-e526-4b53-b6a7-03cd8641e2d2,user669@example.com,Subject 949,Free money!!! Just click <b>&nbsp;this link&nbsp;</b>,22-05-2025,Medium,2,0,Legit,v1.0
4292cb13-bcce-43df-aedc-905a83099156,user123@example.com,Subject 950,"Cheap meds, no prescription needed!!!",07-05-2025,null,-1,0,Legit,v1.0
1b79fec6-01fc-4726-a098-d505d552bc99,user272@example.com,Subject 951,"<div>Cheap meds, no prescription needed!!!</div><br><p>Best regards,</p>",28-05-2025,Low,null,5,s_p_a_m,v1.0
4747013f-4655-4fe6-a1d7-456e5862f0dd,user17@example.com,Subject 952,"<div>Your account has been suspended. Please login to verify.</div><br><p>Best regards,</p>",12/20/2025,High,-1,10,spam,v1.0
7a5d7a0d-9fc6-4f65-be11-376917beb0a9,user6@example.com,Subject 953,"Bonjour, voici les documents demandés.",2025-05-22T20:05:05.320465,Low,None,10,s_p_a_m,v1.0
dc785947-60d6-4d35-9347-06cd52ac1fcd,user463@example.com,Subject 954,Attached is the invoice for last month.,2025-10-26T20:05:05.320469,Low,1,1,SPAM,v1.0
ce361dc8-ddc0-4378-9427-831bde69104e,user704@example.com,Subject 955,"<div>¡Urgente! Necesitamos su respuesta inmediata.</div><br><p>Best regards,</p>",24-01-2026,null,-1,10,SPAM,v1.0
ab786e46-ff04-4f68-8fe8-7950a42b089f,user114@example.com,Subject 956,"Cheap meds, no prescription needed!!!",24-02-2026,null,None,10,1,v1.0
a980fabc-a425-4729-be33-971f3e2d38cb,user228@example.com,Subject 957,"<div>Cheap meds, no prescription needed!!!</div><br><p>Best regards,</p>",2026-03-19T20:05:05.320484,Low,1,0,Ham,v1.0
0e8859cf-1d01-43d5-ac27-c29a48cc0955,user671@example.com,Subject 958,How have you been? It has been a long time.,1765245905,High,0,0,s_p_a_m,v1.0
afe91b4a-da8e-46b2-9a91-2aee7847ce1b,user471@example.com,Subject 959,"<div>Cheap meds, no prescription needed!!!</div><br><p>Best regards,</p>",2026-03-25T20:05:05.320493,High,2,10,s_p_a_m,v1.0
832a9d25-f61a-4a81-afe3-1c9540f8f4c1,user103@example.com,Subject 960,"<div>Meeting at 5pm? Let me know.</div><br><p>Best regards,</p>",07/19/2025,Low,2,10,1,v1.0
d1cfa6b0-ef42-4cdd-9d60-3d8e797be1c9,user687@example.com,Subject 961,Meeting at 5pm? Let me know.,02/20/2026,N/A,2,100,Legit,v1.0
b3da8352-7efa-48eb-8e0a-b32c847ffcb3,user769@example.com,Subject 962,"<div>Meeting at 5pm? Let me know.</div><br><p>Best regards,</p>",2025-11-11T20:05:05.320509,Urgent!,1,100,spam,v1.0
4cfd7c72-c6aa-41a3-8e1d-70a38a0b348c,user110@example.com,Subject 963,¡Urgente! Necesitamos su respuesta inmediata.,03/03/2026,Low,1,10,ham,v1.0
a6f4d3a1-c3bb-4a3f-a93c-58eed2612bd9,user511@example.com,Subject 964,WINNER! Claim your prize now at <a href='http://malware.com'>here</a>,1752282305,null,1,100,Legit,v1.0
1a8a7ef0-afe8-4efe-bf0f-b900c6472507,user615@example.com,Subject 965,How have you been? It has been a long time.,2025-06-13T20:05:05.320524,N/A,None,100,ham,v1.0
534e2881-1b02-48c3-a9a3-d8d028b01018,user693@example.com,Subject 966,"<div>Your account has been suspended. Please login to verify.</div><br><p>Best regards,</p>",05/01/2025,N/A,-1,1,spam,v1.0
ae984a1e-daaa-4684-8f90-6077f6525f26,user851@example.com,Subject 967,Attached is the invoice for last month.,2025-07-27T20:05:05.320534,N/A,None,10,SPAM,v1.0
a8c2896d-b7ae-44a7-bc80-57d2662a4f69,user758@example.com,Subject 968,¡Urgente! Necesitamos su respuesta inmediata.,07-05-2025,Urgent!,2,5,SPAM,v1.0
da29431a-0d5f-4a21-98ce-2cf94166c9ed,user654@example.com,Subject 969,"<div>WINNER! Claim your prize now at <a href='http://malware.com'>here</a></div><br><p>Best regards,</p>",2025-09-15T20:05:05.320544,null,2,1,1,v1.0
e9ad8ba0-4b07-4c18-a9f6-fe55727e10ab,user947@example.com,Subject 970,"<div>Your account has been suspended. Please login to verify.</div><br><p>Best regards,</p>",23-05-2025,Medium,None,0,SPAM,v1.0
c5f96744-95a8-4b05-b94e-106cb3f1c7fd,user280@example.com,Subject 971,"Bonjour, voici les documents demandés.",29-06-2025,Urgent!,2,0,spam,v1.0
68d52d1a-3005-4bdf-b495-14164471dd4f,user797@example.com,Subject 972,"Bonjour, voici les documents demandés.",1746925505,Urgent!,None,5,spam,v1.0
2d7e2f84-441f-4d39-94b0-5b053eecfcab,user265@example.com,Subject 973,"<div>How have you been? It has been a long time.</div><br><p>Best regards,</p>",03/03/2026,High,-1,1,spam,v1.0
b2327e76-ec69-4c7f-a696-6f92a7781733,user635@example.com,Subject 974,"<div>Free money!!! Just click <b>&nbsp;this link&nbsp;</b></div><br><p>Best regards,</p>",11-05-2025,High,1,100,1,v1.0
992889ab-66e1-4202-8631-3bc587f8d1ce,user241@example.com,Subject 975,¡Urgente! Necesitamos su respuesta inmediata.,08/24/2025,N/A,None,1,s_p_a_m,v1.0
2d2f8e7d-e4cd-46b3-957b-d0055db31062,user245@example.com,Subject 976,"<div>Free money!!! Just click <b>&nbsp;this link&nbsp;</b></div><br><p>Best regards,</p>",26-01-2026,Urgent!,null,100,1,v1.0
bc95b4cb-3b89-4696-ad17-28f5521b10b3,user932@example.com,Subject 977,Attached is the invoice for last month.,2025-05-08T20:05:05.320585,Medium,1,1,SPAM,v1.0
3c394d3a-93d4-4c75-a473-b9fb476c1def,user86@example.com,Subject 978,How have you been? It has been a long time.,10/02/2025,High,1,10,Legit,v1.0
1decc7cb-14e3-4b9f-910e-be136262b7ef,user439@example.com,Subject 979,"<div>Attached is the invoice for last month.</div><br><p>Best regards,</p>",2026-04-27T20:05:05.320595,N/A,None,0,0,v1.0
f8edb1ba-0551-4583-8532-bf0075d8de34,user313@example.com,Subject 980,WINNER! Claim your prize now at <a href='http://malware.com'>here</a>,1767924305,Low,null,5,0,v1.0
aeaaef3d-4761-4bf2-bd4d-64565faeceb5,user692@example.com,Subject 981,How have you been? It has been a long time.,1776819905,High,None,100,0,v1.0
86fe472e-8f35-438a-bc23-0970385f1e41,user949@example.com,Subject 982,Your account has been suspended. Please login to verify.,2025-10-06T20:05:05.320609,null,0,100,1,v1.0
58827b78-f58c-46f7-a8fb-56d613943bee,user209@example.com,Subject 983,"<div>Bonjour, voici les documents demandés.</div><br><p>Best regards,</p>",1774746305,Medium,0,100,ham,v1.0
8ae0ee4f-5933-40c8-835a-b1bb7fb1356b,user595@example.com,Subject 984,"Hello, we are interested in your profile.",1751677505,Low,-1,0,1,v1.0
a4e6e6bd-db05-4a07-93e5-a400a24da67b,user687@example.com,Subject 985,"<div>Attached is the invoice for last month.</div><br><p>Best regards,</p>",1772849105,null,None,1,0,v1.0
e9b5a606-7195-43e5-9aea-1db2998cae8e,user830@example.com,Subject 986,Meeting at 5pm? Let me know.,11/15/2025,Medium,1,100,SPAM,v1.0
4b4120c0-f1b6-4baa-a19d-8df0c99415d5,user898@example.com,Subject 987,Attached is the invoice for last month.,2025-09-18T20:05:05.320631,Medium,0,5,SPAM,v1.0
942310fb-7486-4f3d-918f-ef0827302a76,user54@example.com,Subject 988,Attached is the invoice for last month.,2025-09-04T20:05:05.320636,N/A,0,100,Legit,v1.0
820d9efe-5cde-4cb3-bb37-fc1b23a747d1,user623@example.com,Subject 989,"<div>Hello, we are interested in your profile.</div><br><p>Best regards,</p>",2025-09-21T20:05:05.320640,N/A,1,0,0,v1.0
56aea64b-640d-4324-8b0c-50f721b673fd,user857@example.com,Subject 990,"<div>Cheap meds, no prescription needed!!!</div><br><p>Best regards,</p>",08/07/2025,Medium,1,10,s_p_a_m,v1.0
39da21f9-c19f-4fe0-8a09-2bf9196793bb,user682@example.com,Subject 991,WINNER! Claim your prize now at <a href='http://malware.com'>here</a>,1765245905,Low,-1,0,spam,v1.0
c9ba6b12-486d-429d-948e-1af3fc030049,user759@example.com,Subject 992,Your account has been suspended. Please login to verify.,1766887505,Medium,None,1,Ham,v1.0
cd9b1a29-7398-4f06-9096-e46f0cc100e2,user807@example.com,Subject 993,"<div>Your account has been suspended. Please login to verify.</div><br><p>Best regards,</p>",01/28/2026,N/A,0,10,Legit,v1.0
0e7c6ebd-f036-4c03-af0b-c53475162591,user882@example.com,Subject 994,Your account has been suspended. Please login to verify.,18-03-2026,null,0,0,spam,v1.0
0839c7f9-81f7-4dc0-b9ac-1382fd62f2cd,user580@example.com,Subject 995,Free money!!! Just click <b>&nbsp;this link&nbsp;</b>,25-09-2025,Low,2,10,Legit,v1.0
fa53db3b-3983-4876-ae1d-4ef350147a3b,user529@example.com,Subject 996,"Hello, we are interested in your profile.",08/27/2025,null,-1,1,ham,v1.0
6f63477b-06d0-4169-8de1-b46841f2becc,user551@example.com,Subject 997,WINNER! Claim your prize now at <a href='http://malware.com'>here</a>,1757379905,N/A,1,10,SPAM,v1.0
0941e080-b6a8-4402-b197-1c7e3986454d,user425@example.com,Subject 998,WINNER! Claim your prize now at <a href='http://malware.com'>here</a>,15-02-2026,Medium,2,0,s_p_a_m,v1.0
4c45265a-44c9-4e58-9240-b679ccc6f758,user946@example.com,Subject 999,"<div>How have you been? It has been a long time.</div><br><p>Best regards,</p>",05/17/2025,null,2,1,ham,v1.0
665d7e22-6479-4c4c-ba2a-aebb0f41cc4f,user770@example.com,Subject 1000,"<div>Hello, we are interested in your profile.</div><br><p>Best regards,</p>",07/21/2025,null,-1,1,0,v1.0
a6a5132e-a053-487f-97a9-82b4627ffef8,user84@example.com,Subject 1001,¡Urgente! Necesitamos su respuesta inmediata.,02/05/2026,N/A,0,10,s_p_a_m,v1.0
5f85ade0-11e4-47c0-be7d-843197e5a655,user909@example.com,Subject 1002,"Bonjour, voici les documents demandés.",1774141505,null,0,1,s_p_a_m,v1.0
2cf61576-f0a4-4fa1-a55c-58f60c3be660,user863@example.com,Subject 1003,Meeting at 5pm? Let me know.,2025-06-22T20:05:05.320713,N/A,-1,100,Legit,v1.0
f732faa3-c4e4-465a-ad0f-4de9e19e2da0,user902@example.com,Subject 1004,"<div>Your account has been suspended. Please login to verify.</div><br><p>Best regards,</p>",11/02/2025,High,1,0,Legit,v1.0
444a80a9-3fc7-48bf-bd9d-eb8c04a53f81,user104@example.com,Subject 1005,"<div>¡Urgente! Necesitamos su respuesta inmediata.</div><br><p>Best regards,</p>",10/23/2025,N/A,1,10,0,v1.0
d6c14468-e5c5-4fdb-892b-0d670aa6306b,user112@example.com,Subject 1006,"Cheap meds, no prescription needed!!!",1752541505,High,2,10,ham,v1.0
1ebcae14-acad-4090-889f-e6caeb11bd10,user38@example.com,Subject 1007,¡Urgente! Necesitamos su respuesta inmediata.,1746752705,Medium,0,5,SPAM,v1.0
6eee6fe8-1dab-4c91-9e1b-654e7b8d4a24,user687@example.com,Subject 1008,WINNER! Claim your prize now at <a href='http://malware.com'>here</a>,03/07/2026,Urgent!,-1,1,1,v1.0
f5058f79-530c-4123-a7ba-ca0d1716a97c,user356@example.com,Subject 1009,"<div>Free money!!! Just click <b>&nbsp;this link&nbsp;</b></div><br><p>Best regards,</p>",17-11-2025,N/A,2,1,0,v1.0
aa2eb0b5-3adc-453c-8449-ca87d1e355e4,user893@example.com,Subject 1010,WINNER! Claim your prize now at <a href='http://malware.com'>here</a>,1773450305,Low,null,0,Legit,v1.0
92e8661f-0ecd-43fc-9bc0-83bbcca6b9ba,user11@example.com,Subject 1011,"<div>Cheap meds, no prescription needed!!!</div><br><p>Best regards,</p>",07/02/2025,N/A,null,1,SPAM,v1.0
08e355b9-4dfd-4575-9422-2bad5c91b2a4,user277@example.com,Subject 1012,"<div>How have you been? It has been a long time.</div><br><p>Best regards,</p>",09/25/2025,High,null,10,0,v1.0
0db950bd-c42a-444a-9e3e-44fdc576af1c,user714@example.com,Subject 1013,¡Urgente! Necesitamos su respuesta inmediata.,2026-04-04T20:05:05.320762,Urgent!,-1,10,s_p_a_m,v1.0
befe4b97-a1d2-4f12-93cd-f35d45f1f511,user364@example.com,Subject 1014,"<div>Your account has been suspended. Please login to verify.</div><br><p>Best regards,</p>",1749085505,High,None,5,ham,v1.0
04c1be0c-2cd2-4402-8946-c678a175d91f,user573@example.com,Subject 1015,Your account has been suspended. Please login to verify.,01/15/2026,Low,None,1,SPAM,v1.0
5af9885e-ec39-4383-9dec-6a9ddd11250d,user381@example.com,Subject 1016,"Hello, we are interested in your profile.",2025-12-18T20:05:05.320778,null,1,10,0,v1.0
0d82a642-0144-4fa2-af8f-04cff3395129,user52@example.com,Subject 1017,"Bonjour, voici les documents demandés.",1764122705,Low,null,100,0,v1.0
8e02a5aa-fe94-4aba-b6c9-0a118982541a,user495@example.com,Subject 1018,WINNER! Claim your prize now at <a href='http://malware.com'>here</a>,11-05-2025,Urgent!,-1,5,Ham,v1.0
c35d66b6-563a-458f-9274-2f48728ab494,user398@example.com,Subject 1019,Your account has been suspended. Please login to verify.,1751504705,N/A,None,1,spam,v1.0
1ade7c39-1426-44d9-b055-ebea992129bf,user141@example.com,Subject 1020,"Cheap meds, no prescription needed!!!",2025-10-11T20:05:05.320796,Low,1,1,1,v1.0
3b43011f-414b-47e2-b838-f9e6b30dda17,user877@example.com,Subject 1021,"<div>Hello, we are interested in your profile.</div><br><p>Best regards,</p>",10/02/2025,High,None,5,Legit,v1.0
4b58ce45-7b35-4e12-84a8-d21ddd32f895,user900@example.com,Subject 1022,"Bonjour, voici les documents demandés.",14-10-2025,Medium,-1,1,ham,v1.0
fc95b230-f399-4e9a-b2e3-799303b5c320,user150@example.com,Subject 1023,Meeting at 5pm? Let me know.,10/20/2025,N/A,-1,10,1,v1.0
fc2222d8-6fba-4e6b-8587-2b9a5296fb16,user608@example.com,Subject 1024,¡Urgente! Necesitamos su respuesta inmediata.,21-03-2026,Urgent!,-1,10,ham,v1.0
f499f5c1-fbfd-4284-a670-9f5c55e6fa3d,user962@example.com,Subject 1025,"<div>Hello, we are interested in your profile.</div><br><p>Best regards,</p>",1759539905,Medium,-1,0,SPAM,v1.0
12f1376b-2dbc-46ac-8211-7cabb3afc3ad,user354@example.com,Subject 1026,How have you been? It has been a long time.,04/19/2026,Medium,1,10,1,v1.0
7dfd8966-cb24-40ed-9e59-2ca8c016c530,user336@example.com,Subject 1027,"<div>Free money!!! Just click <b>&nbsp;this link&nbsp;</b></div><br><p>Best regards,</p>",1751159105,Medium,1,5,ham,v1.0
913c0639-ad1f-4a9a-a894-03afd6ca6942,user624@example.com,Subject 1028,Free money!!! Just click <b>&nbsp;this link&nbsp;</b>,1773795905,N/A,2,10,0,v1.0
7c048a9b-a585-433b-a061-3a5c83100d1f,user404@example.com,Subject 1029,"<div>Free money!!! Just click <b>&nbsp;this link&nbsp;</b></div><br><p>Best regards,</p>",2025-12-27T20:05:05.320840,Urgent!,2,10,spam,v1.0
0242b0a0-6102-42df-b006-906d8166fbb9,user952@example.com,Subject 1030,How have you been? It has been a long time.,2025-10-22T20:05:05.320845,High,-1,5,SPAM,v1.0
3a86c553-0a5b-4571-861b-ab3b3acb0f09,user546@example.com,Subject 1031,How have you been? It has been a long time.,16-01-2026,High,0,5,s_p_a_m,v1.0
6b6becd1-40c4-4f6b-9dfa-7e4598411993,user29@example.com,Subject 1032,Your account has been suspended. Please login to verify.,1761354305,High,None,1,SPAM,v1.0
9bc48400-3343-4117-b695-7c6a4df0a00f,user751@example.com,Subject 1033,"<div>Cheap meds, no prescription needed!!!</div><br><p>Best regards,</p>",2026-01-18T20:05:05.320859,High,0,10,s_p_a_m,v1.0
09deeb11-70ab-46cd-a792-09b7d3f174fc,user940@example.com,Subject 1034,WINNER! Claim your prize now at <a href='http://malware.com'>here</a>,2025-12-21T20:05:05.320864,N/A,1,10,0,v1.0
6c7dcf55-8356-41da-9cae-3eabb2323d1f,user999@example.com,Subject 1035,"Bonjour, voici les documents demandés.",2025-10-15T20:05:05.320868,null,0,100,spam,v1.0
4d78b20d-9e9c-43e1-a726-fa45668c593e,user976@example.com,Subject 1036,"<div>Bonjour, voici les documents demandés.</div><br><p>Best regards,</p>",10/15/2025,High,1,100,Ham,v1.0
e8d1e244-db2b-48aa-a118-1d0b57d621c2,user451@example.com,Subject 1037,"<div>Hello, we are interested in your profile.</div><br><p>Best regards,</p>",1746147905,null,2,5,Ham,v1.0
b1797797-c718-4a09-b4e2-e8994bc9d540,user907@example.com,Subject 1038,Your account has been suspended. Please login to verify.,05/10/2025,Urgent!,None,100,Ham,v1.0
61a86e68-dd26-42f5-a431-fed8e987e385,user548@example.com,Subject 1039,"Cheap meds, no prescription needed!!!",02/15/2026,Urgent!,2,0,Legit,v1.0
b34ac8fe-a573-4330-97bc-120f2d7c9d38,user778@example.com,Subject 1040,Attached is the invoice for last month.,2025-12-08T20:05:05.320893,null,0,1,1,v1.0
d4fb6fe2-e815-4674-870b-4f68b0804163,user166@example.com,Subject 1041,"Hello, we are interested in your profile.",2026-01-23T20:05:05.320897,Low,-1,100,s_p_a_m,v1.0
8eb42ec0-2d8b-43a5-8f62-07d1c55abf97,user513@example.com,Subject 1042,WINNER! Claim your prize now at <a href='http://malware.com'>here</a>,11-12-2025,Low,-1,1,Legit,v1.0
8074bb0a-f684-461a-9ee0-4fcf41b6be04,user720@example.com,Subject 1043,Attached is the invoice for last month.,11/11/2025,null,None,1,0,v1.0
d830c651-86a7-46a5-aeef-3b67006e9d3a,user246@example.com,Subject 1044,"<div>How have you been? It has been a long time.</div><br><p>Best regards,</p>",2026-03-22T20:05:05.320914,Urgent!,-1,0,s_p_a_m,v1.0
ea021a8f-5ea9-4adc-ae09-820fd96e4e5b,user210@example.com,Subject 1045,Meeting at 5pm? Let me know.,2025-12-27T20:05:05.320918,Low,-1,100,s_p_a_m,v1.0
594c2b19-80d8-4d6c-a028-d242487b66ff,user582@example.com,Subject 1046,Free money!!! Just click <b>&nbsp;this link&nbsp;</b>,05-09-2025,N/A,null,100,s_p_a_m,v1.0
b3c0b89a-0fe3-44f4-a876-378b27ffb84c,user459@example.com,Subject 1047,"Cheap meds, no prescription needed!!!",1761440705,Urgent!,0,100,spam,v1.0
bb5e7837-d960-4a9e-9581-cbe17451d7e5,user427@example.com,Subject 1048,Your account has been suspended. Please login to verify.,01/04/2026,null,None,100,spam,v1.0
a95e5e51-bc82-466a-a2f9-3770b3b5708c,user726@example.com,Subject 1049,Meeting at 5pm? Let me know.,29-10-2025,Low,null,10,ham,v1.0
ae68feec-950c-4ab5-8579-f669f730a010,user874@example.com,Subject 1050,¡Urgente! Necesitamos su respuesta inmediata.,03/05/2026,Urgent!,null,1,Legit,v1.0
4c372fda-e804-46db-9777-27886af59df3,user168@example.com,Subject 1051,Attached is the invoice for last month.,26-07-2025,Urgent!,0,10,0,v1.0
5d061db5-bba1-4b02-bcf0-ac39761a0225,user279@example.com,Subject 1052,"<div>Your account has been suspended. Please login to verify.</div><br><p>Best regards,</p>",15-08-2025,null,null,1,0,v1.0
61583e5f-62eb-493e-9ddf-e04539d50f06,user536@example.com,Subject 1053,"<div>Your account has been suspended. Please login to verify.</div><br><p>Best regards,</p>",2025-09-16T20:05:05.321028,Medium,1,5,SPAM,v1.0
c8dfcb2a-4fba-413b-a8b2-7b2d86b83b24,user991@example.com,Subject 1054,"<div>Your account has been suspended. Please login to verify.</div><br><p>Best regards,</p>",1755651905,N/A,0,1,spam,v1.0
9ab48f80-d41f-4394-9cc8-bdd2e301a3f2,user683@example.com,Subject 1055,"<div>Bonjour, voici les documents demandés.</div><br><p>Best regards,</p>",10/18/2025,null,None,1,SPAM,v1.0
79295912-fe08-41aa-b8ed-7f4ff01c1874,user328@example.com,Subject 1056,Your account has been suspended. Please login to verify.,04/01/2026,N/A,2,0,0,v1.0
10afa84e-9904-4e2a-bd6f-460cf4d5c2a4,user860@example.com,Subject 1057,WINNER! Claim your prize now at <a href='http://malware.com'>here</a>,06-06-2025,High,1,1,1,v1.0
285c97cb-4767-4c9b-9626-76c5a47b3808,user742@example.com,Subject 1058,Free money!!! Just click <b>&nbsp;this link&nbsp;</b>,1765677905,null,2,5,1,v1.0
20537241-937f-4019-af18-80bdb6f836b8,user683@example.com,Subject 1059,Free money!!! Just click <b>&nbsp;this link&nbsp;</b>,2026-01-08T20:05:05.321064,High,-1,10,Ham,v1.0
517a568d-af5f-4fa9-b69c-2dcfb9939728,user656@example.com,Subject 1060,WINNER! Claim your prize now at <a href='http://malware.com'>here</a>,10/14/2025,Medium,None,1,Legit,v1.0
01f644ad-bdc2-4a5d-ad51-4157e0296e27,user397@example.com,Subject 1061,"Bonjour, voici les documents demandés.",07/24/2025,Medium,null,0,spam,v1.0
94dc9ab0-1f95-48d2-8a0f-3ba6458d24ae,user512@example.com,Subject 1062,"<div>¡Urgente! Necesitamos su respuesta inmediata.</div><br><p>Best regards,</p>",11/09/2025,Medium,None,5,0,v1.0
c8865a64-55c5-4db5-b367-78dba496d7db,user77@example.com,Subject 1063,¡Urgente! Necesitamos su respuesta inmediata.,2025-07-04T20:05:05.321087,Low,1,5,SPAM,v1.0
3df15785-e1a1-418e-9f46-13d5051336ef,user913@example.com,Subject 1064,Attached is the invoice for last month.,1771725905,N/A,-1,1,SPAM,v1.0
5ad01bef-959b-4902-9cfa-c165fcca13aa,user579@example.com,Subject 1065,How have you been? It has been a long time.,06/29/2025,N/A,2,0,ham,v1.0
56dec7d6-5da3-47d9-864e-5a87585b113c,user563@example.com,Subject 1066,"<div>Your account has been suspended. Please login to verify.</div><br><p>Best regards,</p>",14-08-2025,Low,0,100,0,v1.0
ea37c44d-4693-4c13-90a7-abf671e897a0,user574@example.com,Subject 1067,Your account has been suspended. Please login to verify.,1764036305,N/A,0,10,SPAM,v1.0
993ca5ff-74e7-4c15-a256-3a07212f978b,user158@example.com,Subject 1068,Free money!!! Just click <b>&nbsp;this link&nbsp;</b>,2026-03-14T20:05:05.321111,Low,None,5,Ham,v1.0
3c6f9ed6-bc83-407e-b702-4ffbbcc03cbb,user832@example.com,Subject 1069,"<div>¡Urgente! Necesitamos su respuesta inmediata.</div><br><p>Best regards,</p>",2025-06-15T20:05:05.321116,High,null,0,ham,v1.0
4067456d-9854-42be-99e3-2cf1a96d6ccf,user551@example.com,Subject 1070,"Bonjour, voici les documents demandés.",12-11-2025,Urgent!,null,5,0,v1.0
de5bda68-5823-4062-be2f-a096badceb94,user345@example.com,Subject 1071,"Bonjour, voici les documents demandés.",27-01-2026,N/A,2,5,Legit,v1.0
d02cdb0a-f255-4f31-a0f2-30b5c4b422b8,user269@example.com,Subject 1072,WINNER! Claim your prize now at <a href='http://malware.com'>here</a>,1748480705,Medium,None,100,Legit,v1.0
7f134ed6-0d59-45a0-9e19-b0e5bd675c77,user405@example.com,Subject 1073,"Bonjour, voici les documents demandés.",2025-07-23T20:05:05.321135,null,0,1,ham,v1.0
64c2e2d0-e993-481a-87a0-fc115b17c059,user929@example.com,Subject 1074,Meeting at 5pm? Let me know.,1767060305,null,1,10,spam,v1.0
9c407172-e56e-4c15-aff2-ddd953d57330,user831@example.com,Subject 1075,Attached is the invoice for last month.,1761699905,Low,-1,1,spam,v1.0
4ccc28d8-1e2e-4498-8538-3e99eb84b685,user452@example.com,Subject 1076,Attached is the invoice for last month.,1770948305,Low,null,0,SPAM,v1.0
4d93165c-a743-495d-a8ca-cf54e8b3043b,user994@example.com,Subject 1077,"Hello, we are interested in your profile.",04/09/2026,High,-1,1,1,v1.0
a9e2a9ec-6f41-45c6-8ee0-26453c793330,user31@example.com,Subject 1078,"Cheap meds, no prescription needed!!!",1767405905,N/A,None,5,1,v1.0
42f5f520-ae66-42b1-bc3d-281f71817c91,user466@example.com,Subject 1079,WINNER! Claim your prize now at <a href='http://malware.com'>here</a>,06/18/2025,Urgent!,None,1,s_p_a_m,v1.0
0c51c255-5a3d-4b2e-91ec-80181c1fd9e9,user964@example.com,Subject 1080,Meeting at 5pm? Let me know.,1762740305,null,1,10,spam,v1.0
f8af5085-75fb-4ef7-9ef2-7c3f3bbd4af9,user4@example.com,Subject 1081,"<div>¡Urgente! Necesitamos su respuesta inmediata.</div><br><p>Best regards,</p>",10-09-2025,Medium,1,10,Ham,v1.0
5ca4be27-b08f-4278-bc38-867f7c209d4d,user388@example.com,Subject 1082,"<div>Free money!!! Just click <b>&nbsp;this link&nbsp;</b></div><br><p>Best regards,</p>",03/19/2026,null,-1,5,1,v1.0
e1ed6a51-78f4-4a62-a3b6-8aea34b89355,user530@example.com,Subject 1083,How have you been? It has been a long time.,2025-11-25T20:05:05.321183,Urgent!,None,1,SPAM,v1.0
fdd861b1-2ccf-4092-9de1-e9253620d443,user195@example.com,Subject 1084,¡Urgente! Necesitamos su respuesta inmediata.,2026-03-02T20:05:05.321187,null,0,5,s_p_a_m,v1.0
356ac11a-6d16-4599-bf70-cdb005e9147f,user328@example.com,Subject 1085,"<div>Meeting at 5pm? Let me know.</div><br><p>Best regards,</p>",10-10-2025,High,1,10,Ham,v1.0
9818c3d9-1226-473c-8b8c-d2ccc8d94f23,user102@example.com,Subject 1086,"Hello, we are interested in your profile.",01/03/2026,Low,null,100,ham,v1.0
38958c08-0a05-4994-8514-4e1d341f6408,user290@example.com,Subject 1087,Free money!!! Just click <b>&nbsp;this link&nbsp;</b>,2026-02-23T20:05:05.321204,N/A,-1,5,Legit,v1.0
1365d8e3-fa96-402c-b403-dcf5ebc068e5,user145@example.com,Subject 1088,"Hello, we are interested in your profile.",11/20/2025,High,None,0,s_p_a_m,v1.0
5a1f1d64-2936-45fb-8e1f-b0f16ea5e393,user673@example.com,Subject 1089,"<div>Free money!!! Just click <b>&nbsp;this link&nbsp;</b></div><br><p>Best regards,</p>",17-05-2025,N/A,None,0,0,v1.0
f29e1d02-e6d2-4e3b-a975-78c24b280875,user686@example.com,Subject 1090,Your account has been suspended. Please login to verify.,2025-07-17T20:05:05.321220,N/A,-1,5,Ham,v1.0
636a77a4-4a52-42d2-a0d3-4c6797b37688,user227@example.com,Subject 1091,Your account has been suspended. Please login to verify.,08-03-2026,null,2,1,ham,v1.0
a6803871-7d9b-4cd9-91c4-b0fb222b5f91,user611@example.com,Subject 1092,WINNER! Claim your prize now at <a href='http://malware.com'>here</a>,25-03-2026,N/A,None,0,Ham,v1.0
f32d9985-a033-49bc-909b-f2cc5b780527,user721@example.com,Subject 1093,Your account has been suspended. Please login to verify.,13-04-2026,Urgent!,null,5,1,v1.0
92b62e95-7f7d-44f1-af6b-43da083e286f,user128@example.com,Subject 1094,How have you been? It has been a long time.,1777597505,Medium,0,5,Ham,v1.0
c505ca30-bda2-4adb-b77c-0f1cad5ffd77,user538@example.com,Subject 1095,"<div>WINNER! Claim your prize now at <a href='http://malware.com'>here</a></div><br><p>Best regards,</p>",04/22/2026,High,-1,10,SPAM,v1.0
4620a995-1003-4de3-ac31-e3f1f07d6863,user833@example.com,Subject 1096,Free money!!! Just click <b>&nbsp;this link&nbsp;</b>,10/04/2025,null,0,10,SPAM,v1.0
6d752a61-6f92-46cb-a7a4-b68d48a17ca0,user898@example.com,Subject 1097,How have you been? It has been a long time.,1762913105,N/A,2,10,Legit,v1.0
999d9021-ab75-416a-9ab2-c007b4b9df1c,user669@example.com,Subject 1098,Your account has been suspended. Please login to verify.,1761527105,Medium,-1,5,s_p_a_m,v1.0
49a1abca-9959-4351-84aa-0b3178f67225,user494@example.com,Subject 1099,"<div>How have you been? It has been a long time.</div><br><p>Best regards,</p>",2025-07-12T20:05:05.321265,Low,None,1,s_p_a_m,v1.0
63df9ba3-046d-4318-8757-c49931abf67c,user423@example.com,Subject 1100,Your account has been suspended. Please login to verify.,1776819905,N/A,None,5,Legit,v1.0
e7690433-6de9-4b14-bf71-241749e4581c,user41@example.com,Subject 1101,"Bonjour, voici les documents demandés.",11/12/2025,N/A,-1,5,0,v1.0
e5842479-0a1c-4e09-931a-4d4e58f9e825,user863@example.com,Subject 1102,"<div>WINNER! Claim your prize now at <a href='http://malware.com'>here</a></div><br><p>Best regards,</p>",2025-10-26T20:05:05.321279,Low,None,10,s_p_a_m,v1.0
e8d21b6c-a592-44d9-a7b8-7d0520cd7781,user368@example.com,Subject 1103,Free money!!! Just click <b>&nbsp;this link&nbsp;</b>,2025-09-17T20:05:05.321284,Low,1,5,0,v1.0
d1945c98-aaca-4ebb-8143-d91e558785f5,user310@example.com,Subject 1104,Meeting at 5pm? Let me know.,05-10-2025,Urgent!,None,5,SPAM,v1.0
65071993-4ee1-42f6-aae2-0ff11bfb31c6,user500@example.com,Subject 1105,"<div>Bonjour, voici les documents demandés.</div><br><p>Best regards,</p>",08-11-2025,High,1,10,Ham,v1.0
3eebae02-89b3-4676-90f3-30eea4cde1db,user245@example.com,Subject 1106,"<div>¡Urgente! Necesitamos su respuesta inmediata.</div><br><p>Best regards,</p>",2026-03-28T20:05:05.321298,N/A,0,0,Legit,v1.0
8267486a-e5cf-46c9-95c7-b22b3ce2dff9,user789@example.com,Subject 1107,Free money!!! Just click <b>&nbsp;this link&nbsp;</b>,12-03-2026,High,2,10,Legit,v1.0
cb54b56c-301d-4d3b-bb81-5cd202f74e79,user290@example.com,Subject 1108,"<div>Your account has been suspended. Please login to verify.</div><br><p>Best regards,</p>",1747875905,N/A,1,5,s_p_a_m,v1.0
b76e6ed9-34d0-4a7f-88f3-9bad824f8378,user849@example.com,Subject 1109,How have you been? It has been a long time.,09/23/2025,Medium,-1,0,Legit,v1.0
0479ee55-9adf-45ec-affa-0ea7f6152f04,user770@example.com,Subject 1110,¡Urgente! Necesitamos su respuesta inmediata.,10/03/2025,High,None,100,SPAM,v1.0
d43fba8a-af23-4f13-b895-dc00ff6332eb,user395@example.com,Subject 1111,"<div>Attached is the invoice for last month.</div><br><p>Best regards,</p>",11/29/2025,null,1,0,Ham,v1.0
4ced6090-f557-4d0a-8296-3f2934b2657c,user94@example.com,Subject 1112,"<div>¡Urgente! Necesitamos su respuesta inmediata.</div><br><p>Best regards,</p>",06/04/2025,Urgent!,null,0,ham,v1.0
2961b3bc-7ef4-4ecc-aa67-bab1d205c8d0,user796@example.com,Subject 1113,Attached is the invoice for last month.,26-09-2025,High,0,1,ham,v1.0
5f5d3b07-8605-433a-a9d2-f778baad6943,user537@example.com,Subject 1114,"<div>¡Urgente! Necesitamos su respuesta inmediata.</div><br><p>Best regards,</p>",06-05-2025,High,0,10,0,v1.0
e9d4d3a7-dbec-464d-b071-77c6a58b4da1,user565@example.com,Subject 1115,Meeting at 5pm? Let me know.,1748567105,High,2,100,spam,v1.0
e9b25dbe-181f-4de0-a65e-1b9d446195ec,user982@example.com,Subject 1116,WINNER! Claim your prize now at <a href='http://malware.com'>here</a>,1768874705,Low,0,0,ham,v1.0
30e7080f-8ecb-4222-b85b-310a4bb7859c,user334@example.com,Subject 1117,¡Urgente! Necesitamos su respuesta inmediata.,29-07-2025,Medium,1,5,s_p_a_m,v1.0
8abe9a8a-4181-49ef-bc71-4e57a34cacba,user958@example.com,Subject 1118,WINNER! Claim your prize now at <a href='http://malware.com'>here</a>,10/25/2025,N/A,None,100,Legit,v1.0
8230eb07-6edb-4e2e-a9c6-bf02d646327e,user413@example.com,Subject 1119,"<div>Meeting at 5pm? Let me know.</div><br><p>Best regards,</p>",28-02-2026,N/A,1,1,1,v1.0
c44123c7-0cbb-48bf-a421-a6638ac22d42,user169@example.com,Subject 1120,"<div>Bonjour, voici les documents demandés.</div><br><p>Best regards,</p>",2025-11-16T20:05:05.321370,Medium,1,100,ham,v1.0
25affc3a-e55b-4452-aa36-e41c36098c00,user100@example.com,Subject 1121,"<div>Your account has been suspended. Please login to verify.</div><br><p>Best regards,</p>",1759885505,null,null,10,s_p_a_m,v1.0
576f8e4e-0a09-461f-befe-5d5fe35c7a3a,user645@example.com,Subject 1122,How have you been? It has been a long time.,1771207505,Medium,null,0,Ham,v1.0
9be07b40-330c-48a3-99cc-a506ef8973ad,user166@example.com,Subject 1123,Your account has been suspended. Please login to verify.,02/06/2026,N/A,0,1,SPAM,v1.0
cb425270-69b4-41c5-9baf-e6cfa406ebf4,user646@example.com,Subject 1124,"<div>Free money!!! Just click <b>&nbsp;this link&nbsp;</b></div><br><p>Best regards,</p>",1746061505,High,null,100,ham,v1.0
5f0c5c6e-0614-42c8-b7ed-e279a614e5f0,user543@example.com,Subject 1125,"Bonjour, voici les documents demandés.",2025-08-04T20:05:05.321392,N/A,-1,1,1,v1.0
ec0b311a-52be-43d2-8cdb-b668d12486d3,user697@example.com,Subject 1126,"<div>Cheap meds, no prescription needed!!!</div><br><p>Best regards,</p>",17-08-2025,Medium,2,5,1,v1.0
35544a78-057e-4c17-abff-41813af6f36c,user473@example.com,Subject 1127,Free money!!! Just click <b>&nbsp;this link&nbsp;</b>,04/14/2026,null,2,10,0,v1.0
8a3db655-636e-48e8-b6dd-7d953e77f60a,user671@example.com,Subject 1128,"<div>Free money!!! Just click <b>&nbsp;this link&nbsp;</b></div><br><p>Best regards,</p>",2025-07-26T20:05:05.321409,Urgent!,0,0,Ham,v1.0
3f0b4cfa-1ee2-4de2-ab3c-5869fa8b6c93,user930@example.com,Subject 1129,¡Urgente! Necesitamos su respuesta inmediata.,24-05-2025,High,0,1,s_p_a_m,v1.0
2ba4cac6-652b-44fe-888f-01e5a4eb0837,user923@example.com,Subject 1130,Your account has been suspended. Please login to verify.,2025-07-30T20:05:05.321420,Medium,null,100,Ham,v1.0
d22715d8-3085-4476-97f7-7f4fa03a668c,user492@example.com,Subject 1131,Free money!!! Just click <b>&nbsp;this link&nbsp;</b>,2025-07-24T20:05:05.321424,Medium,-1,100,0,v1.0
02ce568c-e1ee-40d6-b2d7-62354216bdbf,user771@example.com,Subject 1132,"<div>WINNER! Claim your prize now at <a href='http://malware.com'>here</a></div><br><p>Best regards,</p>",1752455105,Medium,2,5,Ham,v1.0
8990c309-a20d-4eef-8aa9-28965a3c39d8,user103@example.com,Subject 1133,Free money!!! Just click <b>&nbsp;this link&nbsp;</b>,1776128705,Medium,2,1,Ham,v1.0
1ccd010c-203d-4168-bc90-4b8613d7a112,user722@example.com,Subject 1134,WINNER! Claim your prize now at <a href='http://malware.com'>here</a>,04/21/2026,Urgent!,0,0,Legit,v1.0
5ddc7b02-0a2e-44c6-8ea2-78bc912ade72,user871@example.com,Subject 1135,"<div>Cheap meds, no prescription needed!!!</div><br><p>Best regards,</p>",1759194305,Medium,0,5,Ham,v1.0
905fa35f-6b43-4452-b695-6a34d4dce784,user144@example.com,Subject 1136,"<div>How have you been? It has been a long time.</div><br><p>Best regards,</p>",2026-03-08T20:05:05.321447,null,None,5,Legit,v1.0
54e842c8-e113-40d5-a09e-51e2b6189019,user549@example.com,Subject 1137,"Bonjour, voici les documents demandés.",1773536705,Urgent!,2,10,Ham,v1.0
abb97602-6da7-45a5-b6d6-d32d95fa9b72,user296@example.com,Subject 1138,"Bonjour, voici les documents demandés.",02/15/2026,N/A,None,1,Legit,v1.0
6ac138a6-f02c-40fe-b2c9-1c6efe5b340f,user93@example.com,Subject 1139,"Hello, we are interested in your profile.",1755479105,N/A,2,0,SPAM,v1.0
abaece59-1fa2-40d1-84b7-b2fccc47b213,user477@example.com,Subject 1140,"<div>Cheap meds, no prescription needed!!!</div><br><p>Best regards,</p>",01/17/2026,Low,None,1,Ham,v1.0
646ff482-9696-4f33-8381-bc32b0bb401d,user161@example.com,Subject 1141,Attached is the invoice for last month.,2026-01-26T20:05:05.321529,Medium,0,10,SPAM,v1.0
a19f0c65-58c3-4d19-8077-ecccade90244,user851@example.com,Subject 1142,Free money!!! Just click <b>&nbsp;this link&nbsp;</b>,12/04/2025,High,1,100,Legit,v1.0
fbed732b-bd00-4ddb-841c-3a18f6f03d52,user916@example.com,Subject 1143,"<div>WINNER! Claim your prize now at <a href='http://malware.com'>here</a></div><br><p>Best regards,</p>",01-09-2025,Medium,None,10,s_p_a_m,v1.0
bd4bcb68-e516-4ed2-9c42-04ce23581149,user23@example.com,Subject 1144,Free money!!! Just click <b>&nbsp;this link&nbsp;</b>,1776560705,Medium,1,100,Legit,v1.0
d6a57752-10d1-4e32-acae-62b1df0d3534,user837@example.com,Subject 1145,"Bonjour, voici les documents demandés.",2025-12-24T20:05:05.321557,Medium,None,100,1,v1.0
7aff2c13-4ee3-490b-bb60-fbc78820ca49,user699@example.com,Subject 1146,WINNER! Claim your prize now at <a href='http://malware.com'>here</a>,04-09-2025,Medium,0,10,Legit,v1.0
0bf5a85e-57de-4f41-9699-944a7be2ead5,user878@example.com,Subject 1147,"<div>How have you been? It has been a long time.</div><br><p>Best regards,</p>",30-11-2025,Medium,0,100,SPAM,v1.0
ac566247-934f-47a1-887f-4848ed40868a,user657@example.com,Subject 1148,Free money!!! Just click <b>&nbsp;this link&nbsp;</b>,2025-08-11T20:05:05.321573,null,None,0,1,v1.0
3bdc84a6-056a-4b11-8c32-1a2dfa75580a,user858@example.com,Subject 1149,WINNER! Claim your prize now at <a href='http://malware.com'>here</a>,1774919105,Low,-1,1,ham,v1.0
209db512-efb3-4e86-a7a9-2ecf587f49c1,user879@example.com,Subject 1150,"<div>Free money!!! Just click <b>&nbsp;this link&nbsp;</b></div><br><p>Best regards,</p>",1776560705,Low,-1,0,Legit,v1.0
9e61703c-b627-4a5f-8633-0093b5436b00,user387@example.com,Subject 1151,Free money!!! Just click <b>&nbsp;this link&nbsp;</b>,09/22/2025,High,1,10,0,v1.0
28cf24b1-772f-4da1-8003-15fb3ab90112,user646@example.com,Subject 1152,¡Urgente! Necesitamos su respuesta inmediata.,2025-07-03T20:05:05.321595,Low,null,100,SPAM,v1.0
54c4491f-f5c8-44f4-be82-48e7c18ee693,user755@example.com,Subject 1153,"Cheap meds, no prescription needed!!!",03-10-2025,Urgent!,1,1,Legit,v1.0
c2892ce7-bcdf-44fd-871e-9e3e23ff4093,user994@example.com,Subject 1154,Meeting at 5pm? Let me know.,2025-05-03T20:05:05.321605,Low,-1,10,Ham,v1.0
5a243be7-c3c0-4672-a144-4723216b72c8,user800@example.com,Subject 1155,"Cheap meds, no prescription needed!!!",27-07-2025,Urgent!,1,100,0,v1.0
81e44fc3-3bfc-4237-96bc-6ce17a8ed161,user368@example.com,Subject 1156,"Bonjour, voici les documents demandés.",2025-12-23T20:05:05.321615,Urgent!,2,5,SPAM,v1.0
fee09138-cbc1-449f-9f71-e0e8239b4cca,user286@example.com,Subject 1157,¡Urgente! Necesitamos su respuesta inmediata.,2025-08-31T20:05:05.321620,Low,None,0,spam,v1.0
384dcaa5-16cb-460b-a666-8d65cc0f4d17,user397@example.com,Subject 1158,"<div>Free money!!! Just click <b>&nbsp;this link&nbsp;</b></div><br><p>Best regards,</p>",12/01/2025,Urgent!,null,100,Legit,v1.0
ed2a9083-8ae9-4228-aa88-d24be242bdcd,user718@example.com,Subject 1159,How have you been? It has been a long time.,1751245505,null,None,100,spam,v1.0
e9f09c25-1196-4bbb-9f7c-09bc23f762c3,user898@example.com,Subject 1160,"Cheap meds, no prescription needed!!!",04/22/2026,Medium,None,100,Legit,v1.0
666bfb0f-55ce-4a32-ba74-b4abc34d1fae,user975@example.com,Subject 1161,"Bonjour, voici les documents demandés.",04/19/2026,N/A,1,5,spam,v1.0
73762cb7-6218-486d-b513-aef29299b09d,user144@example.com,Subject 1162,"Hello, we are interested in your profile.",1764986705,Low,2,100,s_p_a_m,v1.0
cb4c3640-4227-4a14-872e-90fcb5e88d9f,user49@example.com,Subject 1163,"<div>How have you been? It has been a long time.</div><br><p>Best regards,</p>",09/22/2025,Low,0,0,s_p_a_m,v1.0
93e6efd4-bddd-498b-b071-5100241b3e6c,user542@example.com,Subject 1164,"<div>Bonjour, voici les documents demandés.</div><br><p>Best regards,</p>",05-04-2026,High,None,0,Legit,v1.0
a700c4dd-a513-4582-9b82-3b882877334d,user411@example.com,Subject 1165,"Bonjour, voici les documents demandés.",2025-05-30T20:05:05.321662,Medium,null,100,ham,v1.0
2b583e0f-549e-4b5e-8220-6f6db6d2dd32,user43@example.com,Subject 1166,Your account has been suspended. Please login to verify.,2025-08-17T20:05:05.321667,Medium,2,0,spam,v1.0
4546e0d5-8f2b-4cea-a711-7e1c97a2a14b,user723@example.com,Subject 1167,WINNER! Claim your prize now at <a href='http://malware.com'>here</a>,2026-02-11T20:05:05.321671,null,None,100,1,v1.0
08928bfe-b998-4cdc-aa90-b8017c225fd9,user855@example.com,Subject 1168,WINNER! Claim your prize now at <a href='http://malware.com'>here</a>,1774227905,Urgent!,null,1,Legit,v1.0
38ac40f7-86c9-4b1e-b145-97bc3c2fc2e4,user443@example.com,Subject 1169,Attached is the invoice for last month.,1753146305,Low,1,5,s_p_a_m,v1.0
01957b77-9afc-43ad-b92b-487ad6ac4fe8,user548@example.com,Subject 1170,"Hello, we are interested in your profile.",12-11-2025,Low,0,100,0,v1.0
ab706243-67e1-4f54-a1ab-4d62035e6295,user75@example.com,Subject 1171,Free money!!! Just click <b>&nbsp;this link&nbsp;</b>,1758503105,Low,0,100,spam,v1.0
183da754-72a9-47b3-87f8-13f5c6d80ae8,user417@example.com,Subject 1172,"Hello, we are interested in your profile.",1757898305,N/A,0,5,0,v1.0
7fb554dd-49df-426f-b8a3-30bff700a787,user37@example.com,Subject 1173,Free money!!! Just click <b>&nbsp;this link&nbsp;</b>,03-06-2025,N/A,0,10,Ham,v1.0
3445855a-f74d-46da-b3a6-87605681edc6,user653@example.com,Subject 1174,Free money!!! Just click <b>&nbsp;this link&nbsp;</b>,2025-12-20T20:05:05.321703,High,2,5,SPAM,v1.0
e45c81be-60a1-44a2-8d99-9c233ffa4db5,user109@example.com,Subject 1175,Free money!!! Just click <b>&nbsp;this link&nbsp;</b>,05/13/2025,Low,null,1,Legit,v1.0
29ea871a-a4ee-4c30-8d2a-9cf7317c0e96,user685@example.com,Subject 1176,¡Urgente! Necesitamos su respuesta inmediata.,08-07-2025,N/A,2,1,Ham,v1.0
1898fa3c-4dd0-4eb5-bbb3-c82cb41d11c0,user658@example.com,Subject 1177,Attached is the invoice for last month.,02-03-2026,High,null,100,spam,v1.0
e46af014-8b23-433b-b645-a8d4500e6921,user476@example.com,Subject 1178,WINNER! Claim your prize now at <a href='http://malware.com'>here</a>,1768442705,High,None,10,1,v1.0
57825fab-a791-4313-af2e-979e04cfa988,user900@example.com,Subject 1179,Your account has been suspended. Please login to verify.,21-02-2026,N/A,0,1,Legit,v1.0
058c9765-a3c1-44f8-9b06-f2e9eccf87ef,user386@example.com,Subject 1180,"<div>Free money!!! Just click <b>&nbsp;this link&nbsp;</b></div><br><p>Best regards,</p>",10/26/2025,N/A,2,5,SPAM,v1.0
ac392244-d883-4a06-8ee9-709ca3836fc1,user422@example.com,Subject 1181,¡Urgente! Necesitamos su respuesta inmediata.,2026-01-09T20:05:05.321803,Medium,null,100,s_p_a_m,v1.0
bf0fddd0-482c-40a5-94c6-98d17c562d4c,user974@example.com,Subject 1182,WINNER! Claim your prize now at <a href='http://malware.com'>here</a>,1750554305,Low,1,100,spam,v1.0
86873621-7211-4bab-b05f-36149388e316,user922@example.com,Subject 1183,"Bonjour, voici les documents demandés.",2025-07-01T20:05:05.321817,Urgent!,2,100,ham,v1.0
69fce1f2-8666-411b-bc6f-d370145161f7,user3@example.com,Subject 1184,How have you been? It has been a long time.,09-07-2025,null,-1,1,Ham,v1.0
d1de6baa-8fe8-4bc1-b32f-77bb760bf12b,user173@example.com,Subject 1185,"<div>Cheap meds, no prescription needed!!!</div><br><p>Best regards,</p>",1766801105,High,None,100,SPAM,v1.0
2309d971-7853-4d31-9e4c-edef5abf4b8d,user902@example.com,Subject 1186,Free money!!! Just click <b>&nbsp;this link&nbsp;</b>,05-04-2026,Medium,2,1,ham,v1.0
915dee53-2cfd-405f-af6b-1777ec62cdbb,user420@example.com,Subject 1187,Meeting at 5pm? Let me know.,10-04-2026,Low,1,100,0,v1.0
eafd6d8f-f014-4648-afc7-03dbefccae3b,user411@example.com,Subject 1188,Attached is the invoice for last month.,08/06/2025,N/A,0,100,SPAM,v1.0
c3c6d295-68df-49a9-8595-9a562083243b,user70@example.com,Subject 1189,"Bonjour, voici les documents demandés.",1746147905,High,null,100,s_p_a_m,v1.0
7433c2a8-de41-403d-bb43-4806c9a911b1,user417@example.com,Subject 1190,Your account has been suspended. Please login to verify.,1749344705,Medium,-1,5,ham,v1.0
aaebf420-6315-4835-8f7f-200719a4f610,user351@example.com,Subject 1191,Attached is the invoice for last month.,2025-09-25T20:05:05.321860,Medium,1,10,Legit,v1.0
48a71686-6a2f-4879-9629-a4731d6a5408,user837@example.com,Subject 1192,Attached is the invoice for last month.,2025-08-14T20:05:05.321864,null,None,1,ham,v1.0
e8c9b57a-4d2d-4af4-afaa-2c5b620056a3,user111@example.com,Subject 1193,Attached is the invoice for last month.,2026-01-21T20:05:05.321869,High,None,0,Legit,v1.0
6d7060cd-0389-4f2c-b85a-5832700eb701,user334@example.com,Subject 1194,"<div>Hello, we are interested in your profile.</div><br><p>Best regards,</p>",2025-07-23T20:05:05.321874,N/A,0,100,SPAM,v1.0
b952873b-162d-4cf8-9ac6-7f168aac9bc7,user909@example.com,Subject 1195,Attached is the invoice for last month.,2025-10-31T20:05:05.321879,Low,-1,100,Ham,v1.0
bb443485-3446-4d4f-bf97-02cabe24e4db,user668@example.com,Subject 1196,¡Urgente! Necesitamos su respuesta inmediata.,1761008705,Medium,null,1,0,v1.0
a0e2a42f-516f-45fe-8389-8f78fdbdbe53,user174@example.com,Subject 1197,"Cheap meds, no prescription needed!!!",1752887105,Medium,2,0,1,v1.0
e877b9eb-3d3e-4256-b3cc-0a23ff3890f2,user687@example.com,Subject 1198,Meeting at 5pm? Let me know.,2025-06-06T20:05:05.321894,N/A,0,5,1,v1.0
c3733c87-7b66-4270-8cc9-46ef7ab72047,user682@example.com,Subject 1199,"<div>WINNER! Claim your prize now at <a href='http://malware.com'>here</a></div><br><p>Best regards,</p>",1762740305,Low,None,0,Legit,v1.0
ee36f063-8c3d-446f-9a8d-a3d670da97c7,user673@example.com,Subject 1200,Meeting at 5pm? Let me know.,2025-09-05T20:05:05.321904,Low,null,100,SPAM,v1.0
edc24abb-fcba-4fbc-aa9f-dfbc55db7ec5,user869@example.com,Subject 1201,Meeting at 5pm? Let me know.,11-10-2025,High,0,1,Legit,v1.0
b14980aa-7be4-41d4-814d-c92c2592398e,user721@example.com,Subject 1202,Attached is the invoice for last month.,03-02-2026,High,0,10,Legit,v1.0
92a8e98b-bf61-4ed9-b183-2d2443ba0bb1,user155@example.com,Subject 1203,"<div>How have you been? It has been a long time.</div><br><p>Best regards,</p>",1768615505,High,2,10,1,v1.0
5f8e1ff5-a778-40ee-b98f-7600a7e8b40a,user230@example.com,Subject 1204,"Bonjour, voici les documents demandés.",2025-10-19T20:05:05.321925,N/A,-1,1,Legit,v1.0
8e01251e-2f0c-407f-8d1b-8860fc6a2d63,user826@example.com,Subject 1205,"<div>Free money!!! Just click <b>&nbsp;this link&nbsp;</b></div><br><p>Best regards,</p>",30-11-2025,High,2,1,ham,v1.0
3ce0ff49-e4bb-4000-aa14-a113c5a3527c,user541@example.com,Subject 1206,How have you been? It has been a long time.,1751504705,Medium,2,1,1,v1.0
0c316123-4c4e-4cf8-a57e-26ca449b31ca,user40@example.com,Subject 1207,Free money!!! Just click <b>&nbsp;this link&nbsp;</b>,2025-11-17T20:05:05.321940,Medium,2,10,Legit,v1.0
ca7e4872-a1e4-4f53-9a21-e0d943b270ef,user611@example.com,Subject 1208,"Cheap meds, no prescription needed!!!",27-05-2025,Urgent!,1,10,s_p_a_m,v1.0
f091d924-ce8c-4338-a1ef-35d4b4344992,user959@example.com,Subject 1209,"Cheap meds, no prescription needed!!!",1757207105,Medium,-1,10,ham,v1.0
82dc4091-9592-4676-acf3-cadb806058f3,user154@example.com,Subject 1210,Your account has been suspended. Please login to verify.,30-11-2025,High,1,0,s_p_a_m,v1.0
d7649f33-c8b6-4860-809a-60fca67cc0cb,user872@example.com,Subject 1211,Free money!!! Just click <b>&nbsp;this link&nbsp;</b>,1774746305,Medium,0,5,s_p_a_m,v1.0
b11c2b10-1b5a-4e5a-8268-fc5118f3dabc,user257@example.com,Subject 1212,How have you been? It has been a long time.,21-08-2025,High,-1,10,Ham,v1.0
369bd78e-9440-4a1d-92a5-d4057158c66e,user207@example.com,Subject 1213,¡Urgente! Necesitamos su respuesta inmediata.,1768010705,Medium,1,1,ham,v1.0
54c9d536-8370-48b4-ad96-a0d04908a157,user455@example.com,Subject 1214,"<div>Hello, we are interested in your profile.</div><br><p>Best regards,</p>",28-01-2026,null,None,5,SPAM,v1.0
11ccbffe-15b4-4fb8-af64-eeb4993f45f7,user940@example.com,Subject 1215,Attached is the invoice for last month.,1768442705,Low,-1,10,SPAM,v1.0
dda2738d-3f0d-476a-9c18-b37b8454b5b6,user711@example.com,Subject 1216,"Hello, we are interested in your profile.",03-02-2026,Low,-1,0,0,v1.0
4133a566-a546-49f5-823f-ec143cca86b9,user390@example.com,Subject 1217,Attached is the invoice for last month.,05/23/2025,Low,0,5,Ham,v1.0
e60a2f84-c763-4f43-a886-3a6b450dff6b,user110@example.com,Subject 1218,"<div>Hello, we are interested in your profile.</div><br><p>Best regards,</p>",1760749505,N/A,0,100,Ham,v1.0
fb5a14d5-1809-42ef-ae82-979d9c660220,user678@example.com,Subject 1219,"Cheap meds, no prescription needed!!!",30-07-2025,null,None,0,Legit,v1.0
d684dec9-43c1-420c-90fc-8cb0285cf812,user295@example.com,Subject 1220,WINNER! Claim your prize now at <a href='http://malware.com'>here</a>,2025-06-13T20:05:05.322009,null,-1,0,Ham,v1.0
9fde5976-7113-40b6-a774-c05da45a9454,user566@example.com,Subject 1221,"Cheap meds, no prescription needed!!!",25-07-2025,Urgent!,-1,1,0,v1.0
89dd8add-c3d9-4a3f-af27-c31384d2412a,user724@example.com,Subject 1222,Your account has been suspended. Please login to verify.,08/11/2025,High,-1,100,spam,v1.0
3b7d22c0-b5b5-4d50-9f7a-0cb125ba6dd1,user514@example.com,Subject 1223,"<div>How have you been? It has been a long time.</div><br><p>Best regards,</p>",2026-02-09T20:05:05.322025,Low,0,1,spam,v1.0
640b91e0-42ef-4f84-9122-31e40dcb98b2,user868@example.com,Subject 1224,"Hello, we are interested in your profile.",1757120705,Medium,1,5,SPAM,v1.0
c4c4fd2e-f926-45d2-9039-5360c2ab2ac2,user298@example.com,Subject 1225,WINNER! Claim your prize now at <a href='http://malware.com'>here</a>,12/18/2025,Medium,null,100,SPAM,v1.0
b0096330-858d-4556-af4a-3ac325d6ef05,user615@example.com,Subject 1226,"Hello, we are interested in your profile.",1752455105,High,2,0,1,v1.0
eca47e3c-fef1-4e79-9a3b-d0eaba18c6d8,user919@example.com,Subject 1227,¡Urgente! Necesitamos su respuesta inmediata.,1755392705,Medium,-1,1,s_p_a_m,v1.0
11647cdf-0c89-44c8-b70d-ede0e6389013,user863@example.com,Subject 1228,Meeting at 5pm? Let me know.,05/09/2025,High,-1,100,ham,v1.0
b0baf7d6-3afc-4611-924e-0bc1c0caf519,user132@example.com,Subject 1229,"<div>Free money!!! Just click <b>&nbsp;this link&nbsp;</b></div><br><p>Best regards,</p>",1749949505,N/A,0,5,s_p_a_m,v1.0
85236fa5-5b97-4c5a-b0c7-67047ed01346,user155@example.com,Subject 1230,Meeting at 5pm? Let me know.,1767233105,Urgent!,0,100,SPAM,v1.0
58da259c-c06c-4825-9b0e-3c904d1f7b48,user945@example.com,Subject 1231,"<div>How have you been? It has been a long time.</div><br><p>Best regards,</p>",25-03-2026,Urgent!,-1,1,s_p_a_m,v1.0
17045850-4848-406b-99f4-1efe1e12a2cd,user23@example.com,Subject 1232,"Bonjour, voici les documents demandés.",1772157905,null,2,100,Legit,v1.0
c8fa72b6-c274-433f-a97b-491d74b15cbf,user955@example.com,Subject 1233,"<div>How have you been? It has been a long time.</div><br><p>Best regards,</p>",14-07-2025,Low,None,100,Ham,v1.0
a0e32c67-1881-4e10-a625-06bf891a9f40,user11@example.com,Subject 1234,Meeting at 5pm? Let me know.,2025-10-20T20:05:05.322079,Low,1,5,spam,v1.0
c0f15df7-a1d3-4133-8d32-d5826c4fdc3e,user61@example.com,Subject 1235,Attached is the invoice for last month.,1758848705,Medium,0,0,spam,v1.0
b9abb7ad-2239-43dc-aab6-e6e9a416eadc,user391@example.com,Subject 1236,WINNER! Claim your prize now at <a href='http://malware.com'>here</a>,20-11-2025,N/A,1,10,spam,v1.0
8f578773-ca60-4e9c-a066-c4783e588785,user738@example.com,Subject 1237,"Cheap meds, no prescription needed!!!",1746061505,Urgent!,None,10,Ham,v1.0
298d5614-506c-4bdd-8a05-38a796e46024,user87@example.com,Subject 1238,Free money!!! Just click <b>&nbsp;this link&nbsp;</b>,2025-10-18T20:05:05.322098,Low,null,100,s_p_a_m,v1.0
2ccc9960-ed62-424c-b4c1-083cb7932291,user736@example.com,Subject 1239,"<div>¡Urgente! Necesitamos su respuesta inmediata.</div><br><p>Best regards,</p>",23-08-2025,Low,null,100,Legit,v1.0
2cb2668c-c324-4e68-b860-65511d6f0e4c,user120@example.com,Subject 1240,WINNER! Claim your prize now at <a href='http://malware.com'>here</a>,12/08/2025,Low,0,10,Ham,v1.0
2edf58b1-0c0e-4961-895d-95ae72493aae,user699@example.com,Subject 1241,Attached is the invoice for last month.,04/21/2026,Medium,None,100,spam,v1.0
8e73a4dd-cfc6-41f2-bee6-7224d9dcc09b,user507@example.com,Subject 1242,How have you been? It has been a long time.,03-08-2025,Urgent!,2,100,s_p_a_m,v1.0
b918d938-22db-420e-8cf5-eb93c7a902aa,user620@example.com,Subject 1243,"<div>Cheap meds, no prescription needed!!!</div><br><p>Best regards,</p>",20-11-2025,N/A,null,5,spam,v1.0
28bf42d4-3a76-4890-8a2c-630f834133a9,user409@example.com,Subject 1244,"Hello, we are interested in your profile.",09/11/2025,N/A,2,5,SPAM,v1.0
0237d9e6-e0bb-4ce2-ade0-21f2f903f5b2,user395@example.com,Subject 1245,¡Urgente! Necesitamos su respuesta inmediata.,12/12/2025,High,null,1,spam,v1.0
3c0dd00e-4fac-444d-8038-cacc697d01c3,user570@example.com,Subject 1246,How have you been? It has been a long time.,1762653905,N/A,0,100,Ham,v1.0
d2e087a8-19b6-46ba-847e-30e0fae7204f,user166@example.com,Subject 1247,"Bonjour, voici les documents demandés.",2026-03-05T20:05:05.322145,N/A,2,0,Legit,v1.0
1ceaf64f-167b-455d-9654-9249f16e1b49,user190@example.com,Subject 1248,"Cheap meds, no prescription needed!!!",29-09-2025,Urgent!,-1,100,s_p_a_m,v1.0
758cea87-44b8-4a20-be54-de13eade4810,user291@example.com,Subject 1249,"Cheap meds, no prescription needed!!!",2026-02-14T20:05:05.322156,Urgent!,2,1,1,v1.0
c2bf2703-ca48-4449-aa3b-5e4ae7f83411,user11@example.com,Subject 1250,Free money!!! Just click <b>&nbsp;this link&nbsp;</b>,06/28/2025,Low,null,5,spam,v1.0
6fe58e62-5905-4bca-a868-63d127af93d7,user962@example.com,Subject 1251,Meeting at 5pm? Let me know.,2025-09-27T20:05:05.322166,null,-1,1,s_p_a_m,v1.0
ef8a0c09-95f3-4fae-98b6-f537d0688a0b,user864@example.com,Subject 1252,¡Urgente! Necesitamos su respuesta inmediata.,05/28/2025,Low,2,5,0,v1.0
934b0ad5-3d52-449d-b089-5b8527d139f5,user648@example.com,Subject 1253,"<div>Free money!!! Just click <b>&nbsp;this link&nbsp;</b></div><br><p>Best regards,</p>",15-08-2025,null,-1,100,ham,v1.0
fae1579b-3a46-4828-9129-d624fc4390a7,user303@example.com,Subject 1254,"<div>WINNER! Claim your prize now at <a href='http://malware.com'>here</a></div><br><p>Best regards,</p>",2026-01-27T20:05:05.322181,Urgent!,null,10,Legit,v1.0
96a2a026-8bc7-4e92-9b53-4a7e9ec0edc2,user278@example.com,Subject 1255,Meeting at 5pm? Let me know.,10/26/2025,Medium,-1,10,0,v1.0
cf94973e-efc7-48b2-aa13-4759c4f5c2b5,user286@example.com,Subject 1256,"<div>¡Urgente! Necesitamos su respuesta inmediata.</div><br><p>Best regards,</p>",2026-03-07T20:05:05.322191,N/A,0,100,0,v1.0
531b5360-6245-4450-a5ce-d7be8c84de95,user888@example.com,Subject 1257,Meeting at 5pm? Let me know.,16-10-2025,Low,1,100,ham,v1.0
a9bb897d-d2e3-4369-8820-454d05bfaa03,user13@example.com,Subject 1258,"Bonjour, voici les documents demandés.",2026-02-06T20:05:05.322201,Urgent!,-1,0,s_p_a_m,v1.0
83382fbb-0ea1-411b-85c5-962d0ac35aa8,user219@example.com,Subject 1259,"<div>Meeting at 5pm? Let me know.</div><br><p>Best regards,</p>",1762481105,Urgent!,None,10,0,v1.0
84cb1473-9ab9-4989-9f12-d3070445c9a6,user891@example.com,Subject 1260,"<div>Hello, we are interested in your profile.</div><br><p>Best regards,</p>",24-08-2025,null,2,100,spam,v1.0
9710714e-27d4-4df9-882c-83217be03d3e,user39@example.com,Subject 1261,"Hello, we are interested in your profile.",02/03/2026,Low,0,1,SPAM,v1.0
977a10e8-7ca5-4f16-b230-8e8f8fda2732,user885@example.com,Subject 1262,"<div>Hello, we are interested in your profile.</div><br><p>Best regards,</p>",16-02-2026,Medium,0,0,s_p_a_m,v1.0
126202ea-7cc2-42ba-a235-1ee1ae062d5c,user979@example.com,Subject 1263,Meeting at 5pm? Let me know.,22-10-2025,N/A,2,5,SPAM,v1.0
e6fba3f5-b47c-46eb-a4ab-64497ae8f187,user787@example.com,Subject 1264,¡Urgente! Necesitamos su respuesta inmediata.,2025-09-18T20:05:05.322233,Urgent!,0,100,1,v1.0
24f069d6-e716-4308-910d-ad1744110d3f,user84@example.com,Subject 1265,"<div>How have you been? It has been a long time.</div><br><p>Best regards,</p>",10-12-2025,null,None,1,s_p_a_m,v1.0
62757a78-50a0-43f3-8b7f-64c5d44b7ea0,user117@example.com,Subject 1266,Your account has been suspended. Please login to verify.,2026-01-29T20:05:05.322243,N/A,None,5,SPAM,v1.0
b3e5ab27-3855-4d57-9d33-00aa9cc13971,user386@example.com,Subject 1267,Free money!!! Just click <b>&nbsp;this link&nbsp;</b>,2025-07-24T20:05:05.322247,Medium,0,1,Ham,v1.0
dd0aed98-b873-411e-94c9-9e7e935b5e60,user282@example.com,Subject 1268,"Hello, we are interested in your profile.",2025-10-10T20:05:05.322252,Urgent!,null,100,spam,v1.0
8dd4fe57-08f0-49cb-8191-cbe9f7fc4a1c,user879@example.com,Subject 1269,"<div>Free money!!! Just click <b>&nbsp;this link&nbsp;</b></div><br><p>Best regards,</p>",2026-03-30T20:05:05.322258,N/A,null,1,Ham,v1.0
b2dcc6e9-57b2-4a4a-81ca-675e7721afe7,user947@example.com,Subject 1270,"<div>Bonjour, voici les documents demandés.</div><br><p>Best regards,</p>",28-06-2025,Medium,2,5,0,v1.0
52d3fc02-7383-4f80-b0a0-751dd398cc38,user857@example.com,Subject 1271,Attached is the invoice for last month.,03-08-2025,Urgent!,None,0,Legit,v1.0
1517af3a-3e17-4301-9364-2f01f9ac05cd,user581@example.com,Subject 1272,"Hello, we are interested in your profile.",1759799105,Low,null,1,ham,v1.0
c0aaa77e-5fac-4056-bbb5-29b35ce783e6,user11@example.com,Subject 1273,"<div>Hello, we are interested in your profile.</div><br><p>Best regards,</p>",1765505105,null,0,0,Ham,v1.0
30acbddb-4b6a-4810-8929-82e101d56fee,user569@example.com,Subject 1274,"<div>WINNER! Claim your prize now at <a href='http://malware.com'>here</a></div><br><p>Best regards,</p>",21-05-2025,Medium,1,100,spam,v1.0
7e6a5048-2962-4df8-a649-f047dec67326,user272@example.com,Subject 1275,"Bonjour, voici les documents demandés.",2026-04-21T20:05:05.322336,Low,1,100,ham,v1.0
69acb0ed-aeda-45cd-b91a-b80dc085a075,user387@example.com,Subject 1276,¡Urgente! Necesitamos su respuesta inmediata.,11-04-2026,Low,1,100,1,v1.0
d26d013e-66e1-4b30-b809-26c25652f33b,user142@example.com,Subject 1277,Attached is the invoice for last month.,1746666305,Medium,2,0,SPAM,v1.0
6fe60f60-5032-4fef-803a-967968ae63b4,user12@example.com,Subject 1278,Your account has been suspended. Please login to verify.,18-09-2025,Low,-1,10,spam,v1.0
f9842df1-c77e-48e4-8a98-0f0b4a36e64e,user852@example.com,Subject 1279,"<div>WINNER! Claim your prize now at <a href='http://malware.com'>here</a></div><br><p>Best regards,</p>",1748394305,N/A,2,10,SPAM,v1.0
c88ad54a-b543-4a71-ba94-6a370298bec5,user999@example.com,Subject 1280,How have you been? It has been a long time.,24-09-2025,High,0,5,spam,v1.0
893fc531-3a90-4d26-8c4e-7cbee6bcd840,user845@example.com,Subject 1281,Free money!!! Just click <b>&nbsp;this link&nbsp;</b>,2026-02-02T20:05:05.322371,High,1,0,Legit,v1.0
9fc8af35-fecc-4fe6-980e-e8552007f75c,user48@example.com,Subject 1282,"<div>WINNER! Claim your prize now at <a href='http://malware.com'>here</a></div><br><p>Best regards,</p>",1763431505,High,1,100,s_p_a_m,v1.0
a505b554-5a0e-477a-86d4-55364ed529b0,user310@example.com,Subject 1283,¡Urgente! Necesitamos su respuesta inmediata.,04/23/2026,Low,null,1,s_p_a_m,v1.0
65b52a46-73f0-496a-9eb7-d9b154418102,user805@example.com,Subject 1284,"Hello, we are interested in your profile.",06-01-2026,Urgent!,0,10,0,v1.0
88064cfb-4876-4457-8979-a25e4ab99456,user174@example.com,Subject 1285,WINNER! Claim your prize now at <a href='http://malware.com'>here</a>,07-09-2025,Urgent!,null,10,Ham,v1.0
a4ff296c-57c2-4e80-8e22-11d55288dafa,user861@example.com,Subject 1286,"<div>Your account has been suspended. Please login to verify.</div><br><p>Best regards,</p>",08/02/2025,High,0,5,s_p_a_m,v1.0
b8f7b0f6-b229-4abf-b445-95d96ab08737,user833@example.com,Subject 1287,"Bonjour, voici les documents demandés.",02/19/2026,N/A,null,0,SPAM,v1.0
4cb29545-dbbe-46f9-bc6a-caae1c5494e7,user199@example.com,Subject 1288,"<div>WINNER! Claim your prize now at <a href='http://malware.com'>here</a></div><br><p>Best regards,</p>",2025-07-14T20:05:05.322406,N/A,-1,10,Legit,v1.0
e557bacf-b594-403b-a1a9-0e037657166a,user779@example.com,Subject 1289,How have you been? It has been a long time.,11/29/2025,Urgent!,0,100,s_p_a_m,v1.0
20512d70-2a61-4dd1-8d85-2b7c4622c809,user234@example.com,Subject 1290,Meeting at 5pm? Let me know.,1756170305,Low,null,5,s_p_a_m,v1.0
87afccf8-fd3e-4948-b318-c5d10e097f8a,user889@example.com,Subject 1291,"Hello, we are interested in your profile.",2025-10-24T20:05:05.322421,High,null,10,spam,v1.0
63c12451-4637-4422-9cae-14590ac90a16,user740@example.com,Subject 1292,"<div>Bonjour, voici les documents demandés.</div><br><p>Best regards,</p>",2026-04-14T20:05:05.322428,High,0,100,1,v1.0
f253df8e-3743-4a16-be3c-9eace394881b,user836@example.com,Subject 1293,Free money!!! Just click <b>&nbsp;this link&nbsp;</b>,2026-04-28T20:05:05.322432,Urgent!,None,100,0,v1.0
c81a57b7-7850-45c1-9869-66c58ead9e2d,user219@example.com,Subject 1294,¡Urgente! Necesitamos su respuesta inmediata.,22-07-2025,null,1,5,spam,v1.0
62de6f72-c776-4bd6-b0c9-15144e9b0644,user352@example.com,Subject 1295,"Hello, we are interested in your profile.",09/07/2025,Urgent!,-1,1,1,v1.0
a9d8241c-e84d-43b0-a5b7-a3baecf5a36b,user791@example.com,Subject 1296,WINNER! Claim your prize now at <a href='http://malware.com'>here</a>,06/28/2025,High,1,1,1,v1.0
43050a17-2dea-484f-ae6f-fd5321122f04,user358@example.com,Subject 1297,How have you been? It has been a long time.,2026-04-05T20:05:05.322454,Low,None,100,spam,v1.0
f8327b20-7af0-43df-a56c-fb6389e49adb,user613@example.com,Subject 1298,Attached is the invoice for last month.,16-05-2025,N/A,2,10,0,v1.0
c533fbfb-a190-4151-b68d-1b44f8047a3a,user661@example.com,Subject 1299,"<div>How have you been? It has been a long time.</div><br><p>Best regards,</p>",07/14/2025,Low,null,100,s_p_a_m,v1.0
c54b0b83-cb37-4df4-979e-fdd4f615f411,user29@example.com,Subject 1300,"<div>Meeting at 5pm? Let me know.</div><br><p>Best regards,</p>",03/01/2026,Medium,2,10,s_p_a_m,v1.0
d74baf0d-3572-420d-85a8-b20869333b9d,user161@example.com,Subject 1301,¡Urgente! Necesitamos su respuesta inmediata.,03/09/2026,High,1,100,s_p_a_m,v1.0
ac21208f-91b1-4765-919b-695047719e78,user548@example.com,Subject 1302,"Bonjour, voici les documents demandés.",04/27/2026,High,0,10,1,v1.0
5e733852-5cbe-4b61-aefa-f958efb596a1,user859@example.com,Subject 1303,"Bonjour, voici les documents demandés.",1769133905,High,-1,5,spam,v1.0
a3ca7d31-a144-441d-9835-5dd41ff6c3ce,user731@example.com,Subject 1304,How have you been? It has been a long time.,01/15/2026,Medium,0,5,Legit,v1.0
9b335b06-207d-4c7f-b035-86da917c79b7,user981@example.com,Subject 1305,"<div>¡Urgente! Necesitamos su respuesta inmediata.</div><br><p>Best regards,</p>",26-09-2025,N/A,null,0,spam,v1.0
2d63d0e9-3744-4c83-b252-4dd215a7b352,user384@example.com,Subject 1306,How have you been? It has been a long time.,07/04/2025,null,None,100,Ham,v1.0
787bf2f5-a592-4b5d-b5bf-5c38bc704c95,user675@example.com,Subject 1307,How have you been? It has been a long time.,07-05-2025,Urgent!,1,1,ham,v1.0
55ce3d4f-ab7f-41fc-b2c1-137069e5e678,user506@example.com,Subject 1308,"Cheap meds, no prescription needed!!!",06/07/2025,High,null,1,spam,v1.0
40731f84-23a6-49ae-a761-824bb57d6a7f,user101@example.com,Subject 1309,"<div>Cheap meds, no prescription needed!!!</div><br><p>Best regards,</p>",11/29/2025,Medium,null,0,Ham,v1.0
be84c0f0-5a9d-4ae4-a737-b1fc9ec25bdf,user377@example.com,Subject 1310,"Cheap meds, no prescription needed!!!",1771207505,Urgent!,None,0,ham,v1.0
2e203b0f-184a-4a30-be86-06d95660c705,user838@example.com,Subject 1311,¡Urgente! Necesitamos su respuesta inmediata.,1758675905,N/A,0,0,1,v1.0
642d4c46-60e7-4240-871a-b67e8ad20068,user40@example.com,Subject 1312,"<div>¡Urgente! Necesitamos su respuesta inmediata.</div><br><p>Best regards,</p>",08-06-2025,null,0,100,s_p_a_m,v1.0
0c476558-092a-4cd9-937f-426964d962f7,user20@example.com,Subject 1313,How have you been? It has been a long time.,1773191105,null,null,10,Ham,v1.0
c7720c0f-975d-4b62-a365-933d63574eb7,user115@example.com,Subject 1314,Your account has been suspended. Please login to verify.,1775696705,Medium,2,100,ham,v1.0
5796ac78-efc0-465d-b902-e46dd11f91f5,user604@example.com,Subject 1315,Your account has been suspended. Please login to verify.,11/29/2025,Medium,null,100,Legit,v1.0
daad0e8b-8377-458d-b8d2-8c1418241628,user216@example.com,Subject 1316,"<div>Bonjour, voici les documents demandés.</div><br><p>Best regards,</p>",03/26/2026,N/A,None,1,s_p_a_m,v1.0
a1da7933-0341-4e51-a2ff-14d81da66a8f,user436@example.com,Subject 1317,"<div>Meeting at 5pm? Let me know.</div><br><p>Best regards,</p>",1760922305,N/A,-1,100,0,v1.0
f4f055f4-0f53-4ed5-85fa-709557403ac6,user763@example.com,Subject 1318,Free money!!! Just click <b>&nbsp;this link&nbsp;</b>,03-07-2025,N/A,None,100,1,v1.0
141f056a-65b9-4835-a33e-741a09acdd0d,user350@example.com,Subject 1319,"Hello, we are interested in your profile.",2025-09-28T20:05:05.322625,Medium,0,1,Legit,v1.0
92c2ede7-7f91-4b59-95ad-5bf46364fb19,user204@example.com,Subject 1320,"<div>WINNER! Claim your prize now at <a href='http://malware.com'>here</a></div><br><p>Best regards,</p>",1771725905,Urgent!,0,1,spam,v1.0
4a6d7216-bce4-4136-83a8-57e38172b05b,user984@example.com,Subject 1321,"<div>Cheap meds, no prescription needed!!!</div><br><p>Best regards,</p>",2026-01-21T20:05:05.322634,High,1,1,spam,v1.0
e58ec9eb-f140-4076-b790-8f867a4a999e,user36@example.com,Subject 1322,Attached is the invoice for last month.,06-04-2026,null,2,100,Legit,v1.0
bc2b5567-d34e-44df-b565-1a38d05aaba2,user100@example.com,Subject 1323,"Bonjour, voici les documents demandés.",2025-07-05T20:05:05.322643,null,None,5,1,v1.0
c45e7677-9edd-482a-866f-0164e8054bb8,user22@example.com,Subject 1324,"Cheap meds, no prescription needed!!!",27-05-2025,N/A,-1,1,0,v1.0
8b485bc2-bd57-4740-ab0c-0a9a8ffc6931,user556@example.com,Subject 1325,Free money!!! Just click <b>&nbsp;this link&nbsp;</b>,2026-01-05T20:05:05.322653,High,None,5,ham,v1.0
cb09fb77-ec0a-4a17-a91b-8c5d1428c50d,user613@example.com,Subject 1326,"<div>Bonjour, voici les documents demandés.</div><br><p>Best regards,</p>",2025-08-18T20:05:05.322705,Low,-1,10,Ham,v1.0
8ecf0847-ae4b-46d5-bbf7-8d33d325de9d,user584@example.com,Subject 1327,How have you been? It has been a long time.,14-10-2025,N/A,2,0,spam,v1.0
c380ad6b-0c2a-4dab-b5ac-74094e36126b,user495@example.com,Subject 1328,Attached is the invoice for last month.,1759453505,Low,1,1,SPAM,v1.0
2bbf3312-0c99-482a-bd0b-7c6c465966d4,user459@example.com,Subject 1329,"Hello, we are interested in your profile.",1772071505,Low,null,0,s_p_a_m,v1.0
28f54140-8fa0-4e70-a6f6-40d1aa939758,user345@example.com,Subject 1330,Your account has been suspended. Please login to verify.,1762221905,High,null,1,Ham,v1.0
65e7f1aa-d7eb-40a7-88df-19f8b8df51bd,user131@example.com,Subject 1331,"<div>Cheap meds, no prescription needed!!!</div><br><p>Best regards,</p>",2025-07-07T20:05:05.322752,Low,null,5,Legit,v1.0
b2c4b2af-24e1-4e4a-9fa8-ed1458bb0e46,user10@example.com,Subject 1332,How have you been? It has been a long time.,1747098305,Urgent!,1,5,1,v1.0
3352bb86-6355-4731-b6c9-a9123eab6032,user368@example.com,Subject 1333,"<div>Bonjour, voici les documents demandés.</div><br><p>Best regards,</p>",2025-10-01T20:05:05.322762,N/A,1,1,0,v1.0
d6f09633-09c0-4091-9eab-421b568a85e2,user199@example.com,Subject 1334,How have you been? It has been a long time.,1762308305,N/A,2,10,Legit,v1.0
c1a788e7-46e8-47eb-b4f1-8313c1b0771f,user684@example.com,Subject 1335,WINNER! Claim your prize now at <a href='http://malware.com'>here</a>,1771898705,N/A,-1,5,ham,v1.0
586bd2ab-1f7d-4b62-8f06-61144289b56a,user71@example.com,Subject 1336,"Bonjour, voici les documents demandés.",2025-08-27T20:05:05.322776,null,0,10,s_p_a_m,v1.0
e7aa3258-452a-4081-8fa1-2d93f9fa4787,user523@example.com,Subject 1337,Attached is the invoice for last month.,09/07/2025,Medium,None,5,SPAM,v1.0
562bb5de-31ee-4b0a-a4b0-b458195aa73a,user546@example.com,Subject 1338,Attached is the invoice for last month.,09/02/2025,Urgent!,None,5,ham,v1.0
cef6451a-f07d-454e-b6ba-e665fa5d508f,user466@example.com,Subject 1339,"<div>Meeting at 5pm? Let me know.</div><br><p>Best regards,</p>",09-12-2025,Urgent!,None,0,Ham,v1.0
744d5393-8e0c-4a70-b16f-1672f155aa60,user154@example.com,Subject 1340,"<div>Your account has been suspended. Please login to verify.</div><br><p>Best regards,</p>",2025-10-23T20:05:05.322799,Medium,null,100,Ham,v1.0
9e35bc63-e351-4982-af84-9b023b1bdaa9,user149@example.com,Subject 1341,"<div>Bonjour, voici les documents demandés.</div><br><p>Best regards,</p>",1771121105,Urgent!,None,5,Legit,v1.0
db632ea5-ac40-45bd-9c94-3f00f38ddb67,user22@example.com,Subject 1342,"Cheap meds, no prescription needed!!!",1761095105,N/A,1,1,Ham,v1.0
246fb72d-20cc-4d61-b30b-048db82eb1b4,user331@example.com,Subject 1343,"<div>Meeting at 5pm? Let me know.</div><br><p>Best regards,</p>",1763517905,null,None,10,Legit,v1.0
9a38ac73-dba1-4b56-8b63-f7f1249b7525,user994@example.com,Subject 1344,"<div>Hello, we are interested in your profile.</div><br><p>Best regards,</p>",27-09-2025,Medium,0,100,Legit,v1.0
b36f306a-8ec0-4c5b-b2b2-a3c850cd3d0a,user23@example.com,Subject 1345,"Bonjour, voici les documents demandés.",1751072705,null,2,5,1,v1.0
dccb6d7f-e7c4-453b-92bf-febdcca706de,user392@example.com,Subject 1346,"Hello, we are interested in your profile.",2026-03-13T20:05:05.322827,Urgent!,2,0,Ham,v1.0
0ed34bc0-dee3-4104-863d-83d1075c0439,user696@example.com,Subject 1347,WINNER! Claim your prize now at <a href='http://malware.com'>here</a>,05/20/2025,N/A,-1,1,s_p_a_m,v1.0
d14baf7f-d1a0-4770-809b-76c89d3a8a1a,user138@example.com,Subject 1348,"Bonjour, voici les documents demandés.",2026-02-23T20:05:05.322838,Medium,2,5,ham,v1.0
0616dbd5-fe55-4d9c-aed6-4675a1c2f8b4,user603@example.com,Subject 1349,"Bonjour, voici les documents demandés.",08/18/2025,High,null,5,s_p_a_m,v1.0
c70ae7bf-63b0-4c9b-935d-0847918923b4,user659@example.com,Subject 1350,"<div>How have you been? It has been a long time.</div><br><p>Best regards,</p>",12/24/2025,null,1,1,0,v1.0
03399cc3-453e-4ee1-b18c-c3fd375a9294,user633@example.com,Subject 1351,Free money!!! Just click <b>&nbsp;this link&nbsp;</b>,1768529105,Medium,1,0,Legit,v1.0
94d512fb-e8c4-48bc-9e9a-78ad154c3f41,user405@example.com,Subject 1352,"Cheap meds, no prescription needed!!!",16-06-2025,Low,-1,1,Ham,v1.0
e1359fef-ea72-49b5-8be1-e25ca1e9ab6f,user828@example.com,Subject 1353,¡Urgente! Necesitamos su respuesta inmediata.,1758935105,Low,1,5,0,v1.0
fd567457-03da-4e50-b04b-0c98ac098819,user292@example.com,Subject 1354,"Hello, we are interested in your profile.",2025-06-15T20:05:05.322867,null,None,1,s_p_a_m,v1.0
0e094d77-020b-4375-b55d-99c37f6ec4e3,user377@example.com,Subject 1355,WINNER! Claim your prize now at <a href='http://malware.com'>here</a>,06/14/2025,null,2,10,s_p_a_m,v1.0
9ab5cb10-b9d7-402b-b34b-5427f024ad9f,user998@example.com,Subject 1356,¡Urgente! Necesitamos su respuesta inmediata.,2025-08-16T20:05:05.322877,Medium,2,100,Ham,v1.0
7558ddcd-4080-4532-a605-88f479e22a03,user19@example.com,Subject 1357,How have you been? It has been a long time.,1750986305,N/A,-1,100,Ham,v1.0
ab750a98-bdd0-441c-b944-1f277767debd,user267@example.com,Subject 1358,¡Urgente! Necesitamos su respuesta inmediata.,2026-02-08T20:05:05.322886,High,-1,1,spam,v1.0
d735fd67-d534-4050-9fba-64194782d456,user991@example.com,Subject 1359,"<div>WINNER! Claim your prize now at <a href='http://malware.com'>here</a></div><br><p>Best regards,</p>",2025-05-12T20:05:05.322891,Urgent!,1,5,1,v1.0
2e8fd365-a959-43f8-b024-e756fe33f0ef,user40@example.com,Subject 1360,Free money!!! Just click <b>&nbsp;this link&nbsp;</b>,20-07-2025,null,null,5,1,v1.0
76b248c8-e730-48a3-b18d-91f29f169944,user368@example.com,Subject 1361,"<div>Hello, we are interested in your profile.</div><br><p>Best regards,</p>",1760403905,Medium,1,1,Ham,v1.0
fe08eea5-24ca-417a-a956-12ff5ad07060,user558@example.com,Subject 1362,"<div>¡Urgente! Necesitamos su respuesta inmediata.</div><br><p>Best regards,</p>",21-03-2026,High,null,10,Legit,v1.0
86f03fba-1052-407e-9171-12e732c4b9b9,user866@example.com,Subject 1363,"<div>Your account has been suspended. Please login to verify.</div><br><p>Best regards,</p>",2025-11-29T20:05:05.322913,Urgent!,None,100,1,v1.0
0f934b99-6466-4a53-82e7-e8a91c4076ce,user484@example.com,Subject 1364,How have you been? It has been a long time.,2025-11-12T20:05:05.322918,Urgent!,1,5,Ham,v1.0
76df1dd8-fcbb-486d-9e6b-be2c6f58ce43,user870@example.com,Subject 1365,Meeting at 5pm? Let me know.,1757120705,null,1,5,SPAM,v1.0
b75d0b80-73d2-4a4d-b2de-77b9e40645df,user631@example.com,Subject 1366,"Bonjour, voici les documents demandés.",01/27/2026,N/A,1,100,Legit,v1.0
d31df8f5-db00-4e99-8d3f-78a9264c77df,user654@example.com,Subject 1367,¡Urgente! Necesitamos su respuesta inmediata.,1754183105,null,None,10,SPAM,v1.0
a91993b1-845d-44e8-9b75-d37beb21bd75,user896@example.com,Subject 1368,"<div>WINNER! Claim your prize now at <a href='http://malware.com'>here</a></div><br><p>Best regards,</p>",1774573505,Urgent!,2,10,0,v1.0
0049dbe0-e465-4548-a012-d29ca0c87c34,user33@example.com,Subject 1369,"Cheap meds, no prescription needed!!!",08/14/2025,Low,1,0,spam,v1.0
bd25f875-a59a-4384-9700-b331381035f5,user379@example.com,Subject 1370,"Bonjour, voici les documents demandés.",1762394705,High,2,10,ham,v1.0
bb4f9d22-329a-402b-8a87-62707903b5cf,user448@example.com,Subject 1371,Free money!!! Just click <b>&nbsp;this link&nbsp;</b>,1757639105,null,-1,1,SPAM,v1.0
d9dc82d8-814e-4e9d-849f-d0d3562edf12,user172@example.com,Subject 1372,"Cheap meds, no prescription needed!!!",05-01-2026,null,2,0,0,v1.0
e3a558b8-b6cf-45a1-8dc6-72b92231cb69,user555@example.com,Subject 1373,How have you been? It has been a long time.,1768788305,N/A,1,10,SPAM,v1.0
0a02e88e-2f60-45fb-8a7d-bd843bf7e804,user877@example.com,Subject 1374,"Hello, we are interested in your profile.",05/24/2025,Medium,0,1,SPAM,v1.0
6d00bd4a-c807-4d94-8e50-a25875ab8be5,user872@example.com,Subject 1375,"<div>Attached is the invoice for last month.</div><br><p>Best regards,</p>",22-06-2025,Medium,-1,100,SPAM,v1.0
e398061f-69e9-4280-8deb-f7e7c8daa5ca,user551@example.com,Subject 1376,WINNER! Claim your prize now at <a href='http://malware.com'>here</a>,03/14/2026,Urgent!,2,5,1,v1.0
9b37f4bd-333c-4cf5-a1ba-e706a149d851,user230@example.com,Subject 1377,Your account has been suspended. Please login to verify.,2026-01-01T20:05:05.322983,null,1,100,1,v1.0
87c2c8dd-3b97-44b0-a883-82cf8de670d2,user825@example.com,Subject 1378,How have you been? It has been a long time.,1773795905,Medium,0,0,ham,v1.0
ebfd75c2-8f5d-4237-b571-3bc9474b95fa,user425@example.com,Subject 1379,Free money!!! Just click <b>&nbsp;this link&nbsp;</b>,2025-11-23T20:05:05.322991,Medium,2,0,0,v1.0
1091757f-cb59-41db-973b-929f23462a5a,user482@example.com,Subject 1380,"Bonjour, voici les documents demandés.",1763345105,Urgent!,0,0,1,v1.0
72b4539e-e7b3-4069-bc28-63869a76eecf,user912@example.com,Subject 1381,Free money!!! Just click <b>&nbsp;this link&nbsp;</b>,02-10-2025,Low,null,0,ham,v1.0
63096c50-8f57-4e6c-9baf-c8e78f3e898f,user56@example.com,Subject 1382,"Bonjour, voici les documents demandés.",26-04-2026,High,2,100,1,v1.0
9e8982d5-34f0-456c-a6f3-648c4b8008f5,user231@example.com,Subject 1383,"Hello, we are interested in your profile.",06-07-2025,Low,1,10,1,v1.0
1c2d0509-78e1-40d8-ad27-6395141bf983,user30@example.com,Subject 1384,"Cheap meds, no prescription needed!!!",05-06-2025,Urgent!,None,100,0,v1.0
48561cc9-aca7-45f7-b559-9abd335d5e1f,user799@example.com,Subject 1385,"<div>Free money!!! Just click <b>&nbsp;this link&nbsp;</b></div><br><p>Best regards,</p>",2025-12-01T20:05:05.323023,null,0,1,spam,v1.0
a6ef8882-151a-4ad8-b3b9-104b90e8e1bd,user530@example.com,Subject 1386,¡Urgente! Necesitamos su respuesta inmediata.,1773363905,High,0,10,Ham,v1.0
b9c89e25-c126-4935-b658-7e689112adf2,user122@example.com,Subject 1387,"Hello, we are interested in your profile.",2025-12-12T20:05:05.323031,Low,0,1,ham,v1.0
95016b00-a687-4de5-aaa4-acff6b5df6bf,user944@example.com,Subject 1388,Free money!!! Just click <b>&nbsp;this link&nbsp;</b>,01/22/2026,Low,1,0,Legit,v1.0
4264695b-836c-4e35-a64e-9d477070522d,user409@example.com,Subject 1389,"<div>Your account has been suspended. Please login to verify.</div><br><p>Best regards,</p>",12/26/2025,Low,null,100,s_p_a_m,v1.0
1435d550-b654-4888-9ed9-e9e7a2264c9e,user760@example.com,Subject 1390,"<div>Your account has been suspended. Please login to verify.</div><br><p>Best regards,</p>",1749344705,Urgent!,None,0,ham,v1.0
66368526-1abf-4447-866b-054c28dc0f6f,user970@example.com,Subject 1391,Meeting at 5pm? Let me know.,01-05-2025,N/A,1,1,ham,v1.0
dad873a4-cf20-4b6e-8e72-e8a20bec54dd,user967@example.com,Subject 1392,"<div>Free money!!! Just click <b>&nbsp;this link&nbsp;</b></div><br><p>Best regards,</p>",2025-12-11T20:05:05.323055,Low,1,10,s_p_a_m,v1.0
35888a8a-02d5-4d72-aee2-0dae265f3fa8,user463@example.com,Subject 1393,Your account has been suspended. Please login to verify.,2025-07-03T20:05:05.323061,N/A,2,1,Ham,v1.0
2f4a2e64-d467-4e21-a0b2-9d384a268c1e,user992@example.com,Subject 1394,How have you been? It has been a long time.,2025-10-07T20:05:05.323066,Low,null,10,0,v1.0
69249ba9-421c-43e1-a74c-546aecb701be,user855@example.com,Subject 1395,"<div>Bonjour, voici les documents demandés.</div><br><p>Best regards,</p>",16-10-2025,Medium,-1,100,ham,v1.0
4dec7bbd-d267-4a6f-9bbb-ed5b672407ee,user537@example.com,Subject 1396,¡Urgente! Necesitamos su respuesta inmediata.,01/11/2026,Low,-1,100,0,v1.0
89b277b5-44aa-4408-aeb9-5bf29bf555a4,user239@example.com,Subject 1397,"<div>Cheap meds, no prescription needed!!!</div><br><p>Best regards,</p>",03/29/2026,Urgent!,None,100,Ham,v1.0
bfb32e8e-8d07-42a2-a459-480a267206bf,user492@example.com,Subject 1398,"Cheap meds, no prescription needed!!!",2026-01-25T20:05:05.323087,N/A,2,1,0,v1.0
c5199b5b-5a52-45c2-a625-dac3a7298667,user807@example.com,Subject 1399,Your account has been suspended. Please login to verify.,1772762705,Low,0,10,Ham,v1.0
6c55f536-3366-4a2b-bb9c-c9ea538ea166,user805@example.com,Subject 1400,"<div>¡Urgente! Necesitamos su respuesta inmediata.</div><br><p>Best regards,</p>",06-08-2025,Urgent!,1,1,1,v1.0
404893c9-b48a-40e0-8d43-90d2a4acc28e,user402@example.com,Subject 1401,Attached is the invoice for last month.,05/12/2025,Urgent!,0,100,0,v1.0
1e48abb6-7585-4509-b507-8335819b9e77,user268@example.com,Subject 1402,Free money!!! Just click <b>&nbsp;this link&nbsp;</b>,10/19/2025,Urgent!,None,5,1,v1.0
c3d768cf-4afa-43f0-87cf-2198151323b1,user445@example.com,Subject 1403,"<div>Hello, we are interested in your profile.</div><br><p>Best regards,</p>",01/30/2026,High,-1,10,1,v1.0
6dd4ab3c-cb04-44d2-9269-37e602ebffaa,user711@example.com,Subject 1404,Your account has been suspended. Please login to verify.,04/15/2026,N/A,0,1,Legit,v1.0
9ef55ced-7b7b-4cd6-98be-f16cc3a91a2f,user869@example.com,Subject 1405,¡Urgente! Necesitamos su respuesta inmediata.,2026-02-06T20:05:05.323124,Medium,null,10,Ham,v1.0
9777643d-b5ec-4076-a7ab-ccb01f68d856,user902@example.com,Subject 1406,"Cheap meds, no prescription needed!!!",12/22/2025,Low,None,100,ham,v1.0
01febb34-7aec-4efd-9172-0c9345d1283d,user742@example.com,Subject 1407,"<div>WINNER! Claim your prize now at <a href='http://malware.com'>here</a></div><br><p>Best regards,</p>",02/25/2026,Low,null,1,SPAM,v1.0
a173159a-80d8-46df-b0c1-8209d5edaffc,user981@example.com,Subject 1408,Meeting at 5pm? Let me know.,1761267905,Urgent!,0,5,s_p_a_m,v1.0
a3b101c8-7b70-4368-8870-62110fb690c7,user328@example.com,Subject 1409,"<div>Hello, we are interested in your profile.</div><br><p>Best regards,</p>",08-04-2026,Medium,0,0,1,v1.0
a78afb73-e347-40b6-aeb6-adda6c019269,user942@example.com,Subject 1410,"Cheap meds, no prescription needed!!!",1752627905,N/A,2,0,Legit,v1.0
a3133030-7cb4-4be9-ad8f-b764bde03fe6,user319@example.com,Subject 1411,"Hello, we are interested in your profile.",2025-09-23T20:05:05.323204,High,1,0,ham,v1.0
93081df0-cde0-42df-9cbc-5c3e42ca5063,user70@example.com,Subject 1412,Free money!!! Just click <b>&nbsp;this link&nbsp;</b>,06/06/2025,High,1,5,ham,v1.0
cdc5238b-b721-46a4-95d2-da4be4a5f4a8,user940@example.com,Subject 1413,Free money!!! Just click <b>&nbsp;this link&nbsp;</b>,09/08/2025,N/A,1,1,0,v1.0
3644bac6-4456-4b9c-9952-44cc071b8dd3,user635@example.com,Subject 1414,"<div>Attached is the invoice for last month.</div><br><p>Best regards,</p>",1765332305,N/A,None,1,s_p_a_m,v1.0
86158592-055b-4faf-a4d9-530be1b26b10,user992@example.com,Subject 1415,Attached is the invoice for last month.,31-03-2026,Low,0,0,Ham,v1.0
6786494b-f08b-4375-9618-5d03daa60723,user474@example.com,Subject 1416,¡Urgente! Necesitamos su respuesta inmediata.,1746061505,Low,null,5,Legit,v1.0
e0756df9-defc-4eee-a95b-156d091742e6,user310@example.com,Subject 1417,"Cheap meds, no prescription needed!!!",2025-06-27T20:05:05.323247,Medium,null,10,s_p_a_m,v1.0
b24b0b2f-722d-4801-99ca-5b41b0e2d5d8,user635@example.com,Subject 1418,"<div>Bonjour, voici les documents demandés.</div><br><p>Best regards,</p>",1755392705,Low,2,1,0,v1.0
43e7ecc3-80de-4762-84c4-5b214c526e03,user445@example.com,Subject 1419,¡Urgente! Necesitamos su respuesta inmediata.,04-02-2026,Urgent!,1,100,spam,v1.0
189ab48b-b959-459b-b1e3-900d095863e5,user160@example.com,Subject 1420,"<div>Cheap meds, no prescription needed!!!</div><br><p>Best regards,</p>",08/20/2025,High,-1,10,ham,v1.0
201afdcb-c64a-462e-b32e-c51b37237571,user206@example.com,Subject 1421,WINNER! Claim your prize now at <a href='http://malware.com'>here</a>,12/12/2025,N/A,null,100,spam,v1.0
5881d09f-c5fb-45ce-93ed-8de1604ff1c3,user986@example.com,Subject 1422,"<div>Meeting at 5pm? Let me know.</div><br><p>Best regards,</p>",2026-02-19T20:05:05.323273,Low,null,5,ham,v1.0
ce031fef-64fd-4197-8d02-aabf718bac87,user749@example.com,Subject 1423,"Cheap meds, no prescription needed!!!",2025-06-18T20:05:05.323278,N/A,1,10,s_p_a_m,v1.0
e92b723c-2ba0-4e27-b780-7ff34bde0f2f,user179@example.com,Subject 1424,"<div>Hello, we are interested in your profile.</div><br><p>Best regards,</p>",05-11-2025,null,-1,100,spam,v1.0
b76a671a-d0cd-42a9-b52c-8eb7fd3e5f16,user806@example.com,Subject 1425,How have you been? It has been a long time.,2025-12-03T20:05:05.323288,N/A,1,1,Ham,v1.0
d89b9017-18f7-49ab-9274-91f8c6e599db,user664@example.com,Subject 1426,"<div>Attached is the invoice for last month.</div><br><p>Best regards,</p>",1754701505,Medium,-1,1,Legit,v1.0
cdaf374a-81b3-40ed-bfa9-3e95ae13c57d,user698@example.com,Subject 1427,Meeting at 5pm? Let me know.,10/20/2025,Urgent!,0,10,spam,v1.0
5cc92844-3a70-4839-9675-6a94f486a569,user575@example.com,Subject 1428,Meeting at 5pm? Let me know.,03/11/2026,Urgent!,2,0,ham,v1.0
068c7074-783a-4fe9-9525-60d36c83d8b6,user176@example.com,Subject 1429,"<div>WINNER! Claim your prize now at <a href='http://malware.com'>here</a></div><br><p>Best regards,</p>",2025-06-19T20:05:05.323310,null,None,10,SPAM,v1.0
30d1ccb9-54c8-4b49-964b-05487a5fa13d,user453@example.com,Subject 1430,Attached is the invoice for last month.,01/21/2026,High,0,100,ham,v1.0
fb6df6e2-808e-4021-a875-eb874ea704aa,user21@example.com,Subject 1431,Attached is the invoice for last month.,12/16/2025,N/A,None,5,Legit,v1.0
df6d0827-0236-49f1-afd5-76933d0501ff,user760@example.com,Subject 1432,¡Urgente! Necesitamos su respuesta inmediata.,1773018305,null,0,0,Legit,v1.0
20dd9661-d88d-40ce-9764-41609f205989,user179@example.com,Subject 1433,"<div>Free money!!! Just click <b>&nbsp;this link&nbsp;</b></div><br><p>Best regards,</p>",1766109905,null,1,5,Ham,v1.0
30da37cd-2c02-4fd1-952f-043037ea6b55,user796@example.com,Subject 1434,"<div>Cheap meds, no prescription needed!!!</div><br><p>Best regards,</p>",2025-08-14T20:05:05.323334,High,2,10,spam,v1.0
cc52b7d3-a3d2-4e89-bd8b-33866d52ab24,user934@example.com,Subject 1435,WINNER! Claim your prize now at <a href='http://malware.com'>here</a>,1751763905,Urgent!,2,0,s_p_a_m,v1.0
543f095b-9b6c-42f0-8ecf-52b1548316ea,user109@example.com,Subject 1436,Your account has been suspended. Please login to verify.,1775783105,Medium,2,5,s_p_a_m,v1.0
59cdf50a-2e08-4828-bf85-3d41b3a5d74f,user491@example.com,Subject 1437,"Bonjour, voici les documents demandés.",2025-08-19T20:05:05.323347,Medium,None,0,Legit,v1.0
68a2b8fc-becb-4d95-b396-146a7f8b0249,user862@example.com,Subject 1438,Meeting at 5pm? Let me know.,23-09-2025,Urgent!,-1,1,1,v1.0
dfe3af14-6138-4448-a436-f5f90597e3f4,user908@example.com,Subject 1439,"<div>Hello, we are interested in your profile.</div><br><p>Best regards,</p>",03/16/2026,High,2,5,0,v1.0
ae7cd9dc-3e67-4b72-814f-bea747c7332d,user926@example.com,Subject 1440,"Hello, we are interested in your profile.",2025-12-05T20:05:05.323362,High,-1,5,s_p_a_m,v1.0
e555915f-aa7c-430a-99d3-a2980cf0950b,user227@example.com,Subject 1441,"<div>How have you been? It has been a long time.</div><br><p>Best regards,</p>",17-05-2025,N/A,null,5,0,v1.0
b0845586-6d81-4f79-b76e-94410e8a94a2,user424@example.com,Subject 1442,How have you been? It has been a long time.,1764468305,High,-1,10,Legit,v1.0
8889e19c-f45d-4292-bf66-36e713746cfc,user178@example.com,Subject 1443,WINNER! Claim your prize now at <a href='http://malware.com'>here</a>,2025-07-31T20:05:05.323376,null,0,0,s_p_a_m,v1.0
31567dcb-f6a3-43fa-b9f0-85830cbf7c5e,user308@example.com,Subject 1444,"<div>Bonjour, voici les documents demandés.</div><br><p>Best regards,</p>",25-04-2026,Low,None,0,spam,v1.0
c98751bd-978c-41ce-9486-559686c25bac,user744@example.com,Subject 1445,"Bonjour, voici les documents demandés.",25-01-2026,Medium,1,10,SPAM,v1.0
ef8141a3-d022-466c-838d-df185f0280bb,user34@example.com,Subject 1446,Your account has been suspended. Please login to verify.,10/26/2025,Low,2,5,ham,v1.0
266d898e-6987-460b-9daa-b659a9a20d67,user280@example.com,Subject 1447,"Hello, we are interested in your profile.",04/02/2026,High,null,1,s_p_a_m,v1.0
c8d08d9e-a2b9-44f7-9908-2030f01ce57f,user847@example.com,Subject 1448,"<div>Hello, we are interested in your profile.</div><br><p>Best regards,</p>",18-06-2025,null,null,5,s_p_a_m,v1.0
93f5fb33-1b44-4bc9-ad7d-490136c869bb,user502@example.com,Subject 1449,How have you been? It has been a long time.,2026-03-22T20:05:05.323409,null,None,1,SPAM,v1.0
7a0b6d45-b408-4610-acdd-ea290d6bcf5a,user33@example.com,Subject 1450,Free money!!! Just click <b>&nbsp;this link&nbsp;</b>,2025-12-23T20:05:05.323414,High,-1,100,0,v1.0
f9603309-361a-48b0-9068-d7297008cdde,user468@example.com,Subject 1451,Attached is the invoice for last month.,1748221505,Low,0,10,s_p_a_m,v1.0
5ae83b55-f457-4093-bfce-e8ff7fb365ef,user448@example.com,Subject 1452,WINNER! Claim your prize now at <a href='http://malware.com'>here</a>,12/04/2025,High,None,100,spam,v1.0
7f444e42-4476-482a-a459-354286522046,user272@example.com,Subject 1453,WINNER! Claim your prize now at <a href='http://malware.com'>here</a>,1759021505,Low,2,10,0,v1.0
cfe1aad7-075d-4e7f-ba12-cd3713ff42e3,user806@example.com,Subject 1454,"Hello, we are interested in your profile.",1768788305,Urgent!,null,5,Ham,v1.0
d1cb9373-036e-4b90-93f2-1557bcb5871a,user405@example.com,Subject 1455,Attached is the invoice for last month.,2025-11-05T20:05:05.323438,N/A,2,100,0,v1.0
180361cf-a56a-4a6d-b3cf-f186b201c2e2,user262@example.com,Subject 1456,Free money!!! Just click <b>&nbsp;this link&nbsp;</b>,28-02-2026,Low,null,5,Ham,v1.0
810cada1-b826-46b7-922a-2c8f7639ae4a,user372@example.com,Subject 1457,"<div>Free money!!! Just click <b>&nbsp;this link&nbsp;</b></div><br><p>Best regards,</p>",03/06/2026,Low,null,1,Ham,v1.0
48f27c4c-48ba-4810-871e-c8186a799c23,user345@example.com,Subject 1458,"<div>¡Urgente! Necesitamos su respuesta inmediata.</div><br><p>Best regards,</p>",07/23/2025,Low,0,1,spam,v1.0
27783dc0-8c02-48d2-9bdc-3eef493a4de3,user547@example.com,Subject 1459,¡Urgente! Necesitamos su respuesta inmediata.,07/08/2025,N/A,None,5,1,v1.0
c18ee0ba-7f4d-41d1-a2da-9996158cac83,user837@example.com,Subject 1460,"<div>Cheap meds, no prescription needed!!!</div><br><p>Best regards,</p>",2025-11-13T20:05:05.323464,Low,2,0,spam,v1.0
2a1cb76e-9324-4aa6-83b4-89116537746d,user364@example.com,Subject 1461,Attached is the invoice for last month.,11-01-2026,Medium,None,0,0,v1.0
3f98dec1-b346-4ec8-82fb-b7f141c7c18e,user481@example.com,Subject 1462,"Cheap meds, no prescription needed!!!",11/05/2025,N/A,2,0,Ham,v1.0
102b6652-276d-4629-b59b-1bbb11164488,user370@example.com,Subject 1463,"<div>Bonjour, voici les documents demandés.</div><br><p>Best regards,</p>",1776992705,Medium,2,1,0,v1.0
9f19bba5-5b33-4fa2-b2b2-ebed2109e9f0,user782@example.com,Subject 1464,"Bonjour, voici les documents demandés.",2025-12-02T20:05:05.323485,Urgent!,2,1,1,v1.0
490be0ae-f162-4adb-bc3f-a8abd12f45d4,user268@example.com,Subject 1465,How have you been? It has been a long time.,1763604305,High,1,5,ham,v1.0
0ed75b43-823b-44f9-9783-447017eef7f3,user177@example.com,Subject 1466,"Bonjour, voici les documents demandés.",08/12/2025,Medium,2,5,Ham,v1.0
4bebc2b4-1ad7-4346-9eb9-0fe197a4c3bf,user969@example.com,Subject 1467,"<div>Bonjour, voici les documents demandés.</div><br><p>Best regards,</p>",20-11-2025,Low,None,1,s_p_a_m,v1.0
f7b890e6-74d2-40e2-89df-9586b94fc6b5,user856@example.com,Subject 1468,"Bonjour, voici les documents demandés.",10/14/2025,High,2,10,1,v1.0
91d6251f-7402-47e7-8a65-2652b3344f5f,user428@example.com,Subject 1469,"<div>Your account has been suspended. Please login to verify.</div><br><p>Best regards,</p>",1762913105,Medium,0,1,ham,v1.0
4561a346-db03-462f-b1b7-1fda9c0a3bc0,user219@example.com,Subject 1470,"<div>How have you been? It has been a long time.</div><br><p>Best regards,</p>",09-03-2026,null,None,0,0,v1.0
fdbf1956-b88e-4fb8-8cb0-2e26f5b6bb47,user646@example.com,Subject 1471,"Bonjour, voici les documents demandés.",12/14/2025,Medium,null,1,Legit,v1.0
50aaeee2-fdb7-43b2-82e6-38c60aadc703,user950@example.com,Subject 1472,Free money!!! Just click <b>&nbsp;this link&nbsp;</b>,1755047105,N/A,0,10,spam,v1.0
917ad722-59d4-4c77-8294-03324750cc83,user772@example.com,Subject 1473,"Hello, we are interested in your profile.",06-12-2025,Medium,1,0,SPAM,v1.0
cce311ad-57e1-47b7-a21c-19e96c254adf,user723@example.com,Subject 1474,¡Urgente! Necesitamos su respuesta inmediata.,23-04-2026,Urgent!,null,5,Legit,v1.0
ee6df6e2-7fdc-4c1b-9dd2-38e336591b19,user337@example.com,Subject 1475,"Cheap meds, no prescription needed!!!",18-04-2026,Medium,1,1,Ham,v1.0
057facb5-12e9-4319-a378-9dd8aa69a0c8,user246@example.com,Subject 1476,Your account has been suspended. Please login to verify.,06/28/2025,null,2,0,spam,v1.0
515e3305-1971-4867-a01f-02e93512af36,user338@example.com,Subject 1477,"Hello, we are interested in your profile.",15-08-2025,Urgent!,2,0,Legit,v1.0
f7afce85-5ddc-4ca8-9339-c272a702e56d,user804@example.com,Subject 1478,Your account has been suspended. Please login to verify.,25-12-2025,null,-1,0,1,v1.0
fc3f61bb-2168-4b4b-b7e1-a9c339ebe83a,user407@example.com,Subject 1479,"Cheap meds, no prescription needed!!!",2025-06-12T20:05:05.323631,null,0,100,s_p_a_m,v1.0
88a6c1a8-655d-4884-b080-4f0684b856ff,user899@example.com,Subject 1480,Meeting at 5pm? Let me know.,2026-03-30T20:05:05.323638,null,null,10,0,v1.0
037841f1-cc2f-4de3-a2c6-cfa8beff0d27,user250@example.com,Subject 1481,Attached is the invoice for last month.,1768529105,null,-1,5,0,v1.0
9fab2669-8bfb-45e5-a310-8cb981036bff,user780@example.com,Subject 1482,How have you been? It has been a long time.,1747011905,Urgent!,2,0,Legit,v1.0
404650cd-50ef-4df5-9444-4e8426ad9c28,user292@example.com,Subject 1483,Meeting at 5pm? Let me know.,2026-03-14T20:05:05.323652,High,None,5,spam,v1.0
da880011-d3ef-4f64-bde4-c92e86ccbab9,user390@example.com,Subject 1484,How have you been? It has been a long time.,05/19/2025,Low,null,100,Ham,v1.0
e6982391-d6c6-443e-897e-15ce055524a8,user359@example.com,Subject 1485,"<div>Meeting at 5pm? Let me know.</div><br><p>Best regards,</p>",05/18/2025,Medium,0,100,Ham,v1.0
32a8da89-3f3c-49e6-9ff3-ff3b14488b77,user771@example.com,Subject 1486,"<div>Cheap meds, no prescription needed!!!</div><br><p>Best regards,</p>",04/19/2026,N/A,1,5,SPAM,v1.0
470b820d-df86-4212-ab5c-32a230f43e18,user128@example.com,Subject 1487,"Bonjour, voici les documents demandés.",20-12-2025,N/A,0,100,s_p_a_m,v1.0
f5a997c3-ba21-41a0-b135-2d1cc93eaf2b,user592@example.com,Subject 1488,Your account has been suspended. Please login to verify.,05/09/2025,null,0,0,Ham,v1.0
f5df15a6-1eeb-4645-8c0d-9dd3b16382d8,user179@example.com,Subject 1489,Attached is the invoice for last month.,25-08-2025,Low,1,0,0,v1.0
9f68067f-e3cd-4b0f-9a57-37bed474085e,user622@example.com,Subject 1490,WINNER! Claim your prize now at <a href='http://malware.com'>here</a>,16-06-2025,Urgent!,2,10,ham,v1.0
cb0bb6d4-d77b-4d96-bd88-39e5342979cd,user520@example.com,Subject 1491,Attached is the invoice for last month.,1756602305,null,2,10,spam,v1.0
158bf0b6-81a5-4590-be3c-5d9e51ec38cc,user806@example.com,Subject 1492,Attached is the invoice for last month.,11-03-2026,Medium,2,10,spam,v1.0
d138dcd0-b075-47d2-a128-f2ff0411e201,user838@example.com,Subject 1493,Free money!!! Just click <b>&nbsp;this link&nbsp;</b>,2025-11-20T20:05:05.323708,High,0,10,0,v1.0
b832d412-b51e-4c44-9379-39c3fad62ed6,user989@example.com,Subject 1494,"<div>Attached is the invoice for last month.</div><br><p>Best regards,</p>",03/15/2026,Medium,None,5,ham,v1.0
1166693c-8e40-4442-ac20-8e117747015f,user123@example.com,Subject 1495,Meeting at 5pm? Let me know.,12-05-2025,null,None,10,1,v1.0
7837c75a-00b5-4a43-848b-6fff880c7563,user161@example.com,Subject 1496,"<div>Your account has been suspended. Please login to verify.</div><br><p>Best regards,</p>",2026-02-16T20:05:05.323723,N/A,None,1,SPAM,v1.0
42be08e7-f2db-4f39-8c38-9efcc33e7356,user7@example.com,Subject 1497,WINNER! Claim your prize now at <a href='http://malware.com'>here</a>,1765850705,Medium,0,10,ham,v1.0
2e981218-7445-4d1a-84be-5ecf0096fd6b,user640@example.com,Subject 1498,Free money!!! Just click <b>&nbsp;this link&nbsp;</b>,19-01-2026,High,1,5,SPAM,v1.0
122b575a-1617-40a2-9a92-1d45fb43531c,user240@example.com,Subject 1499,"<div>Your account has been suspended. Please login to verify.</div><br><p>Best regards,</p>",09/15/2025,Low,0,1,0,v1.0
949579bb-adb2-4f3e-831d-0e88707c8b68,user814@example.com,Subject 1500,"Cheap meds, no prescription needed!!!",2025-05-30T20:05:05.323744,Medium,-1,1,Legit,v1.0
c0030e6f-cf77-4903-9a8a-6184d2c088ec,user692@example.com,Subject 1501,Free money!!! Just click <b>&nbsp;this link&nbsp;</b>,1763517905,Urgent!,-1,1,ham,v1.0
30f85f9a-2999-4f19-971d-a61473b8e727,user963@example.com,Subject 1502,"<div>WINNER! Claim your prize now at <a href='http://malware.com'>here</a></div><br><p>Best regards,</p>",2025-07-23T20:05:05.323753,Low,null,1,SPAM,v1.0
892f7a22-b25e-4fe9-9152-cac2d85d19aa,user625@example.com,Subject 1503,"Hello, we are interested in your profile.",2025-09-05T20:05:05.323758,High,None,0,0,v1.0
ef2a2714-c621-467b-91e0-4b5cf36ed679,user730@example.com,Subject 1504,"Cheap meds, no prescription needed!!!",2026-03-10T20:05:05.323762,null,1,1,Legit,v1.0
7205ee77-0613-47a7-a7e3-4a6bc2e75114,user445@example.com,Subject 1505,How have you been? It has been a long time.,10-08-2025,High,-1,10,0,v1.0
de532e78-98af-40d5-a4bb-7a7e90fdb971,user22@example.com,Subject 1506,Your account has been suspended. Please login to verify.,07/25/2025,High,0,10,ham,v1.0
220890bf-63dc-46ae-a08d-a5de5b4831e3,user805@example.com,Subject 1507,"<div>Your account has been suspended. Please login to verify.</div><br><p>Best regards,</p>",07/03/2025,Urgent!,null,10,spam,v1.0
3cd76673-ffe2-4a8b-8ee9-5de91cd7f4d3,user380@example.com,Subject 1508,Attached is the invoice for last month.,1761181505,Urgent!,null,1,SPAM,v1.0
8bd962c9-805b-431f-814c-2c2bf92a619b,user678@example.com,Subject 1509,¡Urgente! Necesitamos su respuesta inmediata.,12-04-2026,Medium,2,10,s_p_a_m,v1.0
3eb2bf06-c03c-40d4-bb9a-141a3e383406,user745@example.com,Subject 1510,"<div>Free money!!! Just click <b>&nbsp;this link&nbsp;</b></div><br><p>Best regards,</p>",06/11/2025,null,null,100,SPAM,v1.0
2836e05d-954a-43e0-aafc-d77a22c4a325,user620@example.com,Subject 1511,How have you been? It has been a long time.,27-04-2026,Low,null,1,Ham,v1.0
2b005b77-c5f3-4ef6-afcf-4d596ae75046,user975@example.com,Subject 1512,"Bonjour, voici les documents demandés.",2025-07-25T20:05:05.323805,Urgent!,1,5,spam,v1.0
d8c6606a-4995-4b96-a86a-35fd9b537aea,user157@example.com,Subject 1513,WINNER! Claim your prize now at <a href='http://malware.com'>here</a>,04-03-2026,Urgent!,0,0,0,v1.0
027dcdd9-507d-4ba7-b483-bc8df3235d26,user427@example.com,Subject 1514,Your account has been suspended. Please login to verify.,2026-02-23T20:05:05.323815,null,2,100,1,v1.0
3516a0a2-3828-4d6f-9e75-f039d5ef507c,user574@example.com,Subject 1515,"Hello, we are interested in your profile.",2025-06-25T20:05:05.323820,null,1,0,0,v1.0
169ab01f-af07-4516-a6da-1870b23486a7,user698@example.com,Subject 1516,Meeting at 5pm? Let me know.,2026-04-04T20:05:05.323825,null,0,5,1,v1.0
f4b2e1aa-91d4-4778-8105-9f2915615652,user732@example.com,Subject 1517,Your account has been suspended. Please login to verify.,2026-04-01T20:05:05.323829,Urgent!,None,5,Legit,v1.0
6fe58579-772b-4674-9d2f-1d764f94308d,user485@example.com,Subject 1518,How have you been? It has been a long time.,09-07-2025,Urgent!,None,100,ham,v1.0
679cfb48-f144-41b2-841e-099e7951cfa9,user117@example.com,Subject 1519,"Cheap meds, no prescription needed!!!",2026-04-02T20:05:05.323840,N/A,2,0,SPAM,v1.0
a016ba3d-3fa1-47b4-b3e1-b2ed4dfab57f,user401@example.com,Subject 1520,WINNER! Claim your prize now at <a href='http://malware.com'>here</a>,09/23/2025,Medium,1,0,1,v1.0
7532c17d-ed83-41b4-a166-d45e425455a3,user402@example.com,Subject 1521,"<div>Meeting at 5pm? Let me know.</div><br><p>Best regards,</p>",09-03-2026,High,1,0,spam,v1.0
c84d525b-6a1d-4df0-9dc7-76111e698816,user159@example.com,Subject 1522,"<div>Meeting at 5pm? Let me know.</div><br><p>Best regards,</p>",1765764305,null,null,1,0,v1.0
3a1860ce-5dab-4b55-be35-5a16b717b811,user784@example.com,Subject 1523,"Cheap meds, no prescription needed!!!",10/15/2025,Low,None,0,spam,v1.0
f7cc7072-3d08-4ffc-9569-c2dadd252dfa,user956@example.com,Subject 1524,How have you been? It has been a long time.,03-07-2025,N/A,0,100,Legit,v1.0
0ad93734-0413-4ac2-b278-b835417628f2,user726@example.com,Subject 1525,WINNER! Claim your prize now at <a href='http://malware.com'>here</a>,2026-03-17T20:05:05.323871,Urgent!,null,10,Legit,v1.0
afc6ede2-fbb9-4e3f-bb00-e5503f53bef0,user383@example.com,Subject 1526,Meeting at 5pm? Let me know.,05/31/2025,Medium,null,1,Legit,v1.0
8c258f46-08ca-49db-9c9d-2f067980e120,user326@example.com,Subject 1527,Your account has been suspended. Please login to verify.,2026-03-12T20:05:05.323881,N/A,0,100,1,v1.0
7aee2ef1-c165-43c9-bfbb-c55a17eceadb,user143@example.com,Subject 1528,"Hello, we are interested in your profile.",2025-10-03T20:05:05.323886,N/A,1,5,SPAM,v1.0
545484c2-450e-49a0-8c1d-0cc79c458988,user993@example.com,Subject 1529,Your account has been suspended. Please login to verify.,05-08-2025,High,2,1,ham,v1.0
fcf1620c-61f6-434a-bcf7-b60b71596698,user531@example.com,Subject 1530,"Bonjour, voici les documents demandés.",2025-11-17T20:05:05.323896,N/A,None,1,Ham,v1.0
150c47e6-833c-4f87-8f08-bdbbd85ea86c,user719@example.com,Subject 1531,"<div>Cheap meds, no prescription needed!!!</div><br><p>Best regards,</p>",1764813905,Medium,2,0,1,v1.0
4678cbfa-ca6a-4e8e-832d-6433cbf0e6be,user505@example.com,Subject 1532,"<div>Bonjour, voici les documents demandés.</div><br><p>Best regards,</p>",31-08-2025,Urgent!,2,0,Ham,v1.0
ebb7fa29-0e1a-41f5-b767-54f99aa1a9bd,user969@example.com,Subject 1533,"Bonjour, voici les documents demandés.",03/31/2026,Medium,-1,100,ham,v1.0
2bd9b08f-0713-4e2a-8648-554a860ef817,user996@example.com,Subject 1534,"<div>¡Urgente! Necesitamos su respuesta inmediata.</div><br><p>Best regards,</p>",1760490305,Medium,None,0,0,v1.0
342a58fb-26b2-4786-84b4-c49044fde0ad,user577@example.com,Subject 1535,Your account has been suspended. Please login to verify.,1751072705,N/A,1,0,Ham,v1.0
4d514300-1366-496b-bec9-41414601c4da,user294@example.com,Subject 1536,¡Urgente! Necesitamos su respuesta inmediata.,25-02-2026,Low,1,10,spam,v1.0
6529dac0-e593-4415-8862-0e4f09fc73cc,user227@example.com,Subject 1537,How have you been? It has been a long time.,11/15/2025,Low,-1,0,SPAM,v1.0
0a4273e9-f587-47ea-b776-30bacbad7c1e,user151@example.com,Subject 1538,"<div>¡Urgente! Necesitamos su respuesta inmediata.</div><br><p>Best regards,</p>",1754701505,Low,2,0,Ham,v1.0
51fcb6c0-8b33-405a-8ca5-d0125e2eee9a,user624@example.com,Subject 1539,"Hello, we are interested in your profile.",1764381905,High,None,1,1,v1.0
1fc609dc-15b7-4aba-a35c-b485ed31d839,user964@example.com,Subject 1540,"<div>Free money!!! Just click <b>&nbsp;this link&nbsp;</b></div><br><p>Best regards,</p>",25-07-2025,Low,-1,100,SPAM,v1.0
6e5e7c8b-e2f9-464b-a5ca-30748b6aedb4,user811@example.com,Subject 1541,"<div>WINNER! Claim your prize now at <a href='http://malware.com'>here</a></div><br><p>Best regards,</p>",1758330305,Medium,None,10,0,v1.0
3c8014a1-75c1-4800-b668-2f8caa4555e0,user425@example.com,Subject 1542,"Cheap meds, no prescription needed!!!",07/17/2025,null,None,0,ham,v1.0
679c7de4-4085-4bea-a2cc-8cfa052166b1,user747@example.com,Subject 1543,¡Urgente! Necesitamos su respuesta inmediata.,2025-05-09T20:05:05.323961,N/A,-1,100,SPAM,v1.0
73a74726-a0cd-44ba-9a22-e6038cab82b3,user292@example.com,Subject 1544,¡Urgente! Necesitamos su respuesta inmediata.,2025-06-08T20:05:05.323966,null,null,5,0,v1.0
9f8e5b0a-961b-40ab-b865-34f3b17a05f9,user221@example.com,Subject 1545,How have you been? It has been a long time.,07/12/2025,null,1,100,ham,v1.0
d9729ce5-8c24-4026-8aa1-72298f62e019,user312@example.com,Subject 1546,Free money!!! Just click <b>&nbsp;this link&nbsp;</b>,2025-08-21T20:05:05.323977,Medium,2,1,1,v1.0
0ad8b266-c3a2-4e2d-beb4-8ca8ade3f3cc,user268@example.com,Subject 1547,Free money!!! Just click <b>&nbsp;this link&nbsp;</b>,1746579905,null,1,0,SPAM,v1.0
31ec4f40-17d1-4978-86ce-61fb70f30f9b,user174@example.com,Subject 1548,"<div>Attached is the invoice for last month.</div><br><p>Best regards,</p>",01-11-2025,N/A,1,100,Ham,v1.0
15f6f1ba-ba8b-4a90-aadc-eb60f5bf8441,user299@example.com,Subject 1549,"<div>Meeting at 5pm? Let me know.</div><br><p>Best regards,</p>",2026-03-19T20:05:05.323992,null,1,100,ham,v1.0
55ef7bb6-e56c-4f3e-a1e7-1e2a91eb6d49,user895@example.com,Subject 1550,"<div>Hello, we are interested in your profile.</div><br><p>Best regards,</p>",28-06-2025,N/A,2,5,0,v1.0
29cd2c99-a4d8-4b68-abce-eff7d5d1d46c,user803@example.com,Subject 1551,WINNER! Claim your prize now at <a href='http://malware.com'>here</a>,1762481105,N/A,-1,0,spam,v1.0
21b731d1-1c21-4aed-bcdc-c4e8ded9c360,user150@example.com,Subject 1552,Free money!!! Just click <b>&nbsp;this link&nbsp;</b>,10/12/2025,Urgent!,-1,1,s_p_a_m,v1.0
e5367339-d3de-4d91-b68d-608fad31c59d,user642@example.com,Subject 1553,WINNER! Claim your prize now at <a href='http://malware.com'>here</a>,2025-11-22T20:05:05.324012,null,-1,10,Ham,v1.0
ad578e26-86bf-4702-af7c-b6092a974c2f,user765@example.com,Subject 1554,¡Urgente! Necesitamos su respuesta inmediata.,11-01-2026,Urgent!,-1,100,Ham,v1.0
a18c84b7-da73-45af-898f-a80188aecbeb,user239@example.com,Subject 1555,¡Urgente! Necesitamos su respuesta inmediata.,11/29/2025,N/A,null,10,s_p_a_m,v1.0
824182cd-72eb-44bc-b2a9-ed19a6454114,user643@example.com,Subject 1556,"<div>Meeting at 5pm? Let me know.</div><br><p>Best regards,</p>",1759107905,High,0,10,ham,v1.0
eb8f8f73-ac14-4968-8429-b9cae04297ef,user304@example.com,Subject 1557,WINNER! Claim your prize now at <a href='http://malware.com'>here</a>,1769393105,High,0,0,Ham,v1.0
2e77aa5a-4e1b-4360-bb52-e9720888c37d,user115@example.com,Subject 1558,Attached is the invoice for last month.,08-07-2025,Urgent!,-1,0,Legit,v1.0
b8214bd6-e5c5-4ef5-877a-1bdf22d0ecdc,user644@example.com,Subject 1559,"<div>Attached is the invoice for last month.</div><br><p>Best regards,</p>",1772849105,High,-1,10,Legit,v1.0
55376c94-8849-4138-9d26-c7d83cd375a3,user446@example.com,Subject 1560,"Hello, we are interested in your profile.",09-09-2025,Medium,0,5,Legit,v1.0
39671c13-e47f-4bd3-a639-00866cb9798f,user183@example.com,Subject 1561,Free money!!! Just click <b>&nbsp;this link&nbsp;</b>,1756170305,null,0,10,SPAM,v1.0
a9a5456f-430f-49fb-9fb3-95e525a1fe2f,user329@example.com,Subject 1562,How have you been? It has been a long time.,1752023105,High,None,100,1,v1.0
657718f9-b371-4093-95b1-931c7ffc8166,user269@example.com,Subject 1563,WINNER! Claim your prize now at <a href='http://malware.com'>here</a>,1763690705,High,null,1,s_p_a_m,v1.0
f44cb100-026a-4c4a-957c-6d8528d3675a,user952@example.com,Subject 1564,Free money!!! Just click <b>&nbsp;this link&nbsp;</b>,2025-07-09T20:05:05.324065,Urgent!,null,1,s_p_a_m,v1.0
7609c6e2-4065-41ba-ae15-4042d6266244,user933@example.com,Subject 1565,Free money!!! Just click <b>&nbsp;this link&nbsp;</b>,1760144705,Low,null,10,SPAM,v1.0
991dfdfc-42ae-4856-8775-bd317ab36ff9,user786@example.com,Subject 1566,"Cheap meds, no prescription needed!!!",2025-08-14T20:05:05.324074,Urgent!,null,0,spam,v1.0
d7f8d3a1-192b-4015-8562-d7124c74df33,user940@example.com,Subject 1567,"<div>Hello, we are interested in your profile.</div><br><p>Best regards,</p>",2025-05-04T20:05:05.324078,High,None,100,ham,v1.0
bb68ec19-404a-4d2f-be77-9664babee8be,user779@example.com,Subject 1568,Your account has been suspended. Please login to verify.,1764554705,Urgent!,-1,100,SPAM,v1.0
1b8bbf63-8f57-4b66-ab6b-4e1e12d31279,user301@example.com,Subject 1569,"<div>Cheap meds, no prescription needed!!!</div><br><p>Best regards,</p>",1749690305,N/A,null,5,s_p_a_m,v1.0
50c8f742-534e-4795-bb91-88b41a1da7b8,user192@example.com,Subject 1570,"<div>Bonjour, voici les documents demandés.</div><br><p>Best regards,</p>",02-01-2026,Low,-1,10,SPAM,v1.0
4bcaf509-9d6f-456b-a067-ccd77f0d161a,user353@example.com,Subject 1571,"<div>Meeting at 5pm? Let me know.</div><br><p>Best regards,</p>",2026-03-12T20:05:05.324097,High,1,0,0,v1.0
d9fa154d-e8c7-42ba-b716-02ae8077770d,user640@example.com,Subject 1572,"<div>Meeting at 5pm? Let me know.</div><br><p>Best regards,</p>",1749863105,High,0,10,Ham,v1.0
eafb754b-46e6-4ddb-b5f4-ba8ff28c3472,user175@example.com,Subject 1573,Attached is the invoice for last month.,2026-03-08T20:05:05.324106,Low,1,10,spam,v1.0
a312cc57-3d74-41c5-b101-99072e34e8d1,user628@example.com,Subject 1574,"Bonjour, voici les documents demandés.",05-06-2025,Low,2,100,s_p_a_m,v1.0
5651829b-3997-4eea-b4ce-caba68a7a68e,user921@example.com,Subject 1575,"<div>Your account has been suspended. Please login to verify.</div><br><p>Best regards,</p>",2026-02-11T20:05:05.324116,High,0,0,1,v1.0
d90f2cb7-2c25-4c4e-964e-a19354c19b84,user525@example.com,Subject 1576,Your account has been suspended. Please login to verify.,11/09/2025,High,0,0,SPAM,v1.0
719d38c6-7b78-4052-ac52-3dec453f642b,user783@example.com,Subject 1577,Attached is the invoice for last month.,17-12-2025,Medium,-1,1,SPAM,v1.0
69ac2f1e-faf2-4701-a357-685d3a965e6b,user615@example.com,Subject 1578,"<div>Cheap meds, no prescription needed!!!</div><br><p>Best regards,</p>",10-08-2025,Urgent!,0,1,1,v1.0
6509dbb8-a001-41e7-a6b0-21db69d2a6bd,user21@example.com,Subject 1579,Free money!!! Just click <b>&nbsp;this link&nbsp;</b>,10/05/2025,Medium,None,1,spam,v1.0
8b27bc54-e6da-4c5c-a66f-c607b951dd03,user928@example.com,Subject 1580,WINNER! Claim your prize now at <a href='http://malware.com'>here</a>,1758589505,null,2,100,SPAM,v1.0
ed9bc09a-cfbb-4277-b44f-86a9bfba4447,user599@example.com,Subject 1581,Meeting at 5pm? Let me know.,1772849105,null,1,10,SPAM,v1.0
6707265d-decd-420d-a3b8-3a0aba18d349,user693@example.com,Subject 1582,WINNER! Claim your prize now at <a href='http://malware.com'>here</a>,1752455105,N/A,-1,5,Legit,v1.0
403a901d-3403-44dc-aaac-ceb64346fafd,user771@example.com,Subject 1583,"Hello, we are interested in your profile.",2026-03-19T20:05:05.324157,N/A,1,1,SPAM,v1.0
400ceb73-5d04-4e28-a406-b7e39df637aa,user531@example.com,Subject 1584,"<div>¡Urgente! Necesitamos su respuesta inmediata.</div><br><p>Best regards,</p>",02/08/2026,Low,None,1,1,v1.0
feab65b1-0e7c-4305-852e-5453e4070255,user87@example.com,Subject 1585,"<div>Hello, we are interested in your profile.</div><br><p>Best regards,</p>",03/31/2026,Low,2,10,Ham,v1.0
e3700df2-7b88-4b1b-9533-72fc5867eeba,user613@example.com,Subject 1586,Attached is the invoice for last month.,07/27/2025,N/A,1,0,spam,v1.0
3d0f73a8-0879-475c-b899-05930e961981,user200@example.com,Subject 1587,Your account has been suspended. Please login to verify.,10/09/2025,Medium,None,10,1,v1.0
13653e74-b1a6-4c56-917b-8bb22cc4e50a,user641@example.com,Subject 1588,"Bonjour, voici les documents demandés.",1762999505,Medium,0,100,s_p_a_m,v1.0
90d60308-6164-467a-8d57-00a0a0132ccd,user949@example.com,Subject 1589,"Bonjour, voici les documents demandés.",2025-09-27T20:05:05.324188,High,-1,100,SPAM,v1.0
c8454711-d538-4f75-b1ed-79aa409d5033,user987@example.com,Subject 1590,Meeting at 5pm? Let me know.,2026-01-28T20:05:05.324192,Low,null,0,SPAM,v1.0
e8a62bdf-55d6-4936-8287-8f33170b2ae8,user813@example.com,Subject 1591,¡Urgente! Necesitamos su respuesta inmediata.,06/29/2025,Urgent!,1,0,Legit,v1.0
b875c40d-f3e3-4db0-94a3-232bbe28e849,user940@example.com,Subject 1592,"Hello, we are interested in your profile.",2025-06-05T20:05:05.324202,Urgent!,2,10,0,v1.0
d48881cd-ef16-4d06-a446-0ce7c600d671,user333@example.com,Subject 1593,"<div>Hello, we are interested in your profile.</div><br><p>Best regards,</p>",2025-07-14T20:05:05.324206,Urgent!,2,1,Ham,v1.0
394b2278-063d-4151-a89f-8a5606c239d8,user93@example.com,Subject 1594,"<div>Bonjour, voici les documents demandés.</div><br><p>Best regards,</p>",2025-11-13T20:05:05.324211,null,0,5,ham,v1.0
d4041325-c09a-4a42-bd10-fd1e9c2461ce,user112@example.com,Subject 1595,"Bonjour, voici les documents demandés.",2025-10-05T20:05:05.324216,null,None,1,0,v1.0
4cce001e-b1e3-4ad1-abe9-6337f75a2f92,user619@example.com,Subject 1596,Attached is the invoice for last month.,30-08-2025,Urgent!,null,100,SPAM,v1.0
8dacb877-5a82-4545-8823-c2c8a62a6c09,user106@example.com,Subject 1597,"<div>Hello, we are interested in your profile.</div><br><p>Best regards,</p>",2026-01-16T20:05:05.324226,Low,2,10,0,v1.0
c5d4fb9a-0b8a-4947-b96e-a5683eb80d64,user210@example.com,Subject 1598,"<div>Attached is the invoice for last month.</div><br><p>Best regards,</p>",1773277505,Medium,2,100,0,v1.0
e5cc4661-09f1-4226-8ab8-cc259be850e8,user157@example.com,Subject 1599,Your account has been suspended. Please login to verify.,03/02/2026,Medium,null,0,ham,v1.0
3d4d0b2b-0ec1-4b2c-a280-84ac5a71f75b,user284@example.com,Subject 1600,"<div>Meeting at 5pm? Let me know.</div><br><p>Best regards,</p>",24-12-2025,Low,2,0,SPAM,v1.0
14c68aae-53ee-4984-abf3-d3698e25aead,user753@example.com,Subject 1601,How have you been? It has been a long time.,2026-04-08T20:05:05.324245,N/A,null,1,spam,v1.0
d02fe406-5c88-4a4e-a527-b87080dd752b,user344@example.com,Subject 1602,"<div>Attached is the invoice for last month.</div><br><p>Best regards,</p>",03-12-2025,N/A,-1,10,1,v1.0
2284c75c-afba-4716-bbb8-577bd485512a,user617@example.com,Subject 1603,¡Urgente! Necesitamos su respuesta inmediata.,1775955905,High,None,0,spam,v1.0
900358c7-dd00-485e-b5c7-1d778d63babe,user187@example.com,Subject 1604,Your account has been suspended. Please login to verify.,09/07/2025,N/A,-1,100,Ham,v1.0
75be286e-a05d-4157-af74-67337721b322,user618@example.com,Subject 1605,"<div>Your account has been suspended. Please login to verify.</div><br><p>Best regards,</p>",2026-03-15T20:05:05.324264,null,1,0,Legit,v1.0
fbaa8363-9ddc-46e4-8b26-855ececa0d35,user157@example.com,Subject 1606,Free money!!! Just click <b>&nbsp;this link&nbsp;</b>,01/25/2026,Urgent!,-1,5,1,v1.0
d6bdc1f9-ba8e-4907-bbb8-ac39ab62de51,user608@example.com,Subject 1607,"Hello, we are interested in your profile.",31-03-2026,Urgent!,None,0,SPAM,v1.0
ea12ede9-30d5-4608-9792-20f0ccc4c82c,user505@example.com,Subject 1608,Your account has been suspended. Please login to verify.,2025-08-29T20:05:05.324280,Urgent!,-1,0,ham,v1.0
3cd3830d-bf5c-478b-805e-7a1460c782dc,user937@example.com,Subject 1609,"Bonjour, voici les documents demandés.",08/14/2025,High,2,0,Legit,v1.0
7ef054bd-0078-4835-bb78-0cf6b0dd18bc,user737@example.com,Subject 1610,Attached is the invoice for last month.,03/30/2026,Urgent!,null,5,0,v1.0
1511371e-7674-4308-8822-133f6f450758,user74@example.com,Subject 1611,Your account has been suspended. Please login to verify.,10/23/2025,N/A,2,0,SPAM,v1.0
55dadb8d-5ee7-41e4-baf2-be806ed6ecbb,user292@example.com,Subject 1612,Attached is the invoice for last month.,1776128705,High,0,1,Ham,v1.0
4e87270f-c53a-4d69-ba20-32541e0f129a,user360@example.com,Subject 1613,Meeting at 5pm? Let me know.,1764209105,Low,1,0,Ham,v1.0
e228076b-e89f-4a38-9c77-04048c3b007b,user167@example.com,Subject 1614,Attached is the invoice for last month.,11/14/2025,Urgent!,0,0,Ham,v1.0
c3870092-c61c-4d39-aa1c-4f2f9a9a24df,user523@example.com,Subject 1615,"<div>Free money!!! Just click <b>&nbsp;this link&nbsp;</b></div><br><p>Best regards,</p>",24-12-2025,High,null,100,SPAM,v1.0
424d8a7a-2aa6-4d8b-8471-e838fa384ef6,user898@example.com,Subject 1616,"Cheap meds, no prescription needed!!!",04/30/2025,Low,1,100,0,v1.0
bb05f67a-0b31-4aa3-9c5c-b867e28a65f6,user685@example.com,Subject 1617,Free money!!! Just click <b>&nbsp;this link&nbsp;</b>,12-09-2025,N/A,-1,100,ham,v1.0
8e12b156-aaa8-4a6c-ae27-3c8940011cf5,user907@example.com,Subject 1618,"<div>Your account has been suspended. Please login to verify.</div><br><p>Best regards,</p>",1760490305,Low,None,5,1,v1.0
9d627d1f-829b-497b-9453-7861d9a7aaee,user676@example.com,Subject 1619,"Bonjour, voici les documents demandés.",2026-01-15T20:05:05.324400,Medium,1,100,1,v1.0
0afc298b-76c2-4e17-816d-7fcbe82952ac,user217@example.com,Subject 1620,"Bonjour, voici les documents demandés.",2025-09-07T20:05:05.324407,null,None,0,1,v1.0
446e14ae-d59a-466b-b043-b1b2f1954b65,user639@example.com,Subject 1621,"<div>Hello, we are interested in your profile.</div><br><p>Best regards,</p>",1774659905,Medium,-1,1,Ham,v1.0
0bbd736a-45f2-4b52-9f56-d2b64a1bc182,user404@example.com,Subject 1622,"<div>How have you been? It has been a long time.</div><br><p>Best regards,</p>",03/30/2026,Low,2,100,Legit,v1.0
8b8968c4-dce7-43c6-a0d7-ad81098670b3,user676@example.com,Subject 1623,"<div>¡Urgente! Necesitamos su respuesta inmediata.</div><br><p>Best regards,</p>",2026-01-27T20:05:05.324426,Medium,null,100,0,v1.0
0aa2f2d8-3fb1-4396-a43c-ca3706f820a7,user338@example.com,Subject 1624,Attached is the invoice for last month.,1772503505,N/A,1,5,spam,v1.0
19d52af8-ed6f-44ab-8313-899773875d08,user954@example.com,Subject 1625,Meeting at 5pm? Let me know.,2025-10-20T20:05:05.324435,null,None,5,ham,v1.0
caf88b21-cab2-4f6d-8763-7964dcb19de2,user451@example.com,Subject 1626,Free money!!! Just click <b>&nbsp;this link&nbsp;</b>,2026-04-04T20:05:05.324466,High,-1,0,SPAM,v1.0
9477c650-423b-4adf-bce6-e0b67bc2c39f,user430@example.com,Subject 1627,"Bonjour, voici les documents demandés.",1769911505,Medium,-1,5,Legit,v1.0
384966c4-2abe-41f7-9c1c-fb8e7146da39,user263@example.com,Subject 1628,Free money!!! Just click <b>&nbsp;this link&nbsp;</b>,20-06-2025,Medium,2,1,1,v1.0
d7bb372f-b37d-49ff-8829-c7386607e50d,user927@example.com,Subject 1629,WINNER! Claim your prize now at <a href='http://malware.com'>here</a>,2026-02-23T20:05:05.324497,Low,None,10,0,v1.0
7c82d136-b2cb-4572-935b-da513c304300,user661@example.com,Subject 1630,"Hello, we are interested in your profile.",1773363905,Urgent!,1,1,1,v1.0
65c99dc7-01e6-4f8a-a0fe-164149c593ea,user600@example.com,Subject 1631,How have you been? It has been a long time.,24-11-2025,Medium,2,10,Legit,v1.0
b536991d-0c0a-48b8-8890-be6458836253,user696@example.com,Subject 1632,Your account has been suspended. Please login to verify.,2026-03-02T20:05:05.324520,Urgent!,null,1,Ham,v1.0
631dfdd5-8c8d-4d91-8e36-d4c8cd3e43d1,user454@example.com,Subject 1633,Meeting at 5pm? Let me know.,01/07/2026,Urgent!,None,10,1,v1.0
e637da52-0f81-4a24-ab99-21cb5cad4efc,user706@example.com,Subject 1634,"Cheap meds, no prescription needed!!!",03/14/2026,Low,1,100,Legit,v1.0
d4630152-fd7b-4079-abbe-6209eab50746,user567@example.com,Subject 1635,"Hello, we are interested in your profile.",08-12-2025,High,0,5,spam,v1.0
b5135699-8691-4c07-9cf4-ec552773d4f5,user253@example.com,Subject 1636,¡Urgente! Necesitamos su respuesta inmediata.,14-08-2025,High,-1,1,spam,v1.0
31a48407-d254-4b8a-b6f9-6727480dc8de,user634@example.com,Subject 1637,WINNER! Claim your prize now at <a href='http://malware.com'>here</a>,1771121105,Urgent!,0,5,SPAM,v1.0
47e00092-a16f-4576-a684-4903e46b813a,user249@example.com,Subject 1638,"<div>Cheap meds, no prescription needed!!!</div><br><p>Best regards,</p>",1769825105,Low,null,100,Ham,v1.0
3985e449-d2ea-4287-abc3-54a268a8d913,user212@example.com,Subject 1639,"<div>Cheap meds, no prescription needed!!!</div><br><p>Best regards,</p>",17-09-2025,N/A,1,1,SPAM,v1.0
1922103a-b78a-4279-bae9-544ff0ebe14a,user989@example.com,Subject 1640,How have you been? It has been a long time.,1750381505,Urgent!,2,100,Ham,v1.0
a9c1370d-69d8-4ec0-84b7-c58cb75687c0,user157@example.com,Subject 1641,Meeting at 5pm? Let me know.,28-04-2026,Urgent!,0,0,Legit,v1.0
a70cbf6b-370c-4e3d-96d6-d0b40615766e,user82@example.com,Subject 1642,"<div>WINNER! Claim your prize now at <a href='http://malware.com'>here</a></div><br><p>Best regards,</p>",1774832705,null,-1,1,0,v1.0
65d0a4c3-1df8-456d-97c7-d6642e684dd0,user670@example.com,Subject 1643,¡Urgente! Necesitamos su respuesta inmediata.,1749690305,Medium,null,5,spam,v1.0
0c0409f1-444f-41b8-a6a9-7bd5bc66cdd9,user770@example.com,Subject 1644,Free money!!! Just click <b>&nbsp;this link&nbsp;</b>,1749603905,Medium,1,10,SPAM,v1.0
5fb55ff4-ef44-43ae-aec4-d3bdef543e0a,user271@example.com,Subject 1645,WINNER! Claim your prize now at <a href='http://malware.com'>here</a>,2026-04-17T20:05:05.324586,Urgent!,0,10,1,v1.0
a6f52349-05de-4da6-848f-bd51a04cbaa0,user300@example.com,Subject 1646,Meeting at 5pm? Let me know.,2025-09-23T20:05:05.324591,N/A,0,10,Legit,v1.0
a25028d9-adc2-4e8c-ba99-f34e5034b9be,user266@example.com,Subject 1647,"<div>Cheap meds, no prescription needed!!!</div><br><p>Best regards,</p>",25-02-2026,Medium,null,5,Legit,v1.0
2b7d0649-c41e-4696-98a5-be590040c3e0,user54@example.com,Subject 1648,"<div>Your account has been suspended. Please login to verify.</div><br><p>Best regards,</p>",2025-07-29T20:05:05.324602,Low,1,0,0,v1.0
5730cfd2-ff7a-4ba4-b684-86a0c0afcc80,user443@example.com,Subject 1649,"<div>Cheap meds, no prescription needed!!!</div><br><p>Best regards,</p>",2025-05-20T20:05:05.324606,Low,None,10,ham,v1.0
4127f7b3-01cf-4c91-9b83-c353ec07c186,user786@example.com,Subject 1650,"<div>Free money!!! Just click <b>&nbsp;this link&nbsp;</b></div><br><p>Best regards,</p>",1751677505,Urgent!,None,0,s_p_a_m,v1.0
1a9d0a39-a8eb-4d5b-93e8-eb70206883d8,user114@example.com,Subject 1651,Your account has been suspended. Please login to verify.,2025-05-30T20:05:05.324616,N/A,null,0,Legit,v1.0
8ab62ed8-30fc-4cce-b404-14a62ff12759,user903@example.com,Subject 1652,"Cheap meds, no prescription needed!!!",1764381905,N/A,None,100,Legit,v1.0
819aeb1c-96c5-4fbc-9c5f-d7b1a2eea6db,user509@example.com,Subject 1653,Attached is the invoice for last month.,06/28/2025,null,1,1,spam,v1.0
189d818a-e584-4676-b975-0fbba49c77e7,user116@example.com,Subject 1654,"Cheap meds, no prescription needed!!!",09/17/2025,N/A,None,10,Legit,v1.0
38a8af68-58ce-48ef-b25b-448077d2d859,user145@example.com,Subject 1655,"Cheap meds, no prescription needed!!!",20-03-2026,N/A,1,5,SPAM,v1.0
7dd2e364-f2f3-4dd8-9949-ed3316869654,user20@example.com,Subject 1656,"<div>Free money!!! Just click <b>&nbsp;this link&nbsp;</b></div><br><p>Best regards,</p>",24-01-2026,Medium,-1,0,0,v1.0
7d4cf302-ed0d-4d22-a985-cdab1db1f0b3,user985@example.com,Subject 1657,"<div>¡Urgente! Necesitamos su respuesta inmediata.</div><br><p>Best regards,</p>",21-01-2026,N/A,None,5,s_p_a_m,v1.0
af67c50d-cfc0-4ae6-bcfe-44f5b5dbf1d0,user371@example.com,Subject 1658,"Bonjour, voici les documents demandés.",2026-01-11T20:05:05.324653,High,0,100,SPAM,v1.0
4f2a4004-3ba5-464d-9d8a-dccaef2664b4,user858@example.com,Subject 1659,"<div>Bonjour, voici les documents demandés.</div><br><p>Best regards,</p>",1764036305,N/A,2,1,Ham,v1.0
89a19418-2133-43f1-a000-469620473f37,user332@example.com,Subject 1660,¡Urgente! Necesitamos su respuesta inmediata.,1771293905,Urgent!,2,0,Legit,v1.0
d5044c48-a8ec-4150-9cf6-99fc27b40de4,user338@example.com,Subject 1661,"Hello, we are interested in your profile.",2026-03-10T20:05:05.324667,Medium,2,100,SPAM,v1.0
7ac27380-ae71-47c9-bebd-662d3aaaff95,user275@example.com,Subject 1662,"<div>Attached is the invoice for last month.</div><br><p>Best regards,</p>",1756602305,N/A,null,10,0,v1.0
f47238eb-546d-428e-a3de-2bc8e288626f,user6@example.com,Subject 1663,Meeting at 5pm? Let me know.,03/18/2026,High,1,1,0,v1.0
e6113d8d-e89a-492d-80f1-db53376dc9c3,user96@example.com,Subject 1664,¡Urgente! Necesitamos su respuesta inmediata.,1755479105,Medium,1,0,SPAM,v1.0
84acf4d9-84d0-4a4d-b01e-f0830f5c9a5f,user688@example.com,Subject 1665,"Hello, we are interested in your profile.",04-03-2026,High,null,1,0,v1.0
57e4cf5a-71ce-45b1-a046-3e69bcfc4e22,user362@example.com,Subject 1666,Meeting at 5pm? Let me know.,2025-11-22T20:05:05.324691,Low,0,1,spam,v1.0
2856c0e0-f1d2-4a79-b352-fd22680c3f19,user881@example.com,Subject 1667,¡Urgente! Necesitamos su respuesta inmediata.,09/30/2025,Urgent!,1,100,ham,v1.0
c37b5ccb-8b0a-40b1-9b25-7652ae9e015e,user95@example.com,Subject 1668,"Hello, we are interested in your profile.",1769825105,null,null,1,Legit,v1.0
8c30540d-7bdd-429b-92bc-a1dc6258c44e,user120@example.com,Subject 1669,"Cheap meds, no prescription needed!!!",12-12-2025,Urgent!,None,1,1,v1.0
45e552c0-4331-4e24-8e72-2c4956b0d717,user944@example.com,Subject 1670,"Hello, we are interested in your profile.",2025-09-27T20:05:05.324745,null,null,5,SPAM,v1.0
e4b3b0e5-a20f-4bb7-889d-7beb775608ba,user135@example.com,Subject 1671,Meeting at 5pm? Let me know.,12-06-2025,High,2,5,s_p_a_m,v1.0
12871716-cdce-4b69-87c6-ae436feec359,user215@example.com,Subject 1672,WINNER! Claim your prize now at <a href='http://malware.com'>here</a>,2025-07-12T20:05:05.324759,High,null,1,1,v1.0
634583b0-cfd0-482e-800f-18455c5cb036,user752@example.com,Subject 1673,"Cheap meds, no prescription needed!!!",2025-11-30T20:05:05.324765,High,0,10,Ham,v1.0
f7aa83a1-5790-41c9-acf3-320583079ea8,user274@example.com,Subject 1674,"Hello, we are interested in your profile.",1777251905,N/A,null,5,SPAM,v1.0
df5bc310-46dd-410f-b3b0-ba80eef7cbe9,user177@example.com,Subject 1675,"<div>Bonjour, voici les documents demandés.</div><br><p>Best regards,</p>",08/07/2025,Medium,1,0,Ham,v1.0
9f24bc20-5835-4af8-90e4-037e276d329f,user723@example.com,Subject 1676,"<div>Hello, we are interested in your profile.</div><br><p>Best regards,</p>",2026-01-01T20:05:05.324785,High,null,0,s_p_a_m,v1.0
04f5db1f-0140-41f6-9b4a-e22853e94b36,user582@example.com,Subject 1677,¡Urgente! Necesitamos su respuesta inmediata.,08/25/2025,Medium,2,0,Legit,v1.0
ee65c627-b7d8-4b18-b900-5b7a29d922f6,user380@example.com,Subject 1678,"<div>¡Urgente! Necesitamos su respuesta inmediata.</div><br><p>Best regards,</p>",1771639505,null,0,0,0,v1.0
56d82a25-5bac-4f63-8ce9-d8b800e0e72e,user217@example.com,Subject 1679,"<div>¡Urgente! Necesitamos su respuesta inmediata.</div><br><p>Best regards,</p>",04-10-2025,High,0,10,SPAM,v1.0
4f75024b-8629-4dbf-8d94-34d2163f7fd6,user46@example.com,Subject 1680,¡Urgente! Necesitamos su respuesta inmediata.,24-10-2025,High,None,0,0,v1.0
58d684f1-d8f7-4381-8263-8b6cf8c0caee,user468@example.com,Subject 1681,Your account has been suspended. Please login to verify.,2025-11-20T20:05:05.324812,Low,null,10,spam,v1.0
35422fd3-8e31-492f-aa56-450f21bd19e0,user967@example.com,Subject 1682,"<div>Hello, we are interested in your profile.</div><br><p>Best regards,</p>",2025-07-15T20:05:05.324816,Low,None,0,0,v1.0
d8e05c5b-5fa7-4281-b592-689743e35a73,user712@example.com,Subject 1683,Meeting at 5pm? Let me know.,2025-05-18T20:05:05.324821,null,0,100,spam,v1.0
27df7e57-4b90-4839-83e2-75fb5e24b966,user307@example.com,Subject 1684,Meeting at 5pm? Let me know.,11/30/2025,N/A,0,0,1,v1.0
0c793e57-7bb0-4a40-9a5d-abf7b6af023f,user828@example.com,Subject 1685,Free money!!! Just click <b>&nbsp;this link&nbsp;</b>,1763431505,High,-1,10,0,v1.0
4384a737-53fc-4324-80f4-a19194bb885f,user161@example.com,Subject 1686,Free money!!! Just click <b>&nbsp;this link&nbsp;</b>,13-01-2026,High,1,1,Legit,v1.0
55cceda5-6b5b-4071-a8b1-9204b73bdcf0,user731@example.com,Subject 1687,WINNER! Claim your prize now at <a href='http://malware.com'>here</a>,2025-06-19T20:05:05.324841,Urgent!,null,0,SPAM,v1.0
696985a3-2140-4d5e-ae69-698a03aaa41c,user811@example.com,Subject 1688,Meeting at 5pm? Let me know.,09/15/2025,N/A,null,1,Legit,v1.0
721f066d-c664-4264-ae30-e0eb00ba9991,user668@example.com,Subject 1689,"Cheap meds, no prescription needed!!!",31-01-2026,Low,None,5,spam,v1.0
86ef814d-f758-4120-b4c2-5ad9ca5f8026,user306@example.com,Subject 1690,Meeting at 5pm? Let me know.,1758935105,Medium,null,5,ham,v1.0
64cc267a-2d40-40a6-bff2-cd9654c50e15,user106@example.com,Subject 1691,"Bonjour, voici les documents demandés.",2025-05-15T20:05:05.324860,High,1,10,spam,v1.0
e02e7f06-cb17-4ea4-9efd-4d9cffaaa128,user725@example.com,Subject 1692,Your account has been suspended. Please login to verify.,09-09-2025,Medium,2,1,spam,v1.0
822eb00e-b008-410c-b9e4-67e15605601f,user566@example.com,Subject 1693,Your account has been suspended. Please login to verify.,1759799105,High,0,1,1,v1.0
c1f50199-d173-4507-8d1b-e9fda4e4fbc6,user733@example.com,Subject 1694,Your account has been suspended. Please login to verify.,12/31/2025,N/A,1,10,SPAM,v1.0
67cf2ea3-123d-401c-a844-b935d6aa69a4,user613@example.com,Subject 1695,"<div>Your account has been suspended. Please login to verify.</div><br><p>Best regards,</p>",1757466305,N/A,1,10,ham,v1.0
efdbf0dc-8635-4c1b-a07e-9b927850f20d,user164@example.com,Subject 1696,¡Urgente! Necesitamos su respuesta inmediata.,1762045505,Urgent!,2,5,ham,v1.0
f1fb97a9-9b08-4041-bfc3-05fb38bfff65,user209@example.com,Subject 1697,"Cheap meds, no prescription needed!!!",04/30/2026,N/A,2,1,Legit,v1.0
1e5aebbd-0a03-4177-be9d-892e23db7e06,user276@example.com,Subject 1698,"<div>Your account has been suspended. Please login to verify.</div><br><p>Best regards,</p>",10/02/2025,High,-1,1,s_p_a_m,v1.0
ad497548-29c2-4341-aebb-6963af9bc903,user548@example.com,Subject 1699,"Cheap meds, no prescription needed!!!",2025-05-18T20:05:05.324901,Medium,None,0,1,v1.0
e3987f9e-fddf-435e-b01a-72616f8d99c8,user595@example.com,Subject 1700,"Cheap meds, no prescription needed!!!",11/10/2025,N/A,-1,5,Legit,v1.0
e72d89e5-9458-4414-a8bf-b813b3d2318a,user851@example.com,Subject 1701,¡Urgente! Necesitamos su respuesta inmediata.,1749258305,null,1,1,spam,v1.0
1ef0fcd0-db05-4714-9b62-0275546d9d1b,user773@example.com,Subject 1702,"Cheap meds, no prescription needed!!!",2025-11-08T20:05:05.324916,High,2,10,Ham,v1.0
f2442583-8cb0-4d6d-a189-f804f1e9f291,user733@example.com,Subject 1703,Your account has been suspended. Please login to verify.,2025-08-28T20:05:05.324920,High,2,10,0,v1.0
b08802fe-a5b8-4359-9b90-e1901dcec24e,user884@example.com,Subject 1704,"<div>Meeting at 5pm? Let me know.</div><br><p>Best regards,</p>",1751159105,Urgent!,None,0,s_p_a_m,v1.0
4a531bbc-66e2-4a8b-9f67-8f8400ebaf22,user192@example.com,Subject 1705,"Hello, we are interested in your profile.",1754269505,N/A,2,5,spam,v1.0
9b86e8b4-5c6d-4da6-b1cc-c08240782cfc,user60@example.com,Subject 1706,Meeting at 5pm? Let me know.,1777165505,Urgent!,None,0,SPAM,v1.0
eda10157-72cb-4cd5-ad2e-ac90e01a32c0,user52@example.com,Subject 1707,How have you been? It has been a long time.,02/11/2026,Low,null,5,ham,v1.0
4faa9585-29c6-441e-a0fb-7ef19460dce3,user180@example.com,Subject 1708,"Bonjour, voici les documents demandés.",28-02-2026,High,-1,100,spam,v1.0
9a6cc800-3bf4-4c9d-8032-6fb46aa74923,user38@example.com,Subject 1709,"Cheap meds, no prescription needed!!!",2025-07-17T20:05:05.324948,Low,2,10,s_p_a_m,v1.0
960f078e-31bb-4070-af39-3e51695ca3ad,user340@example.com,Subject 1710,¡Urgente! Necesitamos su respuesta inmediata.,1751331905,Low,None,5,1,v1.0
5c6a124e-b8b2-4974-89a9-3fddaf0ea2c2,user979@example.com,Subject 1711,Attached is the invoice for last month.,10/09/2025,High,2,100,s_p_a_m,v1.0
c41cf6f6-8375-4658-9ec5-d5d784435d8b,user111@example.com,Subject 1712,Free money!!! Just click <b>&nbsp;this link&nbsp;</b>,18-06-2025,Medium,0,5,s_p_a_m,v1.0
8d4b3a97-6802-4686-9df8-162c30658952,user603@example.com,Subject 1713,"<div>Bonjour, voici les documents demandés.</div><br><p>Best regards,</p>",2026-03-19T20:05:05.324967,Low,null,10,SPAM,v1.0
da49facf-0f85-4d1f-b884-40e1f1eee6e8,user254@example.com,Subject 1714,¡Urgente! Necesitamos su respuesta inmediata.,2026-02-11T20:05:05.324971,N/A,0,1,ham,v1.0
02872d96-e0c2-47c0-b305-3d64cb8926ae,user424@example.com,Subject 1715,"Hello, we are interested in your profile.",08/13/2025,null,2,10,0,v1.0
f0f8eb1f-2909-43cd-8273-a0833b6038d2,user42@example.com,Subject 1716,¡Urgente! Necesitamos su respuesta inmediata.,1749171905,Medium,null,0,1,v1.0
78f3bca7-7d42-4dad-99e8-41d71fb553a8,user772@example.com,Subject 1717,"<div>WINNER! Claim your prize now at <a href='http://malware.com'>here</a></div><br><p>Best regards,</p>",2025-05-29T20:05:05.324988,Medium,-1,5,SPAM,v1.0
bcd7f089-201d-4fe7-90c9-69ce2b60e08e,user624@example.com,Subject 1718,"Cheap meds, no prescription needed!!!",14-02-2026,null,0,100,spam,v1.0
41cc00cf-ee71-485d-984e-7969da7fd6a9,user255@example.com,Subject 1719,"<div>¡Urgente! Necesitamos su respuesta inmediata.</div><br><p>Best regards,</p>",2025-11-18T20:05:05.324999,Medium,0,100,ham,v1.0
ed0e422e-36d1-44e4-ad4a-b4abb12777e4,user298@example.com,Subject 1720,WINNER! Claim your prize now at <a href='http://malware.com'>here</a>,2025-07-03T20:05:05.325003,Low,-1,10,spam,v1.0
62d66020-adc2-4e2b-a189-8f28f4fa0b40,user723@example.com,Subject 1721,Your account has been suspended. Please login to verify.,1776042305,Urgent!,1,5,Legit,v1.0
63ebfec5-b458-419a-8447-3f87bf014119,user364@example.com,Subject 1722,"Bonjour, voici les documents demandés.",1771553105,null,1,100,0,v1.0
de4ac109-d329-4938-8c0d-ce567df59742,user355@example.com,Subject 1723,"Hello, we are interested in your profile.",2025-12-09T20:05:05.325016,Urgent!,2,100,Ham,v1.0
32ab453d-5f25-4430-8e85-6cfc119a683b,user312@example.com,Subject 1724,Attached is the invoice for last month.,1749171905,High,0,100,s_p_a_m,v1.0
2d98a05a-428a-4016-9620-00a03431f7e6,user218@example.com,Subject 1725,"<div>Meeting at 5pm? Let me know.</div><br><p>Best regards,</p>",2025-12-11T20:05:05.325025,N/A,None,10,spam,v1.0
26e05fd6-e34e-4be6-bdaf-e79d67ddabe0,user842@example.com,Subject 1726,"<div>Meeting at 5pm? Let me know.</div><br><p>Best regards,</p>",08-05-2025,Medium,-1,100,s_p_a_m,v1.0
222d5883-3452-47d9-ba9e-abbf8f0b6eb2,user331@example.com,Subject 1727,"Hello, we are interested in your profile.",27-08-2025,null,-1,5,s_p_a_m,v1.0
470f1403-dd93-49c5-88bf-ece3a39df92b,user279@example.com,Subject 1728,¡Urgente! Necesitamos su respuesta inmediata.,30-07-2025,High,1,0,s_p_a_m,v1.0
6d6ff6a7-7407-43ce-a83e-6702ecb7d9ad,user949@example.com,Subject 1729,"Hello, we are interested in your profile.",2025-12-06T20:05:05.325045,N/A,2,5,0,v1.0
106a8ca2-5912-4440-8ba0-884c413d285b,user264@example.com,Subject 1730,How have you been? It has been a long time.,05/26/2025,Urgent!,null,1,1,v1.0
dd1b9eb9-3569-4b4f-a978-a649886cc1e2,user57@example.com,Subject 1731,"<div>Bonjour, voici les documents demandés.</div><br><p>Best regards,</p>",2025-07-05T20:05:05.325054,N/A,None,1,0,v1.0
4d8a69f6-a892-4e8c-93ee-863050cfad83,user464@example.com,Subject 1732,Your account has been suspended. Please login to verify.,2026-04-13T20:05:05.325059,null,1,0,s_p_a_m,v1.0
b35296e7-9278-4bfa-b1cc-d773ec3a3eab,user284@example.com,Subject 1733,Free money!!! Just click <b>&nbsp;this link&nbsp;</b>,03/25/2026,null,1,100,1,v1.0
425b9659-7d09-4ccf-88f3-2009266f1a09,user93@example.com,Subject 1734,Meeting at 5pm? Let me know.,2025-11-20T20:05:05.325070,Medium,-1,10,1,v1.0
ccc1fa5e-0007-42fc-8f27-55badeaf6bfa,user503@example.com,Subject 1735,WINNER! Claim your prize now at <a href='http://malware.com'>here</a>,06/04/2025,Medium,None,10,Legit,v1.0
cd30ab94-2947-4a95-82f2-4c6d29d2bf5d,user712@example.com,Subject 1736,WINNER! Claim your prize now at <a href='http://malware.com'>here</a>,2025-11-29T20:05:05.325080,Medium,0,0,Ham,v1.0
aff89621-934e-41b7-a804-626c3998f0c6,user927@example.com,Subject 1737,"Hello, we are interested in your profile.",1767060305,null,0,0,1,v1.0
ac67798d-2929-4ecb-9044-4c2da9a01546,user205@example.com,Subject 1738,"Cheap meds, no prescription needed!!!",28-12-2025,null,2,5,0,v1.0
061ae8db-ad84-43bc-ab82-9a464fb278bb,user491@example.com,Subject 1739,¡Urgente! Necesitamos su respuesta inmediata.,1747530305,null,None,0,spam,v1.0
ae9d79c8-8ea0-4998-ab16-3fa2cfd2b726,user974@example.com,Subject 1740,¡Urgente! Necesitamos su respuesta inmediata.,1764900305,N/A,-1,1,Legit,v1.0
6408c630-4a54-4e2e-a3c3-7cff8952bcab,user843@example.com,Subject 1741,"Bonjour, voici les documents demandés.",27-03-2026,Medium,-1,10,1,v1.0
bcf1cc4e-3d16-49ef-b96b-9d929f57e055,user578@example.com,Subject 1742,"<div>WINNER! Claim your prize now at <a href='http://malware.com'>here</a></div><br><p>Best regards,</p>",1766887505,N/A,None,5,0,v1.0
ea9b7371-045d-499d-8427-dabbe777e063,user419@example.com,Subject 1743,How have you been? It has been a long time.,18-12-2025,Urgent!,0,0,s_p_a_m,v1.0
f3b754b2-97c5-4ab8-be21-480ce70c7246,user333@example.com,Subject 1744,WINNER! Claim your prize now at <a href='http://malware.com'>here</a>,2026-02-17T20:05:05.325117,N/A,1,1,SPAM,v1.0
46d06fd9-a958-4634-9b10-65cc807df053,user529@example.com,Subject 1745,"<div>¡Urgente! Necesitamos su respuesta inmediata.</div><br><p>Best regards,</p>",2025-07-11T20:05:05.325121,Medium,-1,1,1,v1.0
5fd3e77c-358b-4e8b-9cb8-4f584b94c466,user313@example.com,Subject 1746,Free money!!! Just click <b>&nbsp;this link&nbsp;</b>,16-04-2026,N/A,0,5,s_p_a_m,v1.0
0cc977ee-7117-4c97-86f2-907063032c3a,user743@example.com,Subject 1747,"<div>Meeting at 5pm? Let me know.</div><br><p>Best regards,</p>",22-02-2026,N/A,-1,10,Ham,v1.0
f6b6b1e8-7730-4d03-b051-e1354e41a8f0,user389@example.com,Subject 1748,"<div>Bonjour, voici les documents demandés.</div><br><p>Best regards,</p>",2026-01-16T20:05:05.325137,Urgent!,1,0,Legit,v1.0
46f0a985-1275-4f4f-930d-21c5e3d77402,user15@example.com,Subject 1749,"<div>¡Urgente! Necesitamos su respuesta inmediata.</div><br><p>Best regards,</p>",12/23/2025,N/A,-1,10,Legit,v1.0
d404403e-e6a0-4c30-a0fe-b568ac8d2a6e,user582@example.com,Subject 1750,"<div>Meeting at 5pm? Let me know.</div><br><p>Best regards,</p>",22-08-2025,High,0,0,spam,v1.0
760b7a9d-97ff-487b-961b-3d9f01af011a,user78@example.com,Subject 1751,"<div>WINNER! Claim your prize now at <a href='http://malware.com'>here</a></div><br><p>Best regards,</p>",1760231105,N/A,2,5,s_p_a_m,v1.0
1bf5550d-c839-45ce-8124-02b8a8440c8a,user913@example.com,Subject 1752,"<div>Bonjour, voici les documents demandés.</div><br><p>Best regards,</p>",2026-01-06T20:05:05.325219,N/A,0,1,1,v1.0
8252aa95-8dee-4aba-ac41-797d02c2508e,user278@example.com,Subject 1753,"<div>Bonjour, voici les documents demandés.</div><br><p>Best regards,</p>",2025-11-17T20:05:05.325227,Urgent!,-1,5,spam,v1.0
8983998b-d1a1-44c4-84da-65c96d5eb514,user452@example.com,Subject 1754,"Bonjour, voici les documents demandés.",01-08-2025,N/A,2,10,Ham,v1.0
e5f1ce0e-ffc7-42e2-b307-dc17e0f68ab0,user940@example.com,Subject 1755,Free money!!! Just click <b>&nbsp;this link&nbsp;</b>,1751936705,High,-1,10,Legit,v1.0
fe4bb8bd-2eae-4585-b7bc-723f55789e70,user858@example.com,Subject 1756,WINNER! Claim your prize now at <a href='http://malware.com'>here</a>,2026-04-27T20:05:05.325245,N/A,null,1,SPAM,v1.0
1a3c378e-ea84-41f5-be64-af48c18e0bfe,user614@example.com,Subject 1757,How have you been? It has been a long time.,1750381505,null,1,5,spam,v1.0
5ced4f87-0f54-4abf-87b9-cf1c0cb42bcc,user830@example.com,Subject 1758,"<div>¡Urgente! Necesitamos su respuesta inmediata.</div><br><p>Best regards,</p>",15-10-2025,Urgent!,2,5,spam,v1.0
59441c2a-4930-4876-830e-a13e8f3f26f6,user328@example.com,Subject 1759,"Hello, we are interested in your profile.",2025-11-18T20:05:05.325260,null,0,100,ham,v1.0
f23c4069-1bda-4864-ba38-bd477c084a31,user343@example.com,Subject 1760,"<div>Meeting at 5pm? Let me know.</div><br><p>Best regards,</p>",2025-11-24T20:05:05.325267,Low,0,100,ham,v1.0
0f9cba95-2e8f-4387-9b62-f9d070ea9c62,user591@example.com,Subject 1761,"<div>¡Urgente! Necesitamos su respuesta inmediata.</div><br><p>Best regards,</p>",17-08-2025,Urgent!,None,1,spam,v1.0
f073c51f-ede1-4881-9c39-2b7edfc9af45,user815@example.com,Subject 1762,Meeting at 5pm? Let me know.,10/18/2025,null,null,5,ham,v1.0
9d0b2186-3dea-4b58-ac14-a9a6abb647cc,user702@example.com,Subject 1763,"Bonjour, voici les documents demandés.",11/22/2025,Medium,None,100,Legit,v1.0
30f9027b-f5f7-4da0-b389-96c3784c43a5,user328@example.com,Subject 1764,Your account has been suspended. Please login to verify.,1752887105,N/A,-1,1,ham,v1.0
a7b28906-c453-4816-8ff7-f479fb16b226,user140@example.com,Subject 1765,"<div>Meeting at 5pm? Let me know.</div><br><p>Best regards,</p>",01/21/2026,N/A,-1,10,1,v1.0
d5ebe180-99f8-44ff-afa1-f4567d68b1da,user826@example.com,Subject 1766,"Cheap meds, no prescription needed!!!",02/16/2026,N/A,2,10,Ham,v1.0
a2683dc2-be3a-461f-8a18-56b830064fa7,user667@example.com,Subject 1767,"<div>WINNER! Claim your prize now at <a href='http://malware.com'>here</a></div><br><p>Best regards,</p>",12-06-2025,null,1,10,0,v1.0
6ff6776d-a72e-4702-8d21-356518a2b4c4,user992@example.com,Subject 1768,"Cheap meds, no prescription needed!!!",2026-02-20T20:05:05.325311,High,2,100,s_p_a_m,v1.0
57c2e7bb-ca7b-4807-aa26-0ec9f2e64774,user812@example.com,Subject 1769,"Cheap meds, no prescription needed!!!",05/21/2025,Medium,0,100,s_p_a_m,v1.0
497641d9-80c0-45d8-846e-3a6b4a09c06e,user249@example.com,Subject 1770,"Bonjour, voici les documents demandés.",1752023105,N/A,None,1,Ham,v1.0
f30e73e7-903f-40f7-9b25-528143db37b1,user465@example.com,Subject 1771,WINNER! Claim your prize now at <a href='http://malware.com'>here</a>,05/01/2025,N/A,2,5,ham,v1.0
fd256aa2-3260-4510-9ae5-d90340b2bee4,user519@example.com,Subject 1772,"<div>Hello, we are interested in your profile.</div><br><p>Best regards,</p>",02/06/2026,Urgent!,null,5,SPAM,v1.0
159bce7a-1bff-45f5-805f-9d4db1b0cadc,user613@example.com,Subject 1773,Your account has been suspended. Please login to verify.,11-03-2026,Urgent!,null,10,Ham,v1.0
621743b5-9b28-43f5-9a04-bb9e1bf786cb,user148@example.com,Subject 1774,"<div>Hello, we are interested in your profile.</div><br><p>Best regards,</p>",29-11-2025,N/A,-1,5,ham,v1.0
73d8df72-5da9-4994-ad38-b90bd29a00e1,user119@example.com,Subject 1775,How have you been? It has been a long time.,1775696705,Urgent!,None,5,1,v1.0
0dd6a9a2-8a16-46c1-8f34-fa6088be33b5,user46@example.com,Subject 1776,"<div>WINNER! Claim your prize now at <a href='http://malware.com'>here</a></div><br><p>Best regards,</p>",10/06/2025,N/A,null,10,SPAM,v1.0
0b14fbfb-89d0-4cf3-a576-ad6ef2164093,user573@example.com,Subject 1777,Your account has been suspended. Please login to verify.,2026-04-14T20:05:05.325357,Low,null,10,SPAM,v1.0
7aca51ab-2f35-4aa6-a312-cde5b8c8ff82,user399@example.com,Subject 1778,"<div>Hello, we are interested in your profile.</div><br><p>Best regards,</p>",12/12/2025,Urgent!,None,100,s_p_a_m,v1.0
8a879d92-04b6-4658-86a9-24df0d4354bb,user870@example.com,Subject 1779,"Bonjour, voici les documents demandés.",01/22/2026,Urgent!,-1,1,1,v1.0
190e3233-38b8-44c9-870c-9be9d7ec39b6,user989@example.com,Subject 1780,Free money!!! Just click <b>&nbsp;this link&nbsp;</b>,1756429505,null,0,0,Ham,v1.0
2d835a1b-4733-4cde-9d85-3517596b9550,user923@example.com,Subject 1781,"<div>Bonjour, voici les documents demandés.</div><br><p>Best regards,</p>",1759021505,Urgent!,null,10,1,v1.0
1f159ba9-c78d-4d46-b139-62075fb03056,user738@example.com,Subject 1782,"<div>Free money!!! Just click <b>&nbsp;this link&nbsp;</b></div><br><p>Best regards,</p>",05-09-2025,High,0,100,Ham,v1.0
f7c726c7-b422-4f52-ae52-5b9d6558328e,user87@example.com,Subject 1783,Your account has been suspended. Please login to verify.,01/27/2026,N/A,null,0,1,v1.0
d63fe338-0a27-455d-abef-8f6f68b96fdf,user594@example.com,Subject 1784,WINNER! Claim your prize now at <a href='http://malware.com'>here</a>,11/07/2025,Low,null,0,Legit,v1.0
9c70a84c-5db1-462b-89cd-4af354f1aa0a,user722@example.com,Subject 1785,Meeting at 5pm? Let me know.,10-02-2026,High,None,10,SPAM,v1.0
75566723-e117-47f0-9c55-52f43ea7b45c,user42@example.com,Subject 1786,"Hello, we are interested in your profile.",02/20/2026,Low,None,1,1,v1.0
7de05107-b3c7-4262-a4a7-c8ff876593eb,user783@example.com,Subject 1787,Meeting at 5pm? Let me know.,12/12/2025,Medium,None,10,Legit,v1.0
4d72bd64-d6d1-4998-b897-c07606b90607,user612@example.com,Subject 1788,¡Urgente! Necesitamos su respuesta inmediata.,07/21/2025,Low,1,100,Ham,v1.0
592fba8c-edb0-44c9-8aa3-e99e4d1f7455,user417@example.com,Subject 1789,"Bonjour, voici les documents demandés.",08-02-2026,N/A,1,10,s_p_a_m,v1.0
282f7f9b-6b93-494d-8df9-5e8f77d18956,user758@example.com,Subject 1790,"Cheap meds, no prescription needed!!!",1750381505,null,1,0,Ham,v1.0
939b58a5-98ec-42b3-a2b3-6f28d58e3ff7,user533@example.com,Subject 1791,Free money!!! Just click <b>&nbsp;this link&nbsp;</b>,2026-04-10T20:05:05.325434,Medium,null,100,ham,v1.0
414582dc-aa37-492c-86e9-8a272361d0c1,user498@example.com,Subject 1792,"<div>Cheap meds, no prescription needed!!!</div><br><p>Best regards,</p>",09/25/2025,Medium,2,1,spam,v1.0
9540c75e-ddac-4f74-a8d2-6c94687ebd8a,user586@example.com,Subject 1793,"Hello, we are interested in your profile.",2025-07-13T20:05:05.325444,Urgent!,2,10,Legit,v1.0
b14c28e0-fabb-4d11-89b1-f2af01788d2f,user46@example.com,Subject 1794,"Hello, we are interested in your profile.",1758589505,Medium,0,10,Ham,v1.0
62f3c5b5-bacc-4737-97db-53a005d806ca,user605@example.com,Subject 1795,"<div>¡Urgente! Necesitamos su respuesta inmediata.</div><br><p>Best regards,</p>",07/29/2025,N/A,-1,1,ham,v1.0
fcaf9493-8578-4311-a04c-a92a0f2932fe,user155@example.com,Subject 1796,"<div>Hello, we are interested in your profile.</div><br><p>Best regards,</p>",27-06-2025,Medium,-1,100,s_p_a_m,v1.0
ed1a9d99-cec8-43d3-a5ca-f8ab6e523028,user206@example.com,Subject 1797,"Cheap meds, no prescription needed!!!",08-03-2026,Urgent!,0,10,SPAM,v1.0
84f8adac-71ae-41d4-abbb-79e1768a6626,user517@example.com,Subject 1798,"<div>Meeting at 5pm? Let me know.</div><br><p>Best regards,</p>",06/15/2025,High,0,100,SPAM,v1.0
2f39dc75-f098-4099-840e-7651b5b5aec0,user25@example.com,Subject 1799,"<div>Meeting at 5pm? Let me know.</div><br><p>Best regards,</p>",2025-08-25T20:05:05.325473,Medium,0,0,0,v1.0
79e3b49d-b9d2-4341-afa4-cee7c085bc0f,user521@example.com,Subject 1800,Attached is the invoice for last month.,1767751505,Medium,-1,1,Legit,v1.0
8a0db3c8-a9ee-41e2-8dc5-ebab2615bfad,user114@example.com,Subject 1801,"Cheap meds, no prescription needed!!!",2026-02-04T20:05:05.325483,Low,0,5,Legit,v1.0
bf282734-6269-4c68-a1b4-7427587d8c4c,user756@example.com,Subject 1802,¡Urgente! Necesitamos su respuesta inmediata.,11/02/2025,Medium,0,100,spam,v1.0
1485ae7e-28be-4a6e-b254-bc3e193fb564,user80@example.com,Subject 1803,"<div>Cheap meds, no prescription needed!!!</div><br><p>Best regards,</p>",2026-01-04T20:05:05.325493,Low,-1,5,s_p_a_m,v1.0
eae74fd8-e2ed-4145-ad9c-add40a6b0932,user920@example.com,Subject 1804,¡Urgente! Necesitamos su respuesta inmediata.,2026-03-02T20:05:05.325498,null,1,5,Legit,v1.0
90d333b3-2f67-4591-99a6-4a5951de9627,user326@example.com,Subject 1805,How have you been? It has been a long time.,1752195905,Medium,None,100,0,v1.0
f7b3c695-cc9e-4821-9905-2a662ef89a46,user582@example.com,Subject 1806,"Hello, we are interested in your profile.",10-02-2026,Urgent!,-1,1,0,v1.0
3e31490b-63e0-4d9d-aa65-f49c4b8a23fa,user963@example.com,Subject 1807,"Hello, we are interested in your profile.",28-06-2025,High,2,1,Legit,v1.0
b8b57ceb-38f1-4a98-970d-a1a35fdaa544,user521@example.com,Subject 1808,Free money!!! Just click <b>&nbsp;this link&nbsp;</b>,1775178305,High,1,100,Legit,v1.0
cc9f057a-c05b-479b-b7ec-82534b99dc0d,user799@example.com,Subject 1809,Attached is the invoice for last month.,1751504705,Low,1,1,0,v1.0
856479e3-8817-42a4-874c-ef7c3c48eb7e,user629@example.com,Subject 1810,Attached is the invoice for last month.,11/06/2025,High,0,1,Ham,v1.0
e9d9e2f6-af18-465e-bed8-190daa67fef8,user215@example.com,Subject 1811,Free money!!! Just click <b>&nbsp;this link&nbsp;</b>,1765159505,High,1,10,Ham,v1.0
b7341909-3f4d-480f-9533-1bf279e3f345,user868@example.com,Subject 1812,"<div>Hello, we are interested in your profile.</div><br><p>Best regards,</p>",03-06-2025,null,0,10,Ham,v1.0
0012717d-b606-48a9-84d0-42672817adb0,user544@example.com,Subject 1813,Attached is the invoice for last month.,2025-11-10T20:05:05.325557,High,None,10,1,v1.0
5b2d4978-aa08-443b-b9b6-384cd8b615fb,user532@example.com,Subject 1814,¡Urgente! Necesitamos su respuesta inmediata.,30-11-2025,N/A,None,100,Legit,v1.0
2d7674df-0c9b-4243-9219-6919cefc9c57,user964@example.com,Subject 1815,Meeting at 5pm? Let me know.,24-01-2026,N/A,1,100,Ham,v1.0
bb5b0dd3-3a90-4a64-b55b-b757f8095b7f,user492@example.com,Subject 1816,Attached is the invoice for last month.,1758848705,null,0,10,Legit,v1.0
156aae4b-d260-4366-898e-8775fe144d49,user285@example.com,Subject 1817,"<div>¡Urgente! Necesitamos su respuesta inmediata.</div><br><p>Best regards,</p>",2025-12-24T20:05:05.325577,N/A,2,10,Ham,v1.0
cf72d2b2-3ecd-4f62-80ce-d7f15ded275c,user786@example.com,Subject 1818,How have you been? It has been a long time.,1751504705,N/A,1,100,ham,v1.0
ad989df1-22e5-400d-8e4f-8daed0e7a922,user7@example.com,Subject 1819,"<div>Attached is the invoice for last month.</div><br><p>Best regards,</p>",2026-02-04T20:05:05.325586,High,-1,5,1,v1.0
d4732ffd-28c9-43b0-842d-92ad26efa7b5,user852@example.com,Subject 1820,Attached is the invoice for last month.,2025-06-27T20:05:05.325591,N/A,-1,5,SPAM,v1.0
29068eaa-817d-4a88-a15b-3e1aa8026f76,user922@example.com,Subject 1821,WINNER! Claim your prize now at <a href='http://malware.com'>here</a>,1747184705,High,1,100,s_p_a_m,v1.0
3313410d-4f7e-4d6e-8948-bb6d7358fa5f,user92@example.com,Subject 1822,"Hello, we are interested in your profile.",1771639505,Low,0,5,s_p_a_m,v1.0
28fd889c-ee01-4fa8-8623-95e3ae652afc,user203@example.com,Subject 1823,How have you been? It has been a long time.,1763172305,Low,None,5,Legit,v1.0
36c24292-7972-435c-9282-da56308987bb,user683@example.com,Subject 1824,"Bonjour, voici les documents demandés.",2025-06-01T20:05:05.325607,N/A,null,0,ham,v1.0
2e25635b-5fd3-466f-97e5-da5a2c0f9274,user661@example.com,Subject 1825,Free money!!! Just click <b>&nbsp;this link&nbsp;</b>,03-09-2025,Low,null,0,Ham,v1.0
be8d97bc-3e20-4704-83c9-53d39c5b1a7e,user199@example.com,Subject 1826,"<div>Meeting at 5pm? Let me know.</div><br><p>Best regards,</p>",1756343105,N/A,null,0,SPAM,v1.0
918b529d-e398-4d33-aa6a-4f7ace9994ca,user801@example.com,Subject 1827,"Cheap meds, no prescription needed!!!",18-05-2025,Medium,1,10,1,v1.0
a0e72e04-5355-4eb8-a1db-828fcd04bdce,user470@example.com,Subject 1828,Meeting at 5pm? Let me know.,09/13/2025,High,2,0,ham,v1.0
949d67e3-f72d-498e-95b1-e71f3b6f9e49,user281@example.com,Subject 1829,¡Urgente! Necesitamos su respuesta inmediata.,15-09-2025,Low,2,100,Ham,v1.0
cf9cc9e5-6b50-4a37-a664-5351991f544f,user250@example.com,Subject 1830,WINNER! Claim your prize now at <a href='http://malware.com'>here</a>,03/03/2026,Medium,2,5,Legit,v1.0
c86762a7-12c1-4c37-9bd5-b0eab13eac51,user138@example.com,Subject 1831,WINNER! Claim your prize now at <a href='http://malware.com'>here</a>,1757984705,High,0,5,Ham,v1.0
e2b83f9e-b4a0-4ac3-aabd-28cbd8860a2a,user824@example.com,Subject 1832,"Bonjour, voici les documents demandés.",11/29/2025,null,1,100,Legit,v1.0
6439a208-f9a2-4f0c-be20-7c18483ffe8b,user582@example.com,Subject 1833,"<div>How have you been? It has been a long time.</div><br><p>Best regards,</p>",1753923905,Urgent!,None,0,0,v1.0
15bab46b-97cd-407f-82ed-d5906d15a103,user285@example.com,Subject 1834,"Cheap meds, no prescription needed!!!",1765159505,null,0,1,0,v1.0
4e0cbe93-0746-4849-b90a-9b47b61db962,user298@example.com,Subject 1835,How have you been? It has been a long time.,09/19/2025,Low,-1,5,Legit,v1.0
cfb02a56-5049-4e12-895a-1bd2fad4bd0e,user97@example.com,Subject 1836,"<div>Meeting at 5pm? Let me know.</div><br><p>Best regards,</p>",04-12-2025,High,null,0,Legit,v1.0
8075ba04-8670-48bf-a404-d6ab9031dd6c,user574@example.com,Subject 1837,"<div>Hello, we are interested in your profile.</div><br><p>Best regards,</p>",21-03-2026,Low,1,100,s_p_a_m,v1.0
9ebbca70-cf96-4114-a9d3-d20bdfc10566,user414@example.com,Subject 1838,"<div>Cheap meds, no prescription needed!!!</div><br><p>Best regards,</p>",2026-02-11T20:05:05.325677,N/A,1,0,s_p_a_m,v1.0
9d7879ae-4fab-4bc3-9aea-fe3d3b18569f,user947@example.com,Subject 1839,"Hello, we are interested in your profile.",2026-02-15T20:05:05.325682,High,null,1,0,v1.0
0d36b0aa-b983-4b15-8b67-6bdb8975d988,user374@example.com,Subject 1840,Free money!!! Just click <b>&nbsp;this link&nbsp;</b>,1764641105,N/A,1,100,1,v1.0
ffa1f2bc-18ec-4d00-b9ad-64669b9de2b6,user185@example.com,Subject 1841,WINNER! Claim your prize now at <a href='http://malware.com'>here</a>,2025-06-10T20:05:05.325690,null,null,10,ham,v1.0
b7106357-4808-4956-8c3d-168541283be5,user72@example.com,Subject 1842,"Cheap meds, no prescription needed!!!",11-09-2025,High,None,5,spam,v1.0
fb5a7b00-cd04-4597-be4c-bcae305555f9,user321@example.com,Subject 1843,Free money!!! Just click <b>&nbsp;this link&nbsp;</b>,06-10-2025,null,0,100,1,v1.0
6eee857f-bd41-4edf-b0bb-2a8517fd46e3,user161@example.com,Subject 1844,"<div>How have you been? It has been a long time.</div><br><p>Best regards,</p>",27-09-2025,N/A,null,100,SPAM,v1.0
5de79546-c718-4b73-bd8a-f6f4c27e5efc,user139@example.com,Subject 1845,Your account has been suspended. Please login to verify.,11/17/2025,Medium,-1,0,0,v1.0
92325025-f98b-43eb-8838-233f0b9d155d,user478@example.com,Subject 1846,"<div>Free money!!! Just click <b>&nbsp;this link&nbsp;</b></div><br><p>Best regards,</p>",07/24/2025,N/A,2,100,ham,v1.0
09f63ae8-32e4-4ae5-a3dd-b2415757315a,user153@example.com,Subject 1847,"<div>Meeting at 5pm? Let me know.</div><br><p>Best regards,</p>",11/16/2025,Low,None,100,ham,v1.0
6adf5812-9694-4e89-865a-74b7d6d4dba8,user747@example.com,Subject 1848,How have you been? It has been a long time.,11/30/2025,null,2,10,Ham,v1.0
a79e2990-1af1-4f18-96a8-9362f64d252e,user73@example.com,Subject 1849,"<div>Bonjour, voici les documents demandés.</div><br><p>Best regards,</p>",1756429505,Medium,None,100,s_p_a_m,v1.0
1a79855d-0382-4ab3-bfcf-d88829105468,user303@example.com,Subject 1850,"<div>Your account has been suspended. Please login to verify.</div><br><p>Best regards,</p>",2025-09-18T20:05:05.325736,Low,None,5,SPAM,v1.0
7e9e9236-8890-48e5-ad76-7b111396fb08,user663@example.com,Subject 1851,"Bonjour, voici les documents demandés.",1775523905,Medium,null,5,s_p_a_m,v1.0
d8f80445-b2e0-4d31-83bc-0051c7ee81a0,user465@example.com,Subject 1852,WINNER! Claim your prize now at <a href='http://malware.com'>here</a>,27-11-2025,null,2,0,ham,v1.0
d8d0ea31-2538-47df-9ccd-e0d7514a3bc3,user155@example.com,Subject 1853,WINNER! Claim your prize now at <a href='http://malware.com'>here</a>,1764036305,Medium,2,100,SPAM,v1.0
4c5a7975-9aeb-41ba-a874-2cd435a95e10,user403@example.com,Subject 1854,Your account has been suspended. Please login to verify.,10/01/2025,Low,null,10,spam,v1.0
70f1d99c-0639-461a-8c44-89af154797f2,user753@example.com,Subject 1855,"Bonjour, voici les documents demandés.",1766455505,Low,None,1,0,v1.0
18b26fd6-2e2e-48e6-9e5f-faee2e1b3ff7,user738@example.com,Subject 1856,"Hello, we are interested in your profile.",1775869505,Urgent!,1,1,1,v1.0
bb5187b7-ddd2-47f5-a4c5-5478f6da1f73,user437@example.com,Subject 1857,"<div>How have you been? It has been a long time.</div><br><p>Best regards,</p>",04-06-2025,null,0,0,spam,v1.0
06533152-b8d2-4835-bb30-cfc288f524d2,user64@example.com,Subject 1858,¡Urgente! Necesitamos su respuesta inmediata.,10/27/2025,Low,null,0,Legit,v1.0
c1fb3ad2-63f1-4d73-985a-0b65dee080eb,user942@example.com,Subject 1859,"<div>Free money!!! Just click <b>&nbsp;this link&nbsp;</b></div><br><p>Best regards,</p>",04/02/2026,N/A,None,0,s_p_a_m,v1.0
0e03b069-37da-41aa-bfb4-ff86fc38849c,user524@example.com,Subject 1860,How have you been? It has been a long time.,1748912705,Medium,-1,100,Ham,v1.0
cf71f8da-9e2c-41e4-b62c-40af9e717ac2,user473@example.com,Subject 1861,"Hello, we are interested in your profile.",25-10-2025,N/A,-1,1,spam,v1.0
2f4de3da-19db-42f5-8484-f5731a101fd9,user530@example.com,Subject 1862,"Cheap meds, no prescription needed!!!",11/21/2025,N/A,-1,0,SPAM,v1.0
7f3ad1a5-a4cb-436a-9aab-fb37029fff80,user939@example.com,Subject 1863,How have you been? It has been a long time.,14-05-2025,N/A,null,1,SPAM,v1.0
8637a989-578a-4c0b-b13c-0b86e6a9eee0,user330@example.com,Subject 1864,"<div>Cheap meds, no prescription needed!!!</div><br><p>Best regards,</p>",1750986305,Medium,0,1,s_p_a_m,v1.0
537af957-12af-46e5-8604-6824b03bec55,user356@example.com,Subject 1865,WINNER! Claim your prize now at <a href='http://malware.com'>here</a>,1763172305,High,None,0,Ham,v1.0
47c611f3-1e03-4fc4-99dd-1f3c8085fe6f,user91@example.com,Subject 1866,"Cheap meds, no prescription needed!!!",07-01-2026,Medium,null,1,Ham,v1.0
254d54d0-72f3-43b9-a36b-95edbea6837d,user728@example.com,Subject 1867,"<div>Hello, we are interested in your profile.</div><br><p>Best regards,</p>",10-01-2026,Urgent!,0,100,spam,v1.0
69a2a615-00e6-4690-8367-1c59cfb2bd67,user342@example.com,Subject 1868,Attached is the invoice for last month.,1751763905,Medium,2,10,0,v1.0
4d220656-2c72-4ed3-a2d3-282286e6fd07,user554@example.com,Subject 1869,How have you been? It has been a long time.,04/24/2026,null,null,0,spam,v1.0
90099943-06e4-40fe-aa1a-054d8d8df8cf,user278@example.com,Subject 1870,¡Urgente! Necesitamos su respuesta inmediata.,1777251905,Low,-1,5,s_p_a_m,v1.0
2b157d0f-2297-46d2-80b7-a8ae072cb997,user306@example.com,Subject 1871,"<div>Cheap meds, no prescription needed!!!</div><br><p>Best regards,</p>",05/23/2025,Urgent!,1,10,SPAM,v1.0
59bcdb76-368a-465f-8bd6-58b9abf3ada1,user638@example.com,Subject 1872,"<div>Cheap meds, no prescription needed!!!</div><br><p>Best regards,</p>",05-06-2025,Low,null,100,SPAM,v1.0
8a805e06-08af-4212-bde3-03e9a5df1516,user366@example.com,Subject 1873,"Bonjour, voici les documents demandés.",2025-07-06T20:05:05.325913,Low,-1,1,s_p_a_m,v1.0
63ae5538-ee9e-45cb-8e09-1934d75a1102,user561@example.com,Subject 1874,"Bonjour, voici les documents demandés.",2026-04-06T20:05:05.325920,null,0,100,Ham,v1.0
0108a94a-1ebd-48d0-8d1f-26aa99b729ef,user832@example.com,Subject 1875,Free money!!! Just click <b>&nbsp;this link&nbsp;</b>,2025-10-03T20:05:05.325925,null,1,100,SPAM,v1.0
47e0fa18-bc2e-4531-91f1-93168672650e,user618@example.com,Subject 1876,"<div>How have you been? It has been a long time.</div><br><p>Best regards,</p>",2025-07-31T20:05:05.325930,N/A,-1,100,Legit,v1.0
2565a618-0363-4edd-9638-c53f9a0c8e13,user506@example.com,Subject 1877,How have you been? It has been a long time.,29-04-2026,null,None,100,0,v1.0
2b1033da-c30b-446f-87c2-085c73ea8168,user217@example.com,Subject 1878,"<div>Bonjour, voici les documents demandés.</div><br><p>Best regards,</p>",17-05-2025,High,null,100,1,v1.0
a42e4f8a-1e51-4329-be3d-e38891fef0c0,user781@example.com,Subject 1879,WINNER! Claim your prize now at <a href='http://malware.com'>here</a>,05/06/2025,Urgent!,-1,10,1,v1.0
98008cb2-44c6-416f-a008-869d3037c2a3,user540@example.com,Subject 1880,Your account has been suspended. Please login to verify.,1748307905,Low,null,0,s_p_a_m,v1.0
fac3e29e-1af1-4c6a-9dca-4c872a746e04,user108@example.com,Subject 1881,"Hello, we are interested in your profile.",2025-10-09T20:05:05.325958,N/A,1,0,SPAM,v1.0
4d95743c-8879-4bba-9bde-7a9a37c43017,user445@example.com,Subject 1882,WINNER! Claim your prize now at <a href='http://malware.com'>here</a>,1748480705,High,None,100,SPAM,v1.0
483a7366-e3ec-42a6-8b52-11bf0d58b048,user184@example.com,Subject 1883,Meeting at 5pm? Let me know.,2026-01-29T20:05:05.325968,Low,1,10,Ham,v1.0
5442cd64-3328-4aef-96b2-bd0be39268ca,user127@example.com,Subject 1884,"Bonjour, voici les documents demandés.",08/26/2025,Medium,None,0,Ham,v1.0
feed1bc9-2298-4b77-af9c-fd3086645765,user875@example.com,Subject 1885,"<div>Attached is the invoice for last month.</div><br><p>Best regards,</p>",2025-06-13T20:05:05.325979,Low,1,5,0,v1.0
003876d6-d9b0-403a-b7f6-f211712ded46,user252@example.com,Subject 1886,"<div>Bonjour, voici les documents demandés.</div><br><p>Best regards,</p>",29-07-2025,Low,1,0,Ham,v1.0
cc2329fd-4bb0-4016-b118-c2a13a0d8b47,user763@example.com,Subject 1887,"<div>WINNER! Claim your prize now at <a href='http://malware.com'>here</a></div><br><p>Best regards,</p>",03-11-2025,null,-1,10,spam,v1.0
543c01c4-8b30-4be2-b6ba-42930a5dfa0b,user481@example.com,Subject 1888,¡Urgente! Necesitamos su respuesta inmediata.,03-07-2025,null,-1,5,Ham,v1.0
a53fdb63-5288-4a31-aaa5-e33b7aa0be0f,user42@example.com,Subject 1889,"Hello, we are interested in your profile.",2025-07-01T20:05:05.326000,Medium,None,0,Ham,v1.0
61947847-2368-4834-a051-dd0f5b165dd4,user814@example.com,Subject 1890,How have you been? It has been a long time.,03-10-2025,Medium,2,0,s_p_a_m,v1.0
667c32ec-ba37-4e39-8723-629d361cc3b2,user43@example.com,Subject 1891,"<div>Hello, we are interested in your profile.</div><br><p>Best regards,</p>",1763777105,N/A,0,10,s_p_a_m,v1.0
8cc949c3-f5b0-4208-af55-af87102b1d28,user490@example.com,Subject 1892,"Bonjour, voici les documents demandés.",13-11-2025,Low,null,5,Ham,v1.0
8613075a-89c9-48b1-b5ca-e89dea6afad2,user790@example.com,Subject 1893,Attached is the invoice for last month.,01/18/2026,null,1,10,spam,v1.0
dbc5c433-4a4d-4d37-9b58-15ac0ea3f020,user662@example.com,Subject 1894,"<div>WINNER! Claim your prize now at <a href='http://malware.com'>here</a></div><br><p>Best regards,</p>",2025-06-29T20:05:05.326026,Urgent!,None,0,s_p_a_m,v1.0
5fb5c1bf-5aed-478a-9c1b-ff63a14dda92,user891@example.com,Subject 1895,"Bonjour, voici les documents demandés.",11/09/2025,null,2,1,s_p_a_m,v1.0
03b3d321-ebf4-4972-aa10-28b7f7db7716,user701@example.com,Subject 1896,"Bonjour, voici les documents demandés.",1755392705,Medium,0,1,1,v1.0
1e201a0a-ed63-4934-ab20-0247ed2c0457,user767@example.com,Subject 1897,"<div>Free money!!! Just click <b>&nbsp;this link&nbsp;</b></div><br><p>Best regards,</p>",05/10/2025,Urgent!,None,0,1,v1.0
3d4a842b-b6a0-4106-ac95-28972d87b099,user934@example.com,Subject 1898,"<div>Free money!!! Just click <b>&nbsp;this link&nbsp;</b></div><br><p>Best regards,</p>",01/19/2026,N/A,-1,1,spam,v1.0
afac9054-4f3d-4d9d-919a-c210a2f8125c,user632@example.com,Subject 1899,"<div>Cheap meds, no prescription needed!!!</div><br><p>Best regards,</p>",2025-08-30T20:05:05.326050,Low,None,0,1,v1.0
dbea36ce-34df-49a2-ad9a-8b96d7cfdf6e,user342@example.com,Subject 1900,"<div>Your account has been suspended. Please login to verify.</div><br><p>Best regards,</p>",2025-08-31T20:05:05.326055,Medium,2,1,s_p_a_m,v1.0
aa22848a-90c7-45e0-9e08-914844d173ef,user583@example.com,Subject 1901,"<div>Meeting at 5pm? Let me know.</div><br><p>Best regards,</p>",2026-03-20T20:05:05.326061,null,2,1,0,v1.0
c9ab6ef7-5296-4d60-94b4-0dd927ec0cba,user640@example.com,Subject 1902,"Bonjour, voici les documents demandés.",03/20/2026,null,-1,1,0,v1.0
981ffdaf-178f-4204-bf0e-1ce8f9e90e5e,user925@example.com,Subject 1903,WINNER! Claim your prize now at <a href='http://malware.com'>here</a>,09/07/2025,N/A,1,10,spam,v1.0
64b18b48-ae47-41f9-b0b5-eca2c97f3a89,user318@example.com,Subject 1904,"Hello, we are interested in your profile.",1759799105,Medium,0,1,s_p_a_m,v1.0
d3bf5377-b9cd-4a1c-9dca-6d81873c1dc8,user597@example.com,Subject 1905,"Bonjour, voici les documents demandés.",2025-06-06T20:05:05.326082,Low,-1,100,ham,v1.0
579ad043-7193-4998-ac1c-3efa10a478c5,user469@example.com,Subject 1906,Meeting at 5pm? Let me know.,10/16/2025,High,2,100,1,v1.0
b56386eb-9286-459a-86d9-59ea0d8ca36b,user643@example.com,Subject 1907,"Cheap meds, no prescription needed!!!",1747962305,Low,2,100,0,v1.0
cd885223-d9e5-40c2-a7e9-c33ac41506c8,user239@example.com,Subject 1908,"<div>¡Urgente! Necesitamos su respuesta inmediata.</div><br><p>Best regards,</p>",02/25/2026,Medium,0,10,SPAM,v1.0
6dc67fdd-1ad2-4029-8f97-9f3464aa61ac,user869@example.com,Subject 1909,Meeting at 5pm? Let me know.,11-08-2025,High,2,1,ham,v1.0
8360efc1-1a0a-47b6-abc7-9785d379a9b2,user985@example.com,Subject 1910,Your account has been suspended. Please login to verify.,2025-11-18T20:05:05.326106,Low,-1,10,ham,v1.0
a9e10717-9e4d-46e0-aa68-fae12c136a64,user690@example.com,Subject 1911,"<div>Meeting at 5pm? Let me know.</div><br><p>Best regards,</p>",2026-02-07T20:05:05.326111,Urgent!,1,5,SPAM,v1.0
7cfa75e6-23fe-4d6b-858d-3afe6cd9c3ec,user737@example.com,Subject 1912,"Bonjour, voici les documents demandés.",1760922305,High,0,1,1,v1.0
c87c1d49-fc01-40e2-b863-1fd46e497848,user720@example.com,Subject 1913,¡Urgente! Necesitamos su respuesta inmediata.,06/26/2025,Urgent!,1,5,s_p_a_m,v1.0
1b4d9f02-b29b-4811-a415-d3563ffc8944,user846@example.com,Subject 1914,"Cheap meds, no prescription needed!!!",25-07-2025,Medium,0,10,SPAM,v1.0
9dfafb75-c0d7-4372-a1b5-1bc4faa96ab2,user125@example.com,Subject 1915,"Cheap meds, no prescription needed!!!",2025-08-21T20:05:05.326130,Medium,null,100,0,v1.0
16082321-04e8-4f92-9de9-4fbd8a879139,user514@example.com,Subject 1916,WINNER! Claim your prize now at <a href='http://malware.com'>here</a>,05/02/2025,null,-1,5,s_p_a_m,v1.0
41b5dc49-2060-4775-b94c-c7c3bdb87aef,user29@example.com,Subject 1917,Free money!!! Just click <b>&nbsp;this link&nbsp;</b>,04/26/2026,null,None,1,0,v1.0
6e748b3d-94a6-40aa-9947-e0befb9b39de,user87@example.com,Subject 1918,WINNER! Claim your prize now at <a href='http://malware.com'>here</a>,2026-01-05T20:05:05.326146,Medium,None,10,ham,v1.0
032b8771-6626-4334-a3e1-0423d46536bf,user256@example.com,Subject 1919,"<div>Meeting at 5pm? Let me know.</div><br><p>Best regards,</p>",09-03-2026,Urgent!,null,100,SPAM,v1.0
66a3c0bb-ea5b-460a-bf8a-7d2a722f6415,user177@example.com,Subject 1920,"Hello, we are interested in your profile.",06/16/2025,N/A,-1,0,SPAM,v1.0
80455558-740c-45a5-857e-eb73bba3a2ab,user831@example.com,Subject 1921,Meeting at 5pm? Let me know.,07/13/2025,High,0,1,1,v1.0
22260a0a-34fc-40c4-974c-df920fd21414,user103@example.com,Subject 1922,How have you been? It has been a long time.,05/04/2025,High,0,1,SPAM,v1.0
057d9aca-f878-43f2-a4fa-7cc9b51e96e5,user802@example.com,Subject 1923,Meeting at 5pm? Let me know.,11/11/2025,Low,1,100,1,v1.0
0033b8b9-38d1-44a0-a267-33d09dfff210,user687@example.com,Subject 1924,"<div>Meeting at 5pm? Let me know.</div><br><p>Best regards,</p>",14-12-2025,Low,null,100,SPAM,v1.0
ee1ca25c-bf5d-403d-bd14-2a448570b6ea,user9@example.com,Subject 1925,How have you been? It has been a long time.,1774919105,Urgent!,2,1,s_p_a_m,v1.0
1d31b83e-3121-4f99-b1cd-cc3de710b6de,user384@example.com,Subject 1926,Your account has been suspended. Please login to verify.,10/03/2025,Low,-1,0,Ham,v1.0
e6f6dce8-020f-4c99-b736-b5d31e04e753,user688@example.com,Subject 1927,How have you been? It has been a long time.,01/05/2026,Urgent!,0,5,0,v1.0
3d69a09d-5d20-4bd2-873f-5850e2ba4c9d,user116@example.com,Subject 1928,Free money!!! Just click <b>&nbsp;this link&nbsp;</b>,27-04-2026,Low,0,10,s_p_a_m,v1.0
e28535ac-3ab6-4b67-b92b-6e7b222cf713,user9@example.com,Subject 1929,WINNER! Claim your prize now at <a href='http://malware.com'>here</a>,11-03-2026,Urgent!,null,0,ham,v1.0
dab375c9-0231-4c0a-9277-8719044bb532,user60@example.com,Subject 1930,"<div>¡Urgente! Necesitamos su respuesta inmediata.</div><br><p>Best regards,</p>",12/26/2025,N/A,None,1,ham,v1.0
009c8d7f-2994-4614-ad6a-dea1e8e00eac,user379@example.com,Subject 1931,"Hello, we are interested in your profile.",1756861505,null,0,1,ham,v1.0
afbdf496-ce3c-4ef4-8bb6-676a878b78b9,user41@example.com,Subject 1932,How have you been? It has been a long time.,01-03-2026,Medium,2,5,Ham,v1.0
1b5dfe46-55f3-496c-9fdf-364fdcd575ba,user745@example.com,Subject 1933,"<div>Hello, we are interested in your profile.</div><br><p>Best regards,</p>",07-09-2025,Urgent!,null,0,1,v1.0
353de490-f08d-4f99-9c52-14f390dbf507,user732@example.com,Subject 1934,How have you been? It has been a long time.,25-11-2025,Urgent!,1,100,Ham,v1.0
65ce59dd-9e7f-4a37-a1ee-1a414e6167e1,user817@example.com,Subject 1935,"<div>Attached is the invoice for last month.</div><br><p>Best regards,</p>",08-09-2025,Medium,-1,10,Legit,v1.0
39f26df0-73e0-42ca-ae95-91913c73a7dc,user73@example.com,Subject 1936,Attached is the invoice for last month.,2025-07-15T20:05:05.326239,Low,null,0,ham,v1.0
2c93b2f3-753c-4674-a1a1-5934c0b39056,user671@example.com,Subject 1937,"<div>Your account has been suspended. Please login to verify.</div><br><p>Best regards,</p>",01-01-2026,Low,None,100,Legit,v1.0
1a11d578-e8df-43e1-8a08-9eb3ad815c50,user192@example.com,Subject 1938,How have you been? It has been a long time.,22-10-2025,Medium,2,10,Legit,v1.0
c41b3b45-3097-487d-bdd1-1830464e656e,user432@example.com,Subject 1939,"Cheap meds, no prescription needed!!!",17-08-2025,N/A,-1,5,Legit,v1.0
b880684e-dd09-44b5-9aa1-6236aa3a0f05,user28@example.com,Subject 1940,"<div>Cheap meds, no prescription needed!!!</div><br><p>Best regards,</p>",03/08/2026,null,-1,100,Legit,v1.0
d50b4dd3-d93b-4840-899b-eca61e9b60a0,user777@example.com,Subject 1941,"Cheap meds, no prescription needed!!!",1766023505,null,None,5,1,v1.0
b93dbfed-5f56-49f9-9166-8f70d643fe8d,user493@example.com,Subject 1942,"Bonjour, voici les documents demandés.",06-01-2026,High,null,5,Legit,v1.0
2e16a737-ad28-48da-a2b0-cac703ea1418,user668@example.com,Subject 1943,¡Urgente! Necesitamos su respuesta inmediata.,02/07/2026,Low,2,100,Legit,v1.0
3635fe87-d323-453c-91cc-985cd812a42b,user56@example.com,Subject 1944,"Hello, we are interested in your profile.",22-03-2026,null,-1,1,Ham,v1.0
41e91a28-14aa-4629-bcfd-bef2f0412428,user610@example.com,Subject 1945,"Bonjour, voici les documents demandés.",03/31/2026,N/A,null,1,SPAM,v1.0
1efa35e7-2a54-451a-9c1d-d5a8e4b8176e,user421@example.com,Subject 1946,Meeting at 5pm? Let me know.,1766887505,High,0,1,Legit,v1.0
7485b751-a1e9-4662-b9b5-319fd6db1948,user200@example.com,Subject 1947,¡Urgente! Necesitamos su respuesta inmediata.,1772762705,N/A,1,100,SPAM,v1.0
fdd7f237-7b5c-4a4a-9fae-bbcd1bd68193,user663@example.com,Subject 1948,"Hello, we are interested in your profile.",1770602705,Urgent!,-1,0,ham,v1.0
15687132-cf7f-4b3e-a145-e2d8373d8cc0,user197@example.com,Subject 1949,"Cheap meds, no prescription needed!!!",1768442705,Urgent!,None,5,0,v1.0
c3a90ada-c52c-443f-9548-92fff7899395,user948@example.com,Subject 1950,Meeting at 5pm? Let me know.,07/10/2025,Medium,0,5,ham,v1.0
a927d74b-8df3-4907-a6aa-ea249a6386a1,user79@example.com,Subject 1951,How have you been? It has been a long time.,04/15/2026,High,null,5,ham,v1.0
e051d9e7-f77f-433c-9312-24ff83994df5,user15@example.com,Subject 1952,"<div>Free money!!! Just click <b>&nbsp;this link&nbsp;</b></div><br><p>Best regards,</p>",2025-06-26T20:05:05.326318,null,null,100,1,v1.0
aee8ab9f-ebb5-4029-bd1d-adb08ee30999,user67@example.com,Subject 1953,¡Urgente! Necesitamos su respuesta inmediata.,03/11/2026,null,-1,10,1,v1.0
e877b5c4-ac4b-488e-915f-9fa8ca6d8633,user865@example.com,Subject 1954,"Cheap meds, no prescription needed!!!",1755306305,High,null,5,ham,v1.0
7f21e845-b4af-4888-9f20-4bda856cae16,user141@example.com,Subject 1955,¡Urgente! Necesitamos su respuesta inmediata.,2025-05-26T20:05:05.326332,High,0,100,0,v1.0
84f3633e-5a61-4e24-89a4-73072e7d7ff5,user797@example.com,Subject 1956,Free money!!! Just click <b>&nbsp;this link&nbsp;</b>,2025-07-20T20:05:05.326337,Medium,null,0,ham,v1.0
dd6fccc5-457f-495a-beb1-163b379869a5,user583@example.com,Subject 1957,Meeting at 5pm? Let me know.,04-06-2025,High,-1,0,Legit,v1.0
2476c6bd-3fb8-4213-9e5f-644b6e6a99e2,user192@example.com,Subject 1958,"<div>¡Urgente! Necesitamos su respuesta inmediata.</div><br><p>Best regards,</p>",2025-11-10T20:05:05.326347,Low,null,5,ham,v1.0
a7577cdd-8d76-4269-895c-4b019d50a781,user266@example.com,Subject 1959,"<div>How have you been? It has been a long time.</div><br><p>Best regards,</p>",28-03-2026,N/A,None,10,0,v1.0
fd54fbb6-2918-47f0-a8ab-3a11c49aecd1,user309@example.com,Subject 1960,Your account has been suspended. Please login to verify.,1749431105,Urgent!,0,100,ham,v1.0
ea40db49-4610-43c9-8806-6e638b1757e0,user225@example.com,Subject 1961,How have you been? It has been a long time.,1757466305,Medium,2,10,s_p_a_m,v1.0
c04c45e5-499f-4706-badc-6219349669aa,user395@example.com,Subject 1962,¡Urgente! Necesitamos su respuesta inmediata.,06/29/2025,Low,2,10,ham,v1.0
c9e31917-cd74-4212-ba0d-390421c523d3,user840@example.com,Subject 1963,"Hello, we are interested in your profile.",16-10-2025,Urgent!,null,5,s_p_a_m,v1.0
a2a2acbe-43bf-47b0-86a9-42caa36e5f74,user395@example.com,Subject 1964,"<div>Attached is the invoice for last month.</div><br><p>Best regards,</p>",06/17/2025,Medium,-1,5,1,v1.0
ccccb409-880e-4f4b-a694-f4fef12764fd,user512@example.com,Subject 1965,"<div>Bonjour, voici les documents demandés.</div><br><p>Best regards,</p>",1770861905,Urgent!,-1,5,Ham,v1.0
8f9e0bb0-ab64-44ca-bd1f-5a429e2c7bc4,user759@example.com,Subject 1966,"Bonjour, voici les documents demandés.",1751936705,Medium,2,100,ham,v1.0
0522f7ca-0ffe-4914-a475-3e78ca4a2cad,user451@example.com,Subject 1967,How have you been? It has been a long time.,01/22/2026,Medium,null,100,ham,v1.0
d00dbc5e-af86-4324-825c-0eaa66734536,user708@example.com,Subject 1968,Free money!!! Just click <b>&nbsp;this link&nbsp;</b>,11-08-2025,Medium,-1,5,Legit,v1.0
5a2403cb-d759-4d83-b2cb-50a07c1156cf,user322@example.com,Subject 1969,"<div>Free money!!! Just click <b>&nbsp;this link&nbsp;</b></div><br><p>Best regards,</p>",2026-02-12T20:05:05.326402,N/A,None,5,ham,v1.0
fb42ce33-5fc3-4d73-a54a-ca0d89445068,user50@example.com,Subject 1970,"<div>Cheap meds, no prescription needed!!!</div><br><p>Best regards,</p>",1761354305,Medium,0,10,0,v1.0
089880f8-4bf7-4d2d-b493-2731a488f853,user815@example.com,Subject 1971,Free money!!! Just click <b>&nbsp;this link&nbsp;</b>,2025-06-25T20:05:05.326412,N/A,0,0,Legit,v1.0
0b6f7242-b3c5-4c12-95bf-98def394f435,user936@example.com,Subject 1972,Attached is the invoice for last month.,02-06-2025,N/A,2,5,s_p_a_m,v1.0
8c04527e-d073-4320-9b11-52785040235c,user896@example.com,Subject 1973,"Hello, we are interested in your profile.",2026-02-16T20:05:05.326422,Low,1,5,ham,v1.0
49e6399f-5efc-4e86-821b-cfaaa75e848b,user640@example.com,Subject 1974,"<div>How have you been? It has been a long time.</div><br><p>Best regards,</p>",27-12-2025,Medium,-1,10,Ham,v1.0
070104eb-1c01-417f-ac97-6a058c7c5761,user634@example.com,Subject 1975,"<div>Hello, we are interested in your profile.</div><br><p>Best regards,</p>",19-10-2025,High,0,100,ham,v1.0
470d6f10-ec4c-4e02-a05c-45d8895de33d,user966@example.com,Subject 1976,"<div>Cheap meds, no prescription needed!!!</div><br><p>Best regards,</p>",1774055105,null,None,0,spam,v1.0
f4a493be-7443-45df-92c9-4c8e5c87d01f,user872@example.com,Subject 1977,¡Urgente! Necesitamos su respuesta inmediata.,07/13/2025,null,-1,5,spam,v1.0
c32c72fc-b475-4256-8e1d-315ad74061ca,user721@example.com,Subject 1978,"Hello, we are interested in your profile.",10-08-2025,Urgent!,null,10,Ham,v1.0
ea861610-9c68-4896-910c-5365d30e3f10,user982@example.com,Subject 1979,"Bonjour, voici les documents demandés.",1748221505,High,null,1,0,v1.0
2d406e10-1410-4751-b9ec-92ca0cf7d62c,user841@example.com,Subject 1980,"<div>WINNER! Claim your prize now at <a href='http://malware.com'>here</a></div><br><p>Best regards,</p>",07/18/2025,Urgent!,-1,1,SPAM,v1.0
02773540-1eab-4542-bef1-057a0b5f36c9,user887@example.com,Subject 1981,"Hello, we are interested in your profile.",2025-07-25T20:05:05.326461,null,-1,0,Ham,v1.0
bfcca3d2-475a-4e00-8aa7-bc3be3ac58bf,user179@example.com,Subject 1982,"<div>Cheap meds, no prescription needed!!!</div><br><p>Best regards,</p>",2026-01-21T20:05:05.326466,Urgent!,0,5,s_p_a_m,v1.0
73bfdcf1-28c0-4cb5-a035-d7a9cb119755,user586@example.com,Subject 1983,Meeting at 5pm? Let me know.,2026-04-11T20:05:05.326470,High,0,5,SPAM,v1.0
851d2648-a517-4340-b16a-d080586f1452,user134@example.com,Subject 1984,How have you been? It has been a long time.,1757293505,N/A,None,1,SPAM,v1.0
cedbe0b4-6581-4b1c-bb05-b3c2e81eb5e3,user69@example.com,Subject 1985,¡Urgente! Necesitamos su respuesta inmediata.,02/19/2026,Medium,null,5,0,v1.0
3fa046b1-b6d8-43a3-ad74-0961046e0a65,user495@example.com,Subject 1986,Free money!!! Just click <b>&nbsp;this link&nbsp;</b>,12/19/2025,Low,0,5,ham,v1.0
4855fd04-1fbe-4dd9-be20-84c32b47672c,user505@example.com,Subject 1987,Free money!!! Just click <b>&nbsp;this link&nbsp;</b>,1746061505,N/A,null,1,Legit,v1.0
f543bdac-aa9c-4eb2-a345-ebfa9dcefa07,user19@example.com,Subject 1988,"<div>Hello, we are interested in your profile.</div><br><p>Best regards,</p>",1759280705,null,null,1,0,v1.0
207ba7d0-afbc-4605-9f76-f44aed1cab66,user121@example.com,Subject 1989,"<div>Cheap meds, no prescription needed!!!</div><br><p>Best regards,</p>",1751850305,N/A,null,100,spam,v1.0
0b1d3967-2ee9-40c3-9110-4610b8f7d5fe,user822@example.com,Subject 1990,Meeting at 5pm? Let me know.,01/20/2026,Urgent!,0,100,SPAM,v1.0
1d0aab9f-3ddd-4343-9607-a890f3461986,user184@example.com,Subject 1991,Meeting at 5pm? Let me know.,14-05-2025,High,2,100,ham,v1.0
3411cf6c-19c6-4d21-832d-16bd6bef05a3,user516@example.com,Subject 1992,Meeting at 5pm? Let me know.,2025-11-01T20:05:05.326513,Urgent!,0,100,Legit,v1.0
2a9e019e-8809-409f-b250-55c3cdcc11d9,user856@example.com,Subject 1993,Meeting at 5pm? Let me know.,2025-07-30T20:05:05.326519,Medium,1,100,Legit,v1.0
1de97e15-78de-4fd8-b7ef-bd15f50ba618,user164@example.com,Subject 1994,How have you been? It has been a long time.,08/21/2025,Low,1,1,spam,v1.0
f193191d-30d4-4886-8bc2-37a74813ab3e,user912@example.com,Subject 1995,WINNER! Claim your prize now at <a href='http://malware.com'>here</a>,10-12-2025,N/A,1,1,ham,v1.0
85db1127-5100-4361-9022-ac11ec477c0b,user334@example.com,Subject 1996,"<div>Your account has been suspended. Please login to verify.</div><br><p>Best regards,</p>",2026-01-25T20:05:05.326535,Low,None,0,Ham,v1.0
f98bb17e-2d74-4dc4-80b1-e936bdac4c25,user229@example.com,Subject 1997,Attached is the invoice for last month.,2025-05-12T20:05:05.326540,Medium,null,10,0,v1.0
e92bda13-4674-49b6-a8ec-46c666ad9f7e,user272@example.com,Subject 1998,Free money!!! Just click <b>&nbsp;this link&nbsp;</b>,04/16/2026,null,1,1,ham,v1.0
39631004-9ffe-4e3c-a5f2-4b5815f67b71,user128@example.com,Subject 1999,"<div>Attached is the invoice for last month.</div><br><p>Best regards,</p>",08-11-2025,High,null,1,s_p_a_m,v1.0
d137ec49-0562-4d3c-a11e-424bc5a1f114,user809@example.com,Subject 2000,WINNER! Claim your prize now at <a href='http://malware.com'>here</a>,06/12/2025,Urgent!,1,0,spam,v1.0
65644dc3-a137-417b-8fb9-5d243bb99204,user793@example.com,Subject 2001,Your account has been suspended. Please login to verify.,1762481105,N/A,null,10,ham,v1.0
9b5eaa74-89d4-44a9-b018-9b531bd54e92,user888@example.com,Subject 2002,"Bonjour, voici les documents demandés.",2026-03-11T20:05:05.326565,Medium,0,10,1,v1.0
c2e6eac9-ee98-4194-8ed9-0d33caeef2f7,user920@example.com,Subject 2003,"<div>Cheap meds, no prescription needed!!!</div><br><p>Best regards,</p>",22-05-2025,Low,null,100,SPAM,v1.0
f833e5fb-3a66-4cbd-8adf-e15e2f909be1,user768@example.com,Subject 2004,"Cheap meds, no prescription needed!!!",2025-08-20T20:05:05.326574,Low,None,0,SPAM,v1.0
07ce0548-5fcb-436c-9795-15260088ad87,user179@example.com,Subject 2005,"<div>Hello, we are interested in your profile.</div><br><p>Best regards,</p>",1753232705,null,None,1,ham,v1.0
c292096d-c353-4b59-8a6f-d455464845a5,user304@example.com,Subject 2006,Attached is the invoice for last month.,10/08/2025,N/A,null,1,Legit,v1.0
63a6d6dc-2b3b-441a-9221-d298ff1e392d,user264@example.com,Subject 2007,"Bonjour, voici les documents demandés.",1751850305,Urgent!,1,0,ham,v1.0
8f2c71cd-11e3-4b9c-a730-c433ec7e8756,user457@example.com,Subject 2008,Attached is the invoice for last month.,06-08-2025,null,null,1,1,v1.0
b292bd7e-9388-4801-ba34-8c6475b83aaa,user956@example.com,Subject 2009,"<div>¡Urgente! Necesitamos su respuesta inmediata.</div><br><p>Best regards,</p>",30-01-2026,N/A,-1,1,SPAM,v1.0
859ebf4e-2aa2-4b65-9012-8b19a5cf4355,user708@example.com,Subject 2010,¡Urgente! Necesitamos su respuesta inmediata.,2025-11-22T20:05:05.326679,Medium,0,5,s_p_a_m,v1.0
71681e40-2d02-4bfb-bb0a-b737f667283d,user743@example.com,Subject 2011,"<div>¡Urgente! Necesitamos su respuesta inmediata.</div><br><p>Best regards,</p>",2025-08-17T20:05:05.326686,Low,0,1,Ham,v1.0
1406bdfd-218a-449c-b4a7-4f5aff95b6c4,user753@example.com,Subject 2012,"Cheap meds, no prescription needed!!!",11/07/2025,Low,1,10,1,v1.0
0fdde3cf-8045-47f2-affd-3823789e3ce6,user23@example.com,Subject 2013,"<div>How have you been? It has been a long time.</div><br><p>Best regards,</p>",13-10-2025,Low,None,1,s_p_a_m,v1.0
81ca6142-2942-41d0-896d-b33d7f620596,user700@example.com,Subject 2014,"<div>Hello, we are interested in your profile.</div><br><p>Best regards,</p>",30-06-2025,null,null,100,SPAM,v1.0
bc2ef9d7-5fac-487e-bfa7-3d5ba74c9e96,user54@example.com,Subject 2015,"<div>¡Urgente! Necesitamos su respuesta inmediata.</div><br><p>Best regards,</p>",02/20/2026,null,-1,10,1,v1.0
c88642a0-2e09-49df-8760-23fb92f3180b,user212@example.com,Subject 2016,"<div>Meeting at 5pm? Let me know.</div><br><p>Best regards,</p>",19-04-2026,Urgent!,1,100,1,v1.0
b3cab172-b240-4f55-b85b-5f7aa5c6c65e,user151@example.com,Subject 2017,"<div>How have you been? It has been a long time.</div><br><p>Best regards,</p>",2025-10-27T20:05:05.326791,null,-1,100,1,v1.0
b2c6fe66-78f0-424f-95b7-94ef0ef58b20,user744@example.com,Subject 2018,Free money!!! Just click <b>&nbsp;this link&nbsp;</b>,1763517905,Urgent!,1,1,ham,v1.0
431495ef-061c-4666-8261-d387854bb360,user30@example.com,Subject 2019,Free money!!! Just click <b>&nbsp;this link&nbsp;</b>,11/14/2025,Urgent!,1,100,SPAM,v1.0
b2e72300-4f89-40ad-b974-d5e711596661,user625@example.com,Subject 2020,Attached is the invoice for last month.,1754528705,High,None,10,Legit,v1.0
9efd1384-1ae3-4e52-b12f-ad05e8f402ab,user1000@example.com,Subject 2021,Free money!!! Just click <b>&nbsp;this link&nbsp;</b>,1757725505,N/A,0,10,0,v1.0
58f2669c-3334-44cf-acfc-770829fbbc74,user639@example.com,Subject 2022,Meeting at 5pm? Let me know.,06-07-2025,High,1,0,1,v1.0
3703470b-7307-49a3-b627-fd63960152ca,user903@example.com,Subject 2023,Attached is the invoice for last month.,07/14/2025,Urgent!,0,1,ham,v1.0
25283fc6-eb7e-4840-81b5-39fd552ec85e,user706@example.com,Subject 2024,"<div>Bonjour, voici les documents demandés.</div><br><p>Best regards,</p>",06-03-2026,Medium,-1,10,ham,v1.0
ccb359b8-210c-427e-88f1-7b5917796882,user951@example.com,Subject 2025,Free money!!! Just click <b>&nbsp;this link&nbsp;</b>,29-08-2025,N/A,None,10,Legit,v1.0
3830ac63-7290-42a9-ac13-017919da506e,user159@example.com,Subject 2026,Meeting at 5pm? Let me know.,1756602305,null,1,10,1,v1.0
5fa0b985-71b2-46b4-9039-b4186fa55f7e,user487@example.com,Subject 2027,"<div>Hello, we are interested in your profile.</div><br><p>Best regards,</p>",04-11-2025,Medium,null,0,spam,v1.0
45b186a4-aac5-41c6-86df-8996e07af48f,user690@example.com,Subject 2028,"Hello, we are interested in your profile.",1773104705,Medium,2,100,spam,v1.0
9228db6d-4952-4b35-9e9b-84c65ea60fa4,user711@example.com,Subject 2029,Your account has been suspended. Please login to verify.,1753232705,Urgent!,null,10,1,v1.0
a7226357-aa9c-402e-860b-8e576e46a317,user387@example.com,Subject 2030,"<div>Attached is the invoice for last month.</div><br><p>Best regards,</p>",1759453505,N/A,0,0,0,v1.0
f01030cf-c228-44e3-814a-8a393db1765b,user423@example.com,Subject 2031,Free money!!! Just click <b>&nbsp;this link&nbsp;</b>,03-07-2025,High,0,100,1,v1.0
3f29f31f-7e59-4c05-897c-71cb8ea96f0d,user390@example.com,Subject 2032,"<div>Attached is the invoice for last month.</div><br><p>Best regards,</p>",08/17/2025,null,2,10,Ham,v1.0
7939c5f3-848d-465c-9b8d-28e753e4afd4,user261@example.com,Subject 2033,How have you been? It has been a long time.,04/30/2025,High,0,10,0,v1.0
3eaa6b74-f5bf-47b7-b3ea-19796d31488c,user355@example.com,Subject 2034,"<div>Hello, we are interested in your profile.</div><br><p>Best regards,</p>",30-11-2025,High,-1,0,Legit,v1.0
262cbb85-2fad-407b-8c92-5ed7b5b349ff,user643@example.com,Subject 2035,¡Urgente! Necesitamos su respuesta inmediata.,2025-06-15T20:05:05.326888,Urgent!,0,10,1,v1.0
17ac7d1f-3bb3-4fb2-ba47-640e3ce4892a,user164@example.com,Subject 2036,"<div>Attached is the invoice for last month.</div><br><p>Best regards,</p>",13-09-2025,Low,null,10,1,v1.0
d95bb305-50fc-4eba-a338-b2d77645f8ee,user17@example.com,Subject 2037,Meeting at 5pm? Let me know.,05/07/2025,Urgent!,None,0,spam,v1.0
12ac2d75-6f31-4243-8ecd-c70cd71193a1,user448@example.com,Subject 2038,Free money!!! Just click <b>&nbsp;this link&nbsp;</b>,02-03-2026,null,None,10,1,v1.0
6c9c206d-bb43-4242-b3b7-095c27976eee,user210@example.com,Subject 2039,"Hello, we are interested in your profile.",1768529105,Urgent!,1,100,Legit,v1.0
f36900a8-b9f7-4d9d-8d7d-d1539defd9a7,user674@example.com,Subject 2040,Your account has been suspended. Please login to verify.,14-03-2026,N/A,-1,0,spam,v1.0
ec51b392-df2e-4185-a337-f6d88d813cb8,user485@example.com,Subject 2041,Meeting at 5pm? Let me know.,1776301505,Low,1,5,ham,v1.0
edd6bce6-29e8-4774-9078-8e9c03eff98e,user667@example.com,Subject 2042,WINNER! Claim your prize now at <a href='http://malware.com'>here</a>,10/14/2025,Medium,null,10,spam,v1.0
dd9d8e32-42d7-4000-9a9c-6a36f662e5a8,user679@example.com,Subject 2043,Attached is the invoice for last month.,2025-07-10T20:05:05.326930,N/A,1,5,SPAM,v1.0
56da785f-5d0f-46c9-ad5a-076c440e569c,user860@example.com,Subject 2044,How have you been? It has been a long time.,12-07-2025,null,None,5,ham,v1.0
c78cf5ca-84e6-46ab-a1c1-daaa5cc98a89,user327@example.com,Subject 2045,¡Urgente! Necesitamos su respuesta inmediata.,10/07/2025,Medium,0,5,0,v1.0
b742669a-3e71-4af3-a6e9-83e6b6d99b38,user254@example.com,Subject 2046,How have you been? It has been a long time.,2025-09-03T20:05:05.326946,Low,None,1,1,v1.0
e94bf435-9726-4dfe-88a7-33cdaec7a76c,user460@example.com,Subject 2047,WINNER! Claim your prize now at <a href='http://malware.com'>here</a>,07/11/2025,Urgent!,-1,0,SPAM,v1.0
a02e0a89-ade9-4de7-8dd2-417925a7e464,user994@example.com,Subject 2048,Free money!!! Just click <b>&nbsp;this link&nbsp;</b>,2025-12-20T20:05:05.326956,Medium,None,10,s_p_a_m,v1.0
8b20573e-acb2-4883-9928-a322ec0fe55b,user965@example.com,Subject 2049,Meeting at 5pm? Let me know.,22-08-2025,Medium,1,10,Ham,v1.0
55df998e-cd47-4ee9-a714-559d61d0156d,user949@example.com,Subject 2050,"Bonjour, voici les documents demandés.",07/14/2025,Urgent!,1,5,ham,v1.0
a6a85078-fb7a-4523-9f29-85089a82901a,user369@example.com,Subject 2051,"Hello, we are interested in your profile.",1776819905,Medium,1,5,ham,v1.0
5bed0c2c-d80c-4d5e-a2d4-681229d739d2,user518@example.com,Subject 2052,Free money!!! Just click <b>&nbsp;this link&nbsp;</b>,1757725505,null,-1,100,Ham,v1.0
b978beb5-ae39-447b-ab3b-e0b7670da2bf,user60@example.com,Subject 2053,"<div>Attached is the invoice for last month.</div><br><p>Best regards,</p>",1762826705,Medium,2,10,0,v1.0
e8bd3607-fa7e-41dd-86d3-24bdd0a66296,user802@example.com,Subject 2054,"<div>¡Urgente! Necesitamos su respuesta inmediata.</div><br><p>Best regards,</p>",1777079105,Medium,0,100,0,v1.0
a3299857-766e-4393-846b-a23a157d01af,user185@example.com,Subject 2055,"<div>WINNER! Claim your prize now at <a href='http://malware.com'>here</a></div><br><p>Best regards,</p>",2025-07-16T20:05:05.326988,Urgent!,1,5,spam,v1.0
b27800ba-0207-4865-af67-d54bd9fd0ccf,user51@example.com,Subject 2056,WINNER! Claim your prize now at <a href='http://malware.com'>here</a>,01/12/2026,Urgent!,-1,0,ham,v1.0
380309e7-4266-4ed5-accf-50655dec2100,user667@example.com,Subject 2057,How have you been? It has been a long time.,2026-03-20T20:05:05.326998,N/A,0,1,s_p_a_m,v1.0
e59a8b88-57bc-42ec-8432-2e4990d8d0af,user877@example.com,Subject 2058,"Hello, we are interested in your profile.",2026-01-28T20:05:05.327003,N/A,null,5,s_p_a_m,v1.0
e0958be9-c489-4e92-a004-b3fc66bab71a,user404@example.com,Subject 2059,"Cheap meds, no prescription needed!!!",12-03-2026,null,1,10,spam,v1.0
f03b358e-3509-4a27-bc10-344b195e3628,user915@example.com,Subject 2060,Meeting at 5pm? Let me know.,28-05-2025,N/A,2,100,Ham,v1.0
0fd32836-2ff6-42f0-a507-d1addb63485d,user30@example.com,Subject 2061,"Hello, we are interested in your profile.",1772676305,Low,2,0,Legit,v1.0
7ae775cc-f8f6-40eb-ab7f-d737ffc7b4f6,user63@example.com,Subject 2062,¡Urgente! Necesitamos su respuesta inmediata.,06/07/2025,Urgent!,null,5,SPAM,v1.0
3acfeb09-1745-46b8-8981-89ee18291d90,user508@example.com,Subject 2063,"Cheap meds, no prescription needed!!!",2025-12-08T20:05:05.327032,High,2,10,Legit,v1.0
a24dc6b7-a08a-4db5-9f97-11a9a04aa6cd,user754@example.com,Subject 2064,"<div>Cheap meds, no prescription needed!!!</div><br><p>Best regards,</p>",1764036305,Medium,-1,0,spam,v1.0
ec6bbeee-4299-4400-83fd-5e6c741c028b,user559@example.com,Subject 2065,"Hello, we are interested in your profile.",2025-06-11T20:05:05.327040,Urgent!,null,5,0,v1.0
ff80452b-d178-43fd-b534-1981f0c37c77,user527@example.com,Subject 2066,Your account has been suspended. Please login to verify.,2025-10-25T20:05:05.327045,Medium,None,0,s_p_a_m,v1.0
fe050653-57f3-4b60-b756-26aa1258cf9d,user733@example.com,Subject 2067,WINNER! Claim your prize now at <a href='http://malware.com'>here</a>,11/18/2025,High,null,10,Legit,v1.0
62ebffd3-4039-4271-bec5-acc8bccb6bc9,user185@example.com,Subject 2068,"<div>Hello, we are interested in your profile.</div><br><p>Best regards,</p>",2025-11-09T20:05:05.327056,null,1,1,Legit,v1.0
25466409-eff8-44a0-bbde-35dd9af6d3a9,user653@example.com,Subject 2069,"<div>Your account has been suspended. Please login to verify.</div><br><p>Best regards,</p>",1770602705,Medium,0,100,SPAM,v1.0
e3f98db1-d24d-43de-8e29-e7893a2ccc74,user338@example.com,Subject 2070,"<div>Cheap meds, no prescription needed!!!</div><br><p>Best regards,</p>",1771639505,N/A,None,100,Legit,v1.0
7013df71-c9a6-41d5-b10c-717100827879,user538@example.com,Subject 2071,"Cheap meds, no prescription needed!!!",12/01/2025,High,2,5,SPAM,v1.0
1718eedf-9318-488b-a34a-51198916c05b,user603@example.com,Subject 2072,Free money!!! Just click <b>&nbsp;this link&nbsp;</b>,1754010305,Low,1,5,Legit,v1.0
d5b480ae-1afe-4f02-a022-101923daaf12,user186@example.com,Subject 2073,WINNER! Claim your prize now at <a href='http://malware.com'>here</a>,13-11-2025,Medium,None,0,Legit,v1.0
e789a1e4-c87c-4164-b050-97bb7efcd2d0,user565@example.com,Subject 2074,"<div>Meeting at 5pm? Let me know.</div><br><p>Best regards,</p>",01/30/2026,Low,-1,0,spam,v1.0
556eae6c-a2b5-47ab-a353-c7c7dbc61ff4,user158@example.com,Subject 2075,"<div>¡Urgente! Necesitamos su respuesta inmediata.</div><br><p>Best regards,</p>",01-02-2026,Low,-1,1,ham,v1.0
1f6befdd-ef1e-46e2-86cb-238cc3485874,user107@example.com,Subject 2076,Attached is the invoice for last month.,02/18/2026,Medium,1,1,0,v1.0
7e7e76bc-97a6-4159-a986-d27a7aaf8292,user346@example.com,Subject 2077,Your account has been suspended. Please login to verify.,1757207105,N/A,1,10,Ham,v1.0
f8eae9dc-f2af-4a9c-a92b-d93f1d23ef8f,user983@example.com,Subject 2078,"<div>WINNER! Claim your prize now at <a href='http://malware.com'>here</a></div><br><p>Best regards,</p>",1773104705,High,None,5,Legit,v1.0
8ebb7920-d795-47cf-b4cf-8a329afaa719,user354@example.com,Subject 2079,WINNER! Claim your prize now at <a href='http://malware.com'>here</a>,2025-08-13T20:05:05.327107,N/A,-1,100,spam,v1.0
4d9f61c7-3c3f-467f-9146-6fc40c60dc10,user620@example.com,Subject 2080,"<div>WINNER! Claim your prize now at <a href='http://malware.com'>here</a></div><br><p>Best regards,</p>",27-10-2025,null,-1,10,SPAM,v1.0
909aa8cc-2480-4091-9b99-8f0fd7126b49,user511@example.com,Subject 2081,"<div>Your account has been suspended. Please login to verify.</div><br><p>Best regards,</p>",2026-01-24T20:05:05.327117,Low,-1,10,Ham,v1.0
137dd6b0-d75a-4036-9f9f-1d0220909b61,user584@example.com,Subject 2082,Meeting at 5pm? Let me know.,1773363905,null,null,100,SPAM,v1.0
295f0dd4-59cf-4824-bf6e-df191d97c6e8,user103@example.com,Subject 2083,"<div>How have you been? It has been a long time.</div><br><p>Best regards,</p>",2025-12-06T20:05:05.327126,Urgent!,1,1,spam,v1.0
8483d438-af56-4586-a4ec-eedacb4c605c,user70@example.com,Subject 2084,"<div>Your account has been suspended. Please login to verify.</div><br><p>Best regards,</p>",03/27/2026,N/A,2,5,SPAM,v1.0
c0d2dcd1-31af-4753-bcc0-e432ed938300,user258@example.com,Subject 2085,"<div>¡Urgente! Necesitamos su respuesta inmediata.</div><br><p>Best regards,</p>",04-05-2025,N/A,-1,1,Legit,v1.0
83fa6cc3-e97a-4ded-97e1-8b1181cb29b5,user459@example.com,Subject 2086,WINNER! Claim your prize now at <a href='http://malware.com'>here</a>,07/25/2025,Low,None,10,spam,v1.0
11ff2608-f5e4-4eb7-ba51-ee3d08585cc3,user120@example.com,Subject 2087,WINNER! Claim your prize now at <a href='http://malware.com'>here</a>,1759626305,N/A,null,100,ham,v1.0
af16e1ae-baf6-45d4-aaed-b27516051137,user907@example.com,Subject 2088,"Cheap meds, no prescription needed!!!",10/12/2025,null,-1,1,Ham,v1.0
3a4089d9-8243-45be-9f1e-283f41b6aab4,user739@example.com,Subject 2089,"<div>WINNER! Claim your prize now at <a href='http://malware.com'>here</a></div><br><p>Best regards,</p>",1753319105,N/A,2,0,Ham,v1.0
80153b72-54c4-4b64-81ab-c102bdf2aeff,user349@example.com,Subject 2090,¡Urgente! Necesitamos su respuesta inmediata.,22-01-2026,Urgent!,null,0,SPAM,v1.0
13438cc2-5438-462f-8c9f-6d071bd6ddc9,user698@example.com,Subject 2091,"<div>Your account has been suspended. Please login to verify.</div><br><p>Best regards,</p>",08/22/2025,Medium,0,10,ham,v1.0
2fa1e7fa-66a3-4995-8517-fbdca28f80e1,user810@example.com,Subject 2092,How have you been? It has been a long time.,15-03-2026,Urgent!,null,0,SPAM,v1.0
c946e4cc-aad4-4310-8544-e0961328a282,user21@example.com,Subject 2093,"<div>Meeting at 5pm? Let me know.</div><br><p>Best regards,</p>",2025-05-15T20:05:05.327178,High,None,100,Ham,v1.0
4adba87a-8762-425d-893b-c20676015e8f,user868@example.com,Subject 2094,"<div>Your account has been suspended. Please login to verify.</div><br><p>Best regards,</p>",1753923905,N/A,1,0,1,v1.0
b6f4d7b4-d359-43db-9d5c-3d89fd9e655e,user669@example.com,Subject 2095,Meeting at 5pm? Let me know.,1754183105,Urgent!,2,5,1,v1.0
ada016d9-3808-40c9-a820-c58f933376fd,user315@example.com,Subject 2096,"<div>Meeting at 5pm? Let me know.</div><br><p>Best regards,</p>",28-12-2025,null,null,1,Legit,v1.0
3016dd77-08da-4306-96ba-0e6ea4c9709b,user745@example.com,Subject 2097,"<div>Hello, we are interested in your profile.</div><br><p>Best regards,</p>",08-07-2025,null,null,100,SPAM,v1.0
c8ec173c-30c1-42b5-ab92-a8281e27f22a,user97@example.com,Subject 2098,"<div>Attached is the invoice for last month.</div><br><p>Best regards,</p>",19-09-2025,Urgent!,-1,1,s_p_a_m,v1.0
70f877f6-e11c-4d1d-9be0-18714b482961,user528@example.com,Subject 2099,Your account has been suspended. Please login to verify.,1767837905,Urgent!,1,10,Ham,v1.0
0c0adeae-fea1-4c61-a7f4-449a8302b432,user392@example.com,Subject 2100,"<div>Your account has been suspended. Please login to verify.</div><br><p>Best regards,</p>",1770170705,High,0,100,s_p_a_m,v1.0
4ae8b23a-bb0e-4917-9c4d-1dceef0bc5b3,user860@example.com,Subject 2101,How have you been? It has been a long time.,18-10-2025,N/A,None,0,spam,v1.0
c45a768e-16f9-4157-a76f-0d514de3fcaa,user605@example.com,Subject 2102,Your account has been suspended. Please login to verify.,06-03-2026,Low,1,0,1,v1.0
8ca07677-a582-4887-ab2b-1231cd02872a,user712@example.com,Subject 2103,How have you been? It has been a long time.,2025-07-25T20:05:05.327227,Urgent!,None,5,1,v1.0
a6da19c7-5ff0-463b-8356-1f305227572a,user995@example.com,Subject 2104,"<div>Your account has been suspended. Please login to verify.</div><br><p>Best regards,</p>",03/11/2026,Medium,null,5,Legit,v1.0
5295cdb2-c4eb-4dbb-945e-776e268a1519,user644@example.com,Subject 2105,Attached is the invoice for last month.,2025-09-09T20:05:05.327237,Low,-1,1,1,v1.0
1a3cb201-b1e2-4058-bd06-f46e6aa33464,user39@example.com,Subject 2106,¡Urgente! Necesitamos su respuesta inmediata.,2025-12-22T20:05:05.327242,Urgent!,1,1,1,v1.0
042a42d3-80f6-492e-a628-ef247b2b5b7a,user664@example.com,Subject 2107,"<div>How have you been? It has been a long time.</div><br><p>Best regards,</p>",2026-01-04T20:05:05.327247,N/A,2,10,ham,v1.0
c635a507-69b5-4d81-a0ca-5dab45bc5404,user972@example.com,Subject 2108,Your account has been suspended. Please login to verify.,2026-04-20T20:05:05.327252,High,2,1,0,v1.0
75b973bc-54fd-43a4-b55c-f71da388d945,user206@example.com,Subject 2109,Meeting at 5pm? Let me know.,2025-09-11T20:05:05.327256,High,None,100,Ham,v1.0
ea83e972-23f1-4d7c-b1a1-d71213cb651f,user453@example.com,Subject 2110,"Bonjour, voici les documents demandés.",1751331905,Urgent!,None,5,Legit,v1.0
3a16799c-560d-4818-8f19-2319365eccda,user603@example.com,Subject 2111,"<div>How have you been? It has been a long time.</div><br><p>Best regards,</p>",2025-12-14T20:05:05.327265,Medium,0,10,0,v1.0
cbd04ac6-32f6-48ba-b9ea-7555957e9090,user54@example.com,Subject 2112,¡Urgente! Necesitamos su respuesta inmediata.,1749690305,N/A,0,10,ham,v1.0
38c3104f-bb91-468b-a291-b09332743562,user831@example.com,Subject 2113,¡Urgente! Necesitamos su respuesta inmediata.,1764641105,null,-1,100,spam,v1.0
b63c9320-8891-4779-a71f-6c682481eaf7,user598@example.com,Subject 2114,Free money!!! Just click <b>&nbsp;this link&nbsp;</b>,2026-04-11T20:05:05.327278,null,-1,1,ham,v1.0
0c4e99d0-1669-4976-b5d1-a88a9c25df84,user897@example.com,Subject 2115,Free money!!! Just click <b>&nbsp;this link&nbsp;</b>,12-11-2025,null,null,1,s_p_a_m,v1.0
cdba4fd1-df31-4486-bce4-f6c927e7b434,user423@example.com,Subject 2116,"<div>Attached is the invoice for last month.</div><br><p>Best regards,</p>",08-09-2025,Low,0,100,s_p_a_m,v1.0
c85dee97-ea3e-4762-9392-650d1d2b2c48,user715@example.com,Subject 2117,"Bonjour, voici les documents demandés.",19-11-2025,null,null,10,ham,v1.0
eb70fe94-98e4-4820-84f8-509511d7c3d3,user163@example.com,Subject 2118,Attached is the invoice for last month.,1759971905,High,null,100,Legit,v1.0
a8b61818-595b-4a4d-9e9b-c64613c7c9e7,user654@example.com,Subject 2119,Free money!!! Just click <b>&nbsp;this link&nbsp;</b>,1777597505,N/A,null,100,spam,v1.0
fd76b3ea-1b47-42a9-b770-c48932ea65d1,user685@example.com,Subject 2120,How have you been? It has been a long time.,12/10/2025,Medium,None,10,s_p_a_m,v1.0
a8fbe61c-c7a8-4f7f-bb34-4d7967e3c34e,user40@example.com,Subject 2121,Free money!!! Just click <b>&nbsp;this link&nbsp;</b>,07/05/2025,Low,-1,0,1,v1.0
9063a8d8-5788-436f-8881-ebaaa00649b5,user366@example.com,Subject 2122,"Bonjour, voici les documents demandés.",1765937105,N/A,0,5,SPAM,v1.0
cc0821d0-d841-4c18-a2ae-480b26c57d2b,user505@example.com,Subject 2123,"Bonjour, voici les documents demandés.",20-05-2025,Urgent!,2,10,0,v1.0
39c39232-670a-4149-900d-819bd4043fee,user318@example.com,Subject 2124,"Bonjour, voici les documents demandés.",11-08-2025,N/A,-1,0,1,v1.0
76e86459-150c-42fc-9f79-bb5e5d6a00ba,user294@example.com,Subject 2125,Meeting at 5pm? Let me know.,02/26/2026,Low,None,0,s_p_a_m,v1.0
b89f9d91-d4ee-4790-9af3-3a3583641655,user470@example.com,Subject 2126,"<div>Bonjour, voici les documents demandés.</div><br><p>Best regards,</p>",08/18/2025,null,2,5,SPAM,v1.0
3623f837-c6e3-48eb-885b-0b34ce248066,user101@example.com,Subject 2127,Attached is the invoice for last month.,2025-11-26T20:05:05.327341,High,2,1,0,v1.0
82a32b78-21bd-472e-8583-d3b63d5331f7,user983@example.com,Subject 2128,"Cheap meds, no prescription needed!!!",2025-10-31T20:05:05.327346,null,2,10,1,v1.0
59b17495-ee44-4379-bd2b-044301d11fdb,user743@example.com,Subject 2129,"<div>Meeting at 5pm? Let me know.</div><br><p>Best regards,</p>",06/26/2025,Low,2,0,Legit,v1.0
757248e9-c3e3-412c-88dc-36b53a3c8bb6,user647@example.com,Subject 2130,"<div>Attached is the invoice for last month.</div><br><p>Best regards,</p>",1752109505,Low,2,10,Ham,v1.0
d31b5190-f7d3-479b-b773-345eed5c31cb,user961@example.com,Subject 2131,Attached is the invoice for last month.,24-06-2025,N/A,None,5,Legit,v1.0
b085f076-fd8e-407b-9c34-9adfa49e572a,user956@example.com,Subject 2132,How have you been? It has been a long time.,1772762705,Low,0,1,0,v1.0
6f0a813f-eb04-4e4e-a636-65e1dcc68232,user937@example.com,Subject 2133,How have you been? It has been a long time.,1769825105,High,None,5,1,v1.0
9b9497bf-3d04-4f31-8a8f-a8ba79a8df9e,user288@example.com,Subject 2134,WINNER! Claim your prize now at <a href='http://malware.com'>here</a>,05/26/2025,null,2,0,Legit,v1.0
87baafe7-e269-436d-b26f-066da684b841,user669@example.com,Subject 2135,"Bonjour, voici les documents demandés.",2025-08-04T20:05:05.327447,null,0,10,SPAM,v1.0
fee28717-c322-45ce-994e-204006839eba,user382@example.com,Subject 2136,Meeting at 5pm? Let me know.,1749258305,High,1,0,ham,v1.0
a1010865-509e-4819-8e02-55ecc621e3bb,user74@example.com,Subject 2137,"<div>WINNER! Claim your prize now at <a href='http://malware.com'>here</a></div><br><p>Best regards,</p>",1767751505,null,2,100,1,v1.0
cdfcb024-4269-49ce-a694-1b2132313f44,user760@example.com,Subject 2138,¡Urgente! Necesitamos su respuesta inmediata.,2025-10-22T20:05:05.327464,Medium,-1,5,1,v1.0
591c88d9-30b7-42d5-9773-6e1b82787ceb,user684@example.com,Subject 2139,"<div>Attached is the invoice for last month.</div><br><p>Best regards,</p>",2025-07-08T20:05:05.327469,Urgent!,1,5,0,v1.0
fcac2cbe-1ec3-4033-8e4a-e1d573173448,user400@example.com,Subject 2140,Free money!!! Just click <b>&nbsp;this link&nbsp;</b>,18-01-2026,Medium,0,0,Legit,v1.0
50f7c63d-1f6c-446a-9bf1-5f0500179484,user589@example.com,Subject 2141,"Cheap meds, no prescription needed!!!",10-05-2025,null,-1,100,s_p_a_m,v1.0
54f39d49-67b3-486a-ac3f-ef93db50d87f,user585@example.com,Subject 2142,"<div>How have you been? It has been a long time.</div><br><p>Best regards,</p>",1771985105,N/A,1,5,1,v1.0
c350af07-1ee4-40fd-87c6-65c3e42d6a9a,user915@example.com,Subject 2143,"<div>Attached is the invoice for last month.</div><br><p>Best regards,</p>",08-07-2025,High,None,5,SPAM,v1.0
a2546567-70ec-431e-b9c3-ac36feecad96,user99@example.com,Subject 2144,"Cheap meds, no prescription needed!!!",04/27/2026,Low,2,10,ham,v1.0
d1f6df47-fc06-417d-a8d4-28bce1bf8142,user523@example.com,Subject 2145,How have you been? It has been a long time.,2025-12-10T20:05:05.327501,Medium,null,1,Legit,v1.0
b6b5a451-1d90-42d7-bf09-e5bcc9fb2abd,user108@example.com,Subject 2146,"<div>Bonjour, voici les documents demandés.</div><br><p>Best regards,</p>",2025-07-14T20:05:05.327505,null,null,10,s_p_a_m,v1.0
e72fa97b-0639-42aa-82e5-d1777c89e54b,user418@example.com,Subject 2147,WINNER! Claim your prize now at <a href='http://malware.com'>here</a>,02/01/2026,Low,1,5,Ham,v1.0
7a71edde-ef6a-4106-afaa-99ac607eddca,user762@example.com,Subject 2148,Free money!!! Just click <b>&nbsp;this link&nbsp;</b>,03/03/2026,Urgent!,0,10,s_p_a_m,v1.0
3e28acc2-2b0d-467b-84ed-133695ce47a8,user96@example.com,Subject 2149,Your account has been suspended. Please login to verify.,07/22/2025,Medium,0,100,1,v1.0
2fe9f906-5696-4cbb-a8fa-a7dc352e4ae8,user545@example.com,Subject 2150,"Bonjour, voici les documents demandés.",1767060305,N/A,2,1,Ham,v1.0
51342602-41a5-46c9-834d-db73e014523a,user820@example.com,Subject 2151,¡Urgente! Necesitamos su respuesta inmediata.,07-08-2025,Medium,null,5,0,v1.0
51ef3e82-d2b7-48b6-bcdb-5736017d4f19,user619@example.com,Subject 2152,"<div>Hello, we are interested in your profile.</div><br><p>Best regards,</p>",11/07/2025,Low,0,0,SPAM,v1.0
a130db2b-3ff7-4ca5-a678-ed9cd09a6759,user218@example.com,Subject 2153,"<div>Bonjour, voici les documents demandés.</div><br><p>Best regards,</p>",2025-12-08T20:05:05.327543,High,0,5,1,v1.0
00bdab5e-7cd7-4ce0-a37b-401216e0ee9b,user202@example.com,Subject 2154,Meeting at 5pm? Let me know.,2025-11-27T20:05:05.327549,null,null,100,0,v1.0
6fb6b502-db9c-494b-8bc3-9e19bfb5ef8a,user687@example.com,Subject 2155,WINNER! Claim your prize now at <a href='http://malware.com'>here</a>,06-07-2025,N/A,null,0,Ham,v1.0
3e2fb930-7157-4045-84b6-fcdcd523ef80,user552@example.com,Subject 2156,"Hello, we are interested in your profile.",22-07-2025,Low,1,100,Legit,v1.0
08d83ca8-af04-4f97-81cb-21f96a3951c4,user454@example.com,Subject 2157,Attached is the invoice for last month.,13-07-2025,Urgent!,0,100,Legit,v1.0
bb9bdc5d-1151-4678-9d67-2bc19bc33683,user124@example.com,Subject 2158,"<div>How have you been? It has been a long time.</div><br><p>Best regards,</p>",1766282705,Urgent!,1,1,s_p_a_m,v1.0
242bbfe9-e34d-4576-ad30-67083fed15e2,user577@example.com,Subject 2159,"Cheap meds, no prescription needed!!!",04/05/2026,Low,1,0,ham,v1.0
ca485df9-74dc-4539-a6c8-c02f47dab78d,user414@example.com,Subject 2160,"<div>WINNER! Claim your prize now at <a href='http://malware.com'>here</a></div><br><p>Best regards,</p>",08/05/2025,Urgent!,1,1,Ham,v1.0
ea5b9eb8-6440-4ad9-a2ac-8191ede8f832,user831@example.com,Subject 2161,"<div>¡Urgente! Necesitamos su respuesta inmediata.</div><br><p>Best regards,</p>",2026-03-08T20:05:05.327584,Medium,None,10,Ham,v1.0
810396b0-73d6-4fce-b1a3-cd8ab82ea833,user498@example.com,Subject 2162,Attached is the invoice for last month.,25-01-2026,Medium,None,10,1,v1.0
bf7490a1-e4a8-4038-bd50-c839260bcebc,user581@example.com,Subject 2163,WINNER! Claim your prize now at <a href='http://malware.com'>here</a>,2026-02-28T20:05:05.327594,N/A,None,5,0,v1.0
951efc19-4790-441e-aca0-b6e6fb8edf1a,user364@example.com,Subject 2164,"Bonjour, voici les documents demandés.",11/29/2025,Low,2,100,ham,v1.0
5d3c9e79-0eb3-4cb9-90aa-07129fb74b03,user31@example.com,Subject 2165,"<div>Attached is the invoice for last month.</div><br><p>Best regards,</p>",2025-05-06T20:05:05.327603,N/A,2,100,Ham,v1.0
e70a6f4c-47aa-4aa8-b4d3-879f555287f5,user410@example.com,Subject 2166,¡Urgente! Necesitamos su respuesta inmediata.,2025-06-09T20:05:05.327608,Urgent!,-1,10,Legit,v1.0
c13676cc-3c1b-4353-a156-24e241ab965f,user325@example.com,Subject 2167,WINNER! Claim your prize now at <a href='http://malware.com'>here</a>,05-04-2026,Medium,2,100,SPAM,v1.0
61dafbb4-8619-44af-9483-973f18eb7348,user744@example.com,Subject 2168,"<div>Meeting at 5pm? Let me know.</div><br><p>Best regards,</p>",05/24/2025,Low,-1,100,Ham,v1.0
f62a9f14-272f-45f9-a7c5-88e0465a73df,user364@example.com,Subject 2169,"<div>How have you been? It has been a long time.</div><br><p>Best regards,</p>",06/30/2025,Urgent!,0,5,spam,v1.0
b3b2b5ed-771f-4ff1-b5d1-6d1e4d53fbb6,user300@example.com,Subject 2170,"<div>Hello, we are interested in your profile.</div><br><p>Best regards,</p>",2025-09-01T20:05:05.327630,Medium,null,5,1,v1.0
a7eb0c69-7707-4fee-aa23-cbfc534009f0,user729@example.com,Subject 2171,Meeting at 5pm? Let me know.,06-03-2026,Medium,1,1,Ham,v1.0
fa7c9189-1376-4cb2-a30a-453aa9095f27,user176@example.com,Subject 2172,"<div>Your account has been suspended. Please login to verify.</div><br><p>Best regards,</p>",06-01-2026,Urgent!,0,1,spam,v1.0
66b37227-abe7-471e-86e8-2e19a9fdb239,user428@example.com,Subject 2173,¡Urgente! Necesitamos su respuesta inmediata.,1759885505,Medium,null,10,SPAM,v1.0
6629f35d-8648-4b33-9258-b1d775177f1f,user361@example.com,Subject 2174,"Bonjour, voici les documents demandés.",1746234305,Low,1,1,spam,v1.0
d3bcfac8-eafd-45d4-9c0d-27008dc9ebe4,user694@example.com,Subject 2175,"<div>Bonjour, voici les documents demandés.</div><br><p>Best regards,</p>",2025-06-16T20:05:05.327654,Low,1,5,1,v1.0
433363b9-cbd3-4753-b66c-a11c6e8f9050,user22@example.com,Subject 2176,"Hello, we are interested in your profile.",2025-10-25T20:05:05.327659,Low,-1,1,SPAM,v1.0
b4c9476c-0164-4e1f-8544-dd20d8b4abde,user414@example.com,Subject 2177,"Bonjour, voici les documents demandés.",1769393105,Medium,0,10,ham,v1.0
153f5f4b-48a2-4586-bfeb-b175223a077d,user214@example.com,Subject 2178,WINNER! Claim your prize now at <a href='http://malware.com'>here</a>,2026-02-09T20:05:05.327667,Urgent!,None,100,spam,v1.0
72287e5a-c64e-4d0c-9b75-de88dc5a4a3f,user133@example.com,Subject 2179,Your account has been suspended. Please login to verify.,1756083905,Medium,None,0,s_p_a_m,v1.0
e11ca8f3-8cd8-4146-a615-bd1a5a5e9a62,user806@example.com,Subject 2180,"<div>Cheap meds, no prescription needed!!!</div><br><p>Best regards,</p>",06/08/2025,Low,-1,5,0,v1.0
e7ec435b-7aba-4d1d-afea-e52f1014b5f7,user717@example.com,Subject 2181,Attached is the invoice for last month.,08/09/2025,null,1,5,SPAM,v1.0
17d34c39-eb6b-4613-bc21-ee28c9b6f1b0,user646@example.com,Subject 2182,"<div>How have you been? It has been a long time.</div><br><p>Best regards,</p>",08/12/2025,Medium,null,1,0,v1.0
59d9f4dd-67fb-419c-b179-09cd2be8fd4c,user12@example.com,Subject 2183,"Bonjour, voici les documents demandés.",09/29/2025,N/A,0,10,spam,v1.0
5885517f-33b5-414c-b140-367f7f225436,user795@example.com,Subject 2184,"<div>WINNER! Claim your prize now at <a href='http://malware.com'>here</a></div><br><p>Best regards,</p>",12/16/2025,N/A,0,1,spam,v1.0
13d66996-d643-4023-ad98-ecf3e1b3b46f,user917@example.com,Subject 2185,"Cheap meds, no prescription needed!!!",16-09-2025,High,1,10,Legit,v1.0
d34de307-40fe-41c1-a89c-7c1edb3f5276,user17@example.com,Subject 2186,How have you been? It has been a long time.,10-12-2025,Medium,2,10,1,v1.0
d56efeab-a7ad-494a-8b3c-22f6f74911f8,user619@example.com,Subject 2187,Attached is the invoice for last month.,2025-08-29T20:05:05.327713,null,2,5,spam,v1.0
8e25bb22-5d92-490d-a2ab-e24576a3156d,user766@example.com,Subject 2188,How have you been? It has been a long time.,11/21/2025,N/A,2,10,SPAM,v1.0
5d131ed8-7b50-4138-8667-81fd21861302,user341@example.com,Subject 2189,Free money!!! Just click <b>&nbsp;this link&nbsp;</b>,17-09-2025,N/A,1,100,spam,v1.0
8c3fbb7f-c59c-4189-86e3-c8cc0df5a9d8,user45@example.com,Subject 2190,Your account has been suspended. Please login to verify.,2026-01-13T20:05:05.327729,null,1,1,0,v1.0
61795cfb-3426-425b-9dd4-4d3f8ae5a310,user932@example.com,Subject 2191,Your account has been suspended. Please login to verify.,1752195905,High,1,0,ham,v1.0
84b70e65-5ac5-48d0-a6ca-db95a3d3fc52,user616@example.com,Subject 2192,"Hello, we are interested in your profile.",17-06-2025,High,1,5,ham,v1.0
fdeceae5-b1ef-4dbb-b002-6881b2c14c07,user25@example.com,Subject 2193,"<div>WINNER! Claim your prize now at <a href='http://malware.com'>here</a></div><br><p>Best regards,</p>",13-02-2026,High,0,5,Legit,v1.0
251d6fa9-2e62-42ca-83fa-2a9886b46bdd,user49@example.com,Subject 2194,"<div>Attached is the invoice for last month.</div><br><p>Best regards,</p>",1748394305,High,None,100,0,v1.0
3a21e61a-b54f-4c80-b41a-9882b3faf558,user509@example.com,Subject 2195,WINNER! Claim your prize now at <a href='http://malware.com'>here</a>,1777511105,N/A,None,1,Legit,v1.0
2153bdb9-88c2-4e57-9b9b-e1ccf44bcbd7,user8@example.com,Subject 2196,¡Urgente! Necesitamos su respuesta inmediata.,2025-07-08T20:05:05.327757,null,-1,1,SPAM,v1.0
425dccdb-4643-42b5-8831-798307529be3,user759@example.com,Subject 2197,Free money!!! Just click <b>&nbsp;this link&nbsp;</b>,1748135105,Urgent!,None,0,Legit,v1.0
ffd71993-759a-418a-80ec-cc32f60522b5,user242@example.com,Subject 2198,Meeting at 5pm? Let me know.,1775869505,null,0,100,Legit,v1.0
4fdffbe6-59bf-4d32-b91b-08aa9c823b45,user312@example.com,Subject 2199,"Bonjour, voici les documents demandés.",2026-04-20T20:05:05.327772,High,1,5,0,v1.0
88d5d2ff-9a5f-418d-88d6-64dc73854f42,user974@example.com,Subject 2200,"Cheap meds, no prescription needed!!!",1751331905,Urgent!,2,100,Legit,v1.0
23f0ac72-f23f-4633-9a48-0a756f159d5f,user812@example.com,Subject 2201,"Cheap meds, no prescription needed!!!",13-10-2025,High,0,1,Ham,v1.0
f68d16b8-a20b-4b92-9237-9fd20652d925,user118@example.com,Subject 2202,Your account has been suspended. Please login to verify.,2025-06-05T20:05:05.327787,N/A,-1,10,Legit,v1.0
f411a114-55ff-499e-982f-d04581037cdf,user486@example.com,Subject 2203,How have you been? It has been a long time.,2026-02-19T20:05:05.327792,null,0,5,1,v1.0
b98639a4-08ca-4c36-a369-48e042ea2f32,user995@example.com,Subject 2204,Your account has been suspended. Please login to verify.,1768874705,High,1,0,Ham,v1.0
4b177826-8f4e-4654-99fd-5f7ecc85081a,user396@example.com,Subject 2205,WINNER! Claim your prize now at <a href='http://malware.com'>here</a>,2025-05-06T20:05:05.327800,N/A,2,100,0,v1.0
7402e770-9449-4c6e-b13b-a36b112b81c3,user368@example.com,Subject 2206,"<div>WINNER! Claim your prize now at <a href='http://malware.com'>here</a></div><br><p>Best regards,</p>",04-05-2025,Low,1,1,ham,v1.0
03f2f27d-76b0-41cf-adc3-bc92aa92a0a2,user158@example.com,Subject 2207,How have you been? It has been a long time.,05/05/2025,Medium,0,5,ham,v1.0
267f484f-8495-4cae-9abb-e3c7ae039909,user402@example.com,Subject 2208,Attached is the invoice for last month.,07-02-2026,null,None,100,Legit,v1.0
2748c851-742a-461b-87e7-e56cdf013ca8,user52@example.com,Subject 2209,"<div>Meeting at 5pm? Let me know.</div><br><p>Best regards,</p>",06/28/2025,Urgent!,1,0,SPAM,v1.0
c328f777-cfcd-4cb4-a9ce-e1c7f5876498,user433@example.com,Subject 2210,Meeting at 5pm? Let me know.,2025-07-31T20:05:05.327826,Urgent!,None,0,SPAM,v1.0
b97b28e1-e754-4596-a7cf-5c65d8c14abc,user683@example.com,Subject 2211,"Bonjour, voici les documents demandés.",04/03/2026,N/A,2,1,1,v1.0
de85cfc4-a23e-47fb-bb6c-2d625fbecbb7,user430@example.com,Subject 2212,"<div>WINNER! Claim your prize now at <a href='http://malware.com'>here</a></div><br><p>Best regards,</p>",2025-12-29T20:05:05.327836,null,2,1,SPAM,v1.0
596b60e9-4f1e-41da-a90e-037a5fedca65,user636@example.com,Subject 2213,"<div>Hello, we are interested in your profile.</div><br><p>Best regards,</p>",2025-08-11T20:05:05.327840,Urgent!,1,10,1,v1.0
5e7824d8-4add-4bf1-a8c6-c88878d93d15,user351@example.com,Subject 2214,Meeting at 5pm? Let me know.,2025-06-29T20:05:05.327845,null,2,100,1,v1.0
7f85d767-c512-4c1f-b077-0532d81ca1a5,user686@example.com,Subject 2215,¡Urgente! Necesitamos su respuesta inmediata.,2026-01-30T20:05:05.327849,N/A,None,5,SPAM,v1.0
7975858b-6aef-4d24-a5a2-9c62ea354b2f,user453@example.com,Subject 2216,"Bonjour, voici les documents demandés.",17-10-2025,N/A,0,5,1,v1.0
c0803734-a378-4870-ac9d-cbc60db8b04b,user128@example.com,Subject 2217,"<div>Your account has been suspended. Please login to verify.</div><br><p>Best regards,</p>",27-06-2025,Urgent!,0,0,0,v1.0
e2b26087-72be-4d8d-bab1-9ce39a02b9aa,user541@example.com,Subject 2218,WINNER! Claim your prize now at <a href='http://malware.com'>here</a>,2026-03-16T20:05:05.327865,Low,-1,100,Ham,v1.0
69f41e59-1582-4d1d-bcd6-2356aa81004f,user453@example.com,Subject 2219,"<div>How have you been? It has been a long time.</div><br><p>Best regards,</p>",2026-04-14T20:05:05.327870,Low,0,0,SPAM,v1.0
ec2b01cb-6686-42dd-8e13-a8dc45c28aaa,user186@example.com,Subject 2220,"<div>How have you been? It has been a long time.</div><br><p>Best regards,</p>",14-07-2025,null,-1,5,0,v1.0
63fbb55c-5e50-4f9b-b39c-c900bef23ad8,user458@example.com,Subject 2221,"Bonjour, voici les documents demandés.",03/06/2026,Urgent!,null,0,spam,v1.0
e4254d62-f118-4d51-8fc2-91cd6482af80,user731@example.com,Subject 2222,"<div>Bonjour, voici les documents demandés.</div><br><p>Best regards,</p>",1765764305,null,1,10,Ham,v1.0
84388f1b-d769-4cad-96b1-c8681d02aa1d,user554@example.com,Subject 2223,¡Urgente! Necesitamos su respuesta inmediata.,19-12-2025,Medium,2,10,1,v1.0
d11562c0-16a9-4464-a97d-0c9999858381,user73@example.com,Subject 2224,How have you been? It has been a long time.,1771812305,High,1,10,Ham,v1.0
38fedde4-fffc-472c-9b1c-70caf5d4a9ec,user559@example.com,Subject 2225,Your account has been suspended. Please login to verify.,05/09/2025,Medium,None,1,s_p_a_m,v1.0
ca46eb7f-20d7-47cd-835f-ab2f47b87b4b,user968@example.com,Subject 2226,"Hello, we are interested in your profile.",1775696705,Urgent!,null,1,spam,v1.0
ab6f053f-88cc-49ae-9e95-a8f1e569e777,user241@example.com,Subject 2227,"<div>Bonjour, voici les documents demandés.</div><br><p>Best regards,</p>",09/02/2025,High,null,100,s_p_a_m,v1.0
dffb9f47-3b99-4aac-8e4d-e495db842a8a,user380@example.com,Subject 2228,"<div>Meeting at 5pm? Let me know.</div><br><p>Best regards,</p>",2025-09-15T20:05:05.327914,Low,-1,0,1,v1.0
8d049b38-26e3-4051-8995-ab345a6a7f70,user898@example.com,Subject 2229,Free money!!! Just click <b>&nbsp;this link&nbsp;</b>,07/20/2025,Low,-1,100,0,v1.0
114ef59d-bd30-4cf8-9930-a3337b845e14,user210@example.com,Subject 2230,Attached is the invoice for last month.,2026-01-10T20:05:05.327924,Urgent!,null,1,0,v1.0
d35dc457-8d0a-41f8-ab0d-accdc4f8ac2e,user336@example.com,Subject 2231,Free money!!! Just click <b>&nbsp;this link&nbsp;</b>,2026-04-15T20:05:05.327928,N/A,-1,0,spam,v1.0
0de11332-1e66-4f19-9fb2-b029eeb0c430,user306@example.com,Subject 2232,"Cheap meds, no prescription needed!!!",2026-04-27T20:05:05.327933,Urgent!,1,10,Legit,v1.0
0a0fbeeb-f2da-43c5-808e-b0ab73f0cee4,user638@example.com,Subject 2233,"Hello, we are interested in your profile.",1769565905,High,None,5,spam,v1.0
38c490d7-9b27-4743-99a4-4983e48e19e8,user659@example.com,Subject 2234,"<div>Your account has been suspended. Please login to verify.</div><br><p>Best regards,</p>",04/26/2026,Low,null,100,Ham,v1.0
305a118a-8dbd-4681-a0a1-c80bcd378e0c,user721@example.com,Subject 2235,"<div>¡Urgente! Necesitamos su respuesta inmediata.</div><br><p>Best regards,</p>",2025-10-05T20:05:05.327946,Medium,-1,10,SPAM,v1.0
5e0f4b5b-14f1-4860-9347-5ddd154a5c33,user376@example.com,Subject 2236,How have you been? It has been a long time.,05/08/2025,Medium,0,0,ham,v1.0
654c7e4d-96cc-49a9-b854-54c7472de8e1,user586@example.com,Subject 2237,¡Urgente! Necesitamos su respuesta inmediata.,12/11/2025,null,None,100,spam,v1.0
a78536f7-2645-47fe-b845-b847a52ab45c,user567@example.com,Subject 2238,WINNER! Claim your prize now at <a href='http://malware.com'>here</a>,2025-09-20T20:05:05.327963,Medium,None,100,Ham,v1.0
6cb9afd1-4c91-4b25-b396-cbca367c697e,user898@example.com,Subject 2239,Your account has been suspended. Please login to verify.,04-11-2025,Medium,2,100,SPAM,v1.0
b772d5d5-3fc1-44cb-8a87-9997f608b580,user168@example.com,Subject 2240,"Cheap meds, no prescription needed!!!",2025-10-09T20:05:05.327973,Medium,null,1,Legit,v1.0
b3842772-de6c-4397-8749-546c50617f58,user407@example.com,Subject 2241,"<div>Hello, we are interested in your profile.</div><br><p>Best regards,</p>",1777251905,null,0,100,s_p_a_m,v1.0
a7795f4d-8bfe-4d3d-9569-26df82a97e5d,user245@example.com,Subject 2242,Free money!!! Just click <b>&nbsp;this link&nbsp;</b>,02-08-2025,null,None,5,0,v1.0
46f33bd0-e8af-453f-99e4-218178715765,user115@example.com,Subject 2243,"<div>WINNER! Claim your prize now at <a href='http://malware.com'>here</a></div><br><p>Best regards,</p>",2026-04-27T20:05:05.327987,Low,null,5,s_p_a_m,v1.0
32753a2a-a637-4956-ae3c-5560f53cd8c7,user946@example.com,Subject 2244,How have you been? It has been a long time.,25-11-2025,null,2,10,Legit,v1.0
6db348d9-44b1-4cbf-bdae-f36e7d97dae2,user835@example.com,Subject 2245,"Cheap meds, no prescription needed!!!",05/12/2025,Low,0,100,Legit,v1.0
a77b13c9-6a57-4c06-8f56-0d71966898d2,user583@example.com,Subject 2246,Meeting at 5pm? Let me know.,09-06-2025,N/A,-1,10,s_p_a_m,v1.0
d3a980fc-65b5-433b-92b9-bea2aa28a909,user580@example.com,Subject 2247,¡Urgente! Necesitamos su respuesta inmediata.,2025-11-21T20:05:05.328007,Urgent!,null,10,s_p_a_m,v1.0
750ae141-2be4-4c8b-999b-e2a7504046da,user721@example.com,Subject 2248,WINNER! Claim your prize now at <a href='http://malware.com'>here</a>,09-02-2026,High,2,10,Legit,v1.0
5da019cb-f7ef-4e6e-8a95-7176da92b4d2,user753@example.com,Subject 2249,"Cheap meds, no prescription needed!!!",11-07-2025,Low,-1,1,SPAM,v1.0
883b8d58-de23-4c46-9442-700cdbae335c,user475@example.com,Subject 2250,Free money!!! Just click <b>&nbsp;this link&nbsp;</b>,2025-09-25T20:05:05.328022,Medium,2,100,Legit,v1.0
d0c4ae41-e4d2-4988-8be8-44cbaad46b23,user535@example.com,Subject 2251,Attached is the invoice for last month.,04/07/2026,Medium,None,100,spam,v1.0
3e9b4ca9-d440-4ef1-bb4b-f146a38f69e8,user65@example.com,Subject 2252,How have you been? It has been a long time.,2025-10-24T20:05:05.328031,N/A,1,1,SPAM,v1.0
794c9d43-0d75-4a5b-b9ff-36dc9f237edb,user414@example.com,Subject 2253,"<div>Meeting at 5pm? Let me know.</div><br><p>Best regards,</p>",11/04/2025,null,null,10,SPAM,v1.0
8ba19bea-7dbf-4da8-8575-ab7be7f6e0bb,user590@example.com,Subject 2254,"Bonjour, voici les documents demandés.",19-03-2026,Low,2,1,SPAM,v1.0
70456fb4-c17d-4cbd-b65b-d61c2a2a0ad9,user260@example.com,Subject 2255,Attached is the invoice for last month.,03/14/2026,Low,1,0,Legit,v1.0
453148b6-6374-4a64-816b-6a400767afaa,user564@example.com,Subject 2256,Attached is the invoice for last month.,2026-04-06T20:05:05.328052,High,2,10,0,v1.0
3dae1583-cfdc-454b-ad7b-28bc805b3fc8,user202@example.com,Subject 2257,"Bonjour, voici les documents demandés.",03/20/2026,N/A,2,10,1,v1.0
f571fbcd-4c56-471e-a1a5-bf28a9d55111,user273@example.com,Subject 2258,"<div>¡Urgente! Necesitamos su respuesta inmediata.</div><br><p>Best regards,</p>",1758675905,null,null,5,SPAM,v1.0
f09c73be-6510-4bcf-bc9f-43b9cdd87de2,user657@example.com,Subject 2259,Attached is the invoice for last month.,27-04-2026,Medium,-1,5,Ham,v1.0
97ebb4f2-cc54-4606-8137-0f78d10a142d,user91@example.com,Subject 2260,"<div>Meeting at 5pm? Let me know.</div><br><p>Best regards,</p>",04/28/2026,High,0,5,1,v1.0
1dbae77f-f260-4dda-beaf-2253454f6e2b,user88@example.com,Subject 2261,Your account has been suspended. Please login to verify.,06/26/2025,N/A,null,5,Ham,v1.0
75a80a91-c51c-4666-9412-065359e8dbaa,user882@example.com,Subject 2262,"<div>How have you been? It has been a long time.</div><br><p>Best regards,</p>",01/29/2026,null,1,10,SPAM,v1.0
3499c976-ac90-446f-8e04-456804f55dc6,user968@example.com,Subject 2263,"Cheap meds, no prescription needed!!!",12-01-2026,Medium,None,5,0,v1.0
b23c2733-7474-4ccb-a6c1-0c90de57bba2,user724@example.com,Subject 2264,"<div>Bonjour, voici les documents demandés.</div><br><p>Best regards,</p>",02/18/2026,Urgent!,-1,100,s_p_a_m,v1.0
1cb4cf5e-3811-43a0-ae8d-68cba317fe2d,user421@example.com,Subject 2265,How have you been? It has been a long time.,2025-08-25T20:05:05.328098,High,1,0,ham,v1.0
498215f6-b02d-43e7-8711-d6c80d3174c9,user759@example.com,Subject 2266,Your account has been suspended. Please login to verify.,2026-02-26T20:05:05.328102,Urgent!,2,0,s_p_a_m,v1.0
a9eb6e93-8fac-4581-b4d2-4589deac0040,user188@example.com,Subject 2267,How have you been? It has been a long time.,02-01-2026,Low,None,10,s_p_a_m,v1.0
62962fb9-dd3e-4187-843d-990fabec571d,user963@example.com,Subject 2268,Meeting at 5pm? Let me know.,12/10/2025,Low,2,5,Legit,v1.0
87ec54f7-4a62-4744-b36f-3b049fd46603,user84@example.com,Subject 2269,"<div>Cheap meds, no prescription needed!!!</div><br><p>Best regards,</p>",08/21/2025,High,0,1,ham,v1.0
ed0a1822-8da9-465c-ab80-505906abcde5,user616@example.com,Subject 2270,"Cheap meds, no prescription needed!!!",1755738305,High,-1,0,Ham,v1.0
3b45347f-9fbd-4301-9a32-afdc41439d8c,user886@example.com,Subject 2271,"<div>¡Urgente! Necesitamos su respuesta inmediata.</div><br><p>Best regards,</p>",06/26/2025,Low,2,0,ham,v1.0
e2dabdb6-7293-4cc4-b2ce-9540c85c4c34,user695@example.com,Subject 2272,¡Urgente! Necesitamos su respuesta inmediata.,1749517505,null,1,10,0,v1.0
5c60ef0a-5817-44ff-92cc-61d2a1302f18,user18@example.com,Subject 2273,How have you been? It has been a long time.,1756861505,N/A,null,100,1,v1.0
193c481e-fe28-4bf5-a60e-25664dc10e5e,user461@example.com,Subject 2274,Free money!!! Just click <b>&nbsp;this link&nbsp;</b>,08/31/2025,High,2,10,1,v1.0
edd46738-d446-490a-9755-853c6e27aa9a,user152@example.com,Subject 2275,"<div>Your account has been suspended. Please login to verify.</div><br><p>Best regards,</p>",2025-12-25T20:05:05.328147,N/A,2,100,SPAM,v1.0
6e100454-ed2b-462a-96ad-7f1e7530acb4,user669@example.com,Subject 2276,"<div>Meeting at 5pm? Let me know.</div><br><p>Best regards,</p>",2025-05-12T20:05:05.328152,High,-1,100,1,v1.0
7f9ff846-a174-4b58-887f-14fdc858e755,user787@example.com,Subject 2277,"<div>Your account has been suspended. Please login to verify.</div><br><p>Best regards,</p>",25-05-2025,null,2,1,1,v1.0
ef1d527f-67ca-4899-8b8a-5ce05f0ace2f,user986@example.com,Subject 2278,Attached is the invoice for last month.,2025-06-05T20:05:05.328162,N/A,1,5,Legit,v1.0
62fdfccd-eb7b-4759-b14c-309e1c59a444,user839@example.com,Subject 2279,"Hello, we are interested in your profile.",29-01-2026,Medium,1,5,0,v1.0
b931f3ce-3b4f-47a3-ad4d-df9e686003bb,user730@example.com,Subject 2280,"<div>How have you been? It has been a long time.</div><br><p>Best regards,</p>",1768874705,null,-1,1,ham,v1.0
ed71b885-4a38-4810-bef8-d4c213c4edec,user207@example.com,Subject 2281,"<div>Meeting at 5pm? Let me know.</div><br><p>Best regards,</p>",04/15/2026,null,null,10,Legit,v1.0
6bc397e2-207a-4c47-8f24-35d52596246f,user398@example.com,Subject 2282,WINNER! Claim your prize now at <a href='http://malware.com'>here</a>,02-08-2025,Low,0,1,s_p_a_m,v1.0
7ab6dd2a-6b0e-4659-912c-c23462353b92,user788@example.com,Subject 2283,"<div>Cheap meds, no prescription needed!!!</div><br><p>Best regards,</p>",21-10-2025,Low,-1,100,ham,v1.0
f03d0945-bddc-48df-992e-93d7a3c4ee89,user554@example.com,Subject 2284,"Cheap meds, no prescription needed!!!",1760403905,N/A,0,100,s_p_a_m,v1.0
c336785a-d7f1-4581-afbf-af3bdb1ed4a8,user904@example.com,Subject 2285,"<div>Attached is the invoice for last month.</div><br><p>Best regards,</p>",10-03-2026,High,null,1,0,v1.0
4a9a4b29-abe0-49aa-a666-cd3c764c836f,user973@example.com,Subject 2286,"<div>Hello, we are interested in your profile.</div><br><p>Best regards,</p>",30-12-2025,N/A,0,1,1,v1.0
6e5c57fa-d527-4c13-9307-89047bade3d5,user776@example.com,Subject 2287,WINNER! Claim your prize now at <a href='http://malware.com'>here</a>,2025-06-01T20:05:05.328269,Low,null,1,SPAM,v1.0
07044909-0828-4449-998f-dac31d1d1d3b,user358@example.com,Subject 2288,Meeting at 5pm? Let me know.,1776819905,N/A,None,1,1,v1.0
8270d6f4-f217-47d2-93cb-06ea670ecb46,user444@example.com,Subject 2289,"<div>How have you been? It has been a long time.</div><br><p>Best regards,</p>",1755738305,N/A,2,10,ham,v1.0
7c2ff2fd-301a-4850-aaa0-3774732f22f2,user387@example.com,Subject 2290,"<div>¡Urgente! Necesitamos su respuesta inmediata.</div><br><p>Best regards,</p>",1754874305,Low,null,0,s_p_a_m,v1.0
fc36b926-8a13-457d-af7e-d871975e1e5e,user676@example.com,Subject 2291,Your account has been suspended. Please login to verify.,10-09-2025,High,2,100,Legit,v1.0
9c0d7660-4ea6-43ca-aa89-95bd18fcba6d,user80@example.com,Subject 2292,¡Urgente! Necesitamos su respuesta inmediata.,16-05-2025,High,0,0,Legit,v1.0
6b4fdad9-05e2-43fb-96fd-499e0006254f,user524@example.com,Subject 2293,"Bonjour, voici les documents demandés.",1766887505,Medium,null,5,0,v1.0
2807874c-58bc-460f-ab12-e3f68e099c22,user678@example.com,Subject 2294,Meeting at 5pm? Let me know.,07/18/2025,Low,0,100,SPAM,v1.0
45934235-6f33-467e-801b-ecdaa0f264e6,user450@example.com,Subject 2295,Meeting at 5pm? Let me know.,20-10-2025,N/A,1,100,SPAM,v1.0
c6457978-af34-482e-a060-819a3ab59a17,user349@example.com,Subject 2296,"Bonjour, voici les documents demandés.",26-02-2026,High,None,100,ham,v1.0
6e11a0a9-b439-4637-99b8-14117d81c2fb,user603@example.com,Subject 2297,Meeting at 5pm? Let me know.,11/26/2025,Urgent!,None,100,ham,v1.0
4f983169-d578-42d7-90a9-3ad143b28d71,user385@example.com,Subject 2298,Free money!!! Just click <b>&nbsp;this link&nbsp;</b>,2026-01-31T20:05:05.328334,Low,2,100,1,v1.0
c4bd4ec0-45c8-49dd-83a1-5d8dd0e4e439,user40@example.com,Subject 2299,How have you been? It has been a long time.,2026-03-26T20:05:05.328339,Urgent!,1,0,SPAM,v1.0
fe89ae9f-89c0-4ca5-986b-a3b53adf5058,user538@example.com,Subject 2300,"<div>Your account has been suspended. Please login to verify.</div><br><p>Best regards,</p>",19-11-2025,N/A,None,5,SPAM,v1.0
d3442a2c-bac4-4e32-b707-a4f6e2d18259,user765@example.com,Subject 2301,Meeting at 5pm? Let me know.,08/08/2025,Low,None,100,1,v1.0
b7c2e455-4100-4f8a-9d53-fd1e679d2d54,user112@example.com,Subject 2302,"<div>How have you been? It has been a long time.</div><br><p>Best regards,</p>",1776647105,High,1,5,1,v1.0
04a83905-af74-44eb-b384-c884b62918e4,user736@example.com,Subject 2303,Meeting at 5pm? Let me know.,2025-06-10T20:05:05.328358,Urgent!,2,5,Ham,v1.0
d3d90fff-1f47-427a-b3de-3dc1e53e7ef9,user334@example.com,Subject 2304,"Cheap meds, no prescription needed!!!",17-05-2025,Low,0,1,Legit,v1.0
9586c6d0-04a8-4060-97d2-ed89de35a842,user817@example.com,Subject 2305,"<div>WINNER! Claim your prize now at <a href='http://malware.com'>here</a></div><br><p>Best regards,</p>",01-12-2025,High,0,1,Legit,v1.0
c6af8ddf-5cc1-465f-b44d-32a4d1d0d50d,user516@example.com,Subject 2306,"<div>WINNER! Claim your prize now at <a href='http://malware.com'>here</a></div><br><p>Best regards,</p>",02-05-2025,Medium,1,10,Legit,v1.0
43b7fd94-96e8-40cd-9adc-94ebb7328999,user286@example.com,Subject 2307,"Hello, we are interested in your profile.",1765159505,Urgent!,-1,0,s_p_a_m,v1.0
2af05e08-69cc-4eb8-9f56-490739bfb7b3,user548@example.com,Subject 2308,Attached is the invoice for last month.,2025-08-26T20:05:05.328385,null,None,5,Ham,v1.0
dc8fd6ad-b824-4845-966c-7bee96e1484f,user230@example.com,Subject 2309,"<div>Free money!!! Just click <b>&nbsp;this link&nbsp;</b></div><br><p>Best regards,</p>",02/18/2026,null,None,5,spam,v1.0
7507498b-262e-4d09-ad80-ed29950f094c,user307@example.com,Subject 2310,¡Urgente! Necesitamos su respuesta inmediata.,1773277505,High,0,10,Ham,v1.0
325a6634-fbff-41e4-8cb6-db507b8373bb,user425@example.com,Subject 2311,"<div>Bonjour, voici les documents demandés.</div><br><p>Best regards,</p>",1768097105,Medium,1,100,SPAM,v1.0
bb347a7e-a10a-43c7-80c0-f4ad69f7bb06,user550@example.com,Subject 2312,Attached is the invoice for last month.,2025-10-21T20:05:05.328403,null,null,10,Ham,v1.0
1bbe321c-7d19-4354-bff5-9b13e9af9656,user729@example.com,Subject 2313,Your account has been suspended. Please login to verify.,11-09-2025,Medium,-1,100,SPAM,v1.0
c19bd57a-2c5e-434a-afcc-73d48d4d6452,user248@example.com,Subject 2314,"<div>¡Urgente! Necesitamos su respuesta inmediata.</div><br><p>Best regards,</p>",2025-08-31T20:05:05.328413,N/A,-1,0,Ham,v1.0
6c4374ea-9414-464a-9b06-5f78bddb25ee,user852@example.com,Subject 2315,"<div>Your account has been suspended. Please login to verify.</div><br><p>Best regards,</p>",1760403905,Medium,-1,100,s_p_a_m,v1.0
54080e81-35a5-4026-92b8-939a6a67e28e,user792@example.com,Subject 2316,WINNER! Claim your prize now at <a href='http://malware.com'>here</a>,2026-02-26T20:05:05.328422,null,1,0,s_p_a_m,v1.0
7c84a31c-804e-4a0d-beca-b64ab4389ff4,user501@example.com,Subject 2317,"<div>Attached is the invoice for last month.</div><br><p>Best regards,</p>",07/26/2025,Urgent!,0,100,0,v1.0
0793514b-7d35-4bd6-a52d-d5d2c378229c,user342@example.com,Subject 2318,Your account has been suspended. Please login to verify.,2025-06-09T20:05:05.328432,Medium,2,0,0,v1.0
4d4780c0-b951-4401-8d29-1001e16eb95c,user62@example.com,Subject 2319,How have you been? It has been a long time.,2025-05-26T20:05:05.328437,Low,0,1,Legit,v1.0
8718bb5d-057b-460e-aaee-c766cbcd6678,user424@example.com,Subject 2320,Free money!!! Just click <b>&nbsp;this link&nbsp;</b>,1759971905,null,1,0,Ham,v1.0
4a5f5ffb-3560-4485-9469-05092e665179,user875@example.com,Subject 2321,Your account has been suspended. Please login to verify.,1766973905,High,0,1,SPAM,v1.0
0f633a99-cd1e-4263-bdec-36b6f544c9e0,user287@example.com,Subject 2322,Meeting at 5pm? Let me know.,16-03-2026,N/A,-1,10,ham,v1.0
3e71857c-2eaa-4e60-b79e-fd2e9a136b97,user889@example.com,Subject 2323,Attached is the invoice for last month.,1772417105,null,0,0,0,v1.0
21da79fe-539b-4b35-b67c-c82672c8df1b,user495@example.com,Subject 2324,"Bonjour, voici les documents demandés.",20-10-2025,null,-1,1,1,v1.0
9b1a969a-7655-447d-84ad-7950cfcf038e,user615@example.com,Subject 2325,"<div>WINNER! Claim your prize now at <a href='http://malware.com'>here</a></div><br><p>Best regards,</p>",15-05-2025,null,null,1,SPAM,v1.0
9e4ee13e-9f9e-40ef-9391-679594a2140b,user961@example.com,Subject 2326,"<div>Cheap meds, no prescription needed!!!</div><br><p>Best regards,</p>",2026-03-20T20:05:05.328471,Low,-1,5,Legit,v1.0
f24b2951-7360-40cc-9f42-f9b71b7476ac,user990@example.com,Subject 2327,"<div>How have you been? It has been a long time.</div><br><p>Best regards,</p>",16-03-2026,Medium,null,5,spam,v1.0
b48d3c94-c26c-4393-84bc-c402e7a3c940,user200@example.com,Subject 2328,"<div>WINNER! Claim your prize now at <a href='http://malware.com'>here</a></div><br><p>Best regards,</p>",2025-08-09T20:05:05.328481,Medium,2,10,spam,v1.0
68fdadc7-d3e0-49ab-8d50-2dbabf6f5621,user154@example.com,Subject 2329,"Hello, we are interested in your profile.",1759367105,Low,1,0,Ham,v1.0
75369ee8-3136-4f5d-b7bb-abdfe1158b42,user597@example.com,Subject 2330,Attached is the invoice for last month.,03/24/2026,Medium,2,100,Ham,v1.0
fb653a13-b25f-4e8f-b096-658492fb98b5,user897@example.com,Subject 2331,WINNER! Claim your prize now at <a href='http://malware.com'>here</a>,1764036305,null,None,5,s_p_a_m,v1.0
1eafc4f5-98b8-40d7-9398-e73c468ac17e,user476@example.com,Subject 2332,"<div>Free money!!! Just click <b>&nbsp;this link&nbsp;</b></div><br><p>Best regards,</p>",2026-03-15T20:05:05.328501,N/A,1,5,ham,v1.0
6775399d-9198-43ff-9578-b178ffdaf95f,user973@example.com,Subject 2333,Free money!!! Just click <b>&nbsp;this link&nbsp;</b>,05/25/2025,null,2,0,spam,v1.0
14da11a3-9e3a-4a55-bd7c-f647c9501c26,user558@example.com,Subject 2334,¡Urgente! Necesitamos su respuesta inmediata.,04-01-2026,Medium,None,1,Legit,v1.0
3d53e5fb-6b6a-4c29-ad68-81393e11c3e7,user874@example.com,Subject 2335,Attached is the invoice for last month.,2025-08-26T20:05:05.328516,N/A,null,1,0,v1.0
ab5cc935-2b80-4377-8030-e0141442c508,user566@example.com,Subject 2336,¡Urgente! Necesitamos su respuesta inmediata.,02/18/2026,Medium,null,0,spam,v1.0
15631adc-79c2-4d5b-a94d-73e3933cd45d,user564@example.com,Subject 2337,"<div>Your account has been suspended. Please login to verify.</div><br><p>Best regards,</p>",1762045505,Urgent!,0,10,spam,v1.0
7314549f-5b3f-4a19-8c86-64c7287d34c5,user528@example.com,Subject 2338,"Cheap meds, no prescription needed!!!",08-09-2025,Low,0,1,0,v1.0
0cc16234-420f-40cf-9768-6b249a4ebaba,user911@example.com,Subject 2339,"Cheap meds, no prescription needed!!!",10/15/2025,N/A,0,10,SPAM,v1.0
dfe1d450-54a2-4bac-af4e-3d7d4fc1f99a,user687@example.com,Subject 2340,Free money!!! Just click <b>&nbsp;this link&nbsp;</b>,2025-07-28T20:05:05.328542,Low,1,10,Legit,v1.0
a77102ed-6faa-4656-a888-b999d4a89b56,user557@example.com,Subject 2341,Free money!!! Just click <b>&nbsp;this link&nbsp;</b>,03/27/2026,Low,2,10,Ham,v1.0
f8dcbbb6-c576-4683-86f5-bf6dc909dbd4,user825@example.com,Subject 2342,"Hello, we are interested in your profile.",2025-11-15T20:05:05.328552,N/A,0,0,Legit,v1.0
b498a35d-de2e-44a6-a011-478ab2c13c13,user792@example.com,Subject 2343,"<div>Cheap meds, no prescription needed!!!</div><br><p>Best regards,</p>",07/17/2025,Medium,1,100,s_p_a_m,v1.0
8d8eacc9-0ac5-4970-914a-a33bbf2a85eb,user199@example.com,Subject 2344,Free money!!! Just click <b>&nbsp;this link&nbsp;</b>,05/21/2025,Urgent!,null,5,Ham,v1.0
0b953fbc-f9a0-4996-abf9-0c5467f23d10,user313@example.com,Subject 2345,"Hello, we are interested in your profile.",14-09-2025,High,2,1,0,v1.0
09c59c9c-ace4-4bf5-aa0a-a7f6dfa2ba2d,user796@example.com,Subject 2346,Meeting at 5pm? Let me know.,1757293505,Low,0,100,SPAM,v1.0
8bf3e039-6892-4f36-bfc2-28b89040f92b,user955@example.com,Subject 2347,Your account has been suspended. Please login to verify.,1759799105,N/A,1,0,ham,v1.0
ee9c5425-bf19-4574-8a75-fb7267cd6e88,user356@example.com,Subject 2348,"<div>How have you been? It has been a long time.</div><br><p>Best regards,</p>",2025-12-07T20:05:05.328580,Low,0,0,s_p_a_m,v1.0
84655150-e97f-448d-aa77-ed98ee4ed02e,user486@example.com,Subject 2349,Attached is the invoice for last month.,05-10-2025,Low,None,100,SPAM,v1.0
ff72cc04-c4d0-4703-a726-d1ad6f12f396,user16@example.com,Subject 2350,"Cheap meds, no prescription needed!!!",31-12-2025,Medium,-1,0,Legit,v1.0
96a563ec-3ca2-4b83-a09e-d826a8569b02,user416@example.com,Subject 2351,Meeting at 5pm? Let me know.,06/20/2025,N/A,None,1,ham,v1.0
9753a197-2282-43b4-a58c-0c9f08f334ab,user327@example.com,Subject 2352,WINNER! Claim your prize now at <a href='http://malware.com'>here</a>,22-04-2026,Low,0,100,0,v1.0
440074aa-31b9-4063-a5e8-7fb56cf19262,user642@example.com,Subject 2353,"<div>Your account has been suspended. Please login to verify.</div><br><p>Best regards,</p>",08/24/2025,Low,1,0,spam,v1.0
94cbcfaf-fa22-4d21-85c8-abe1b9956444,user753@example.com,Subject 2354,"<div>Hello, we are interested in your profile.</div><br><p>Best regards,</p>",09-02-2026,Medium,None,1,0,v1.0
930e739d-1ab6-46c6-8b5d-d7f2483b684f,user981@example.com,Subject 2355,"<div>Bonjour, voici les documents demandés.</div><br><p>Best regards,</p>",02/14/2026,Low,null,100,0,v1.0
dfd2e042-dc34-43f5-964f-4aceade5fcc7,user650@example.com,Subject 2356,¡Urgente! Necesitamos su respuesta inmediata.,03/22/2026,N/A,2,10,Legit,v1.0
4b6080e9-b966-4eab-9b22-33d554ed3e2a,user542@example.com,Subject 2357,¡Urgente! Necesitamos su respuesta inmediata.,2025-08-17T20:05:05.328628,Medium,null,10,SPAM,v1.0
cff3c675-ec03-4207-b06e-7199cdb62528,user861@example.com,Subject 2358,"<div>Cheap meds, no prescription needed!!!</div><br><p>Best regards,</p>",2025-09-08T20:05:05.328632,Low,None,100,s_p_a_m,v1.0
f2e0337e-cb8e-4e14-9a0c-c1373323fb23,user337@example.com,Subject 2359,Meeting at 5pm? Let me know.,24-03-2026,Low,None,1,1,v1.0
17f33faf-7734-4741-ab42-e7b86b21a94a,user946@example.com,Subject 2360,"<div>¡Urgente! Necesitamos su respuesta inmediata.</div><br><p>Best regards,</p>",1760058305,High,2,100,1,v1.0
0fcc5977-5aef-4ea2-9983-d27e9d894925,user964@example.com,Subject 2361,How have you been? It has been a long time.,10/24/2025,N/A,null,1,Legit,v1.0
bdbd5479-a675-4369-aed0-9bad71042eee,user347@example.com,Subject 2362,Attached is the invoice for last month.,2025-08-25T20:05:05.328651,Medium,null,100,0,v1.0
3c87fcae-f8d5-4bde-9849-e4e45d5c9a24,user364@example.com,Subject 2363,"<div>Cheap meds, no prescription needed!!!</div><br><p>Best regards,</p>",2025-09-04T20:05:05.328656,High,1,100,ham,v1.0
8cd29ccf-cd2f-4b5a-a47a-6d98c9b316c6,user988@example.com,Subject 2364,"<div>WINNER! Claim your prize now at <a href='http://malware.com'>here</a></div><br><p>Best regards,</p>",03/19/2026,N/A,null,1,ham,v1.0
c18107d1-6716-4bb0-a6c6-504ff6d10287,user199@example.com,Subject 2365,How have you been? It has been a long time.,2026-02-16T20:05:05.328665,N/A,2,5,ham,v1.0
d74ae638-f5f9-4d0c-94ac-f23662bde6ed,user117@example.com,Subject 2366,Free money!!! Just click <b>&nbsp;this link&nbsp;</b>,2025-05-11T20:05:05.328670,Low,2,100,Ham,v1.0
a4eefae1-9e33-4f50-a220-8c99827566bc,user883@example.com,Subject 2367,"<div>Meeting at 5pm? Let me know.</div><br><p>Best regards,</p>",2025-05-15T20:05:05.328674,Low,1,5,0,v1.0
0b38fe7c-802d-400c-bd7a-76b1ba3cec8f,user183@example.com,Subject 2368,Meeting at 5pm? Let me know.,16-05-2025,N/A,null,10,0,v1.0
da78b0b0-098a-4d65-9c71-25c38a33cad4,user810@example.com,Subject 2369,How have you been? It has been a long time.,2025-11-27T20:05:05.328685,N/A,-1,5,1,v1.0
89b7621b-7725-4aee-90d3-ddd60421a7ad,user9@example.com,Subject 2370,"<div>Attached is the invoice for last month.</div><br><p>Best regards,</p>",09-06-2025,Urgent!,1,1,0,v1.0
327124d2-9b9e-4dcd-b639-d4274e6172e5,user956@example.com,Subject 2371,WINNER! Claim your prize now at <a href='http://malware.com'>here</a>,09/17/2025,Urgent!,null,100,spam,v1.0
462f187f-424f-4537-979b-681a51a4c7c6,user172@example.com,Subject 2372,How have you been? It has been a long time.,1754960705,Urgent!,None,1,s_p_a_m,v1.0
f3e2e0f1-7d31-43d5-bd96-bb4cea41a436,user31@example.com,Subject 2373,"<div>¡Urgente! Necesitamos su respuesta inmediata.</div><br><p>Best regards,</p>",08-09-2025,N/A,0,0,spam,v1.0
60cb0f7c-ff61-4a11-ab64-b5316794e9b8,user816@example.com,Subject 2374,"<div>Meeting at 5pm? Let me know.</div><br><p>Best regards,</p>",2026-02-28T20:05:05.328712,N/A,-1,5,0,v1.0
7018abbb-bd7c-41e4-acfd-bf54f9465fa2,user987@example.com,Subject 2375,¡Urgente! Necesitamos su respuesta inmediata.,14-09-2025,null,1,10,spam,v1.0
6bf1afa4-fe3d-4b34-8695-6029737c7379,user819@example.com,Subject 2376,Attached is the invoice for last month.,1771466705,null,-1,100,1,v1.0
f781c1f2-d3c1-4084-b564-763af58a9830,user127@example.com,Subject 2377,Attached is the invoice for last month.,13-05-2025,Medium,2,100,s_p_a_m,v1.0
d35e9ffe-e913-47dc-b7e9-0606a12640f8,user962@example.com,Subject 2378,"<div>Meeting at 5pm? Let me know.</div><br><p>Best regards,</p>",05/27/2025,Urgent!,1,10,1,v1.0
581de006-78f3-4f8f-8822-322a17766ff8,user604@example.com,Subject 2379,Meeting at 5pm? Let me know.,02/11/2026,N/A,1,100,Legit,v1.0
7c1ec52a-b75b-4311-9879-9fa096233461,user682@example.com,Subject 2380,Attached is the invoice for last month.,12/22/2025,Low,1,1,Legit,v1.0
ffe9f60d-7e9c-4cea-83f8-f8e571175942,user442@example.com,Subject 2381,"Hello, we are interested in your profile.",2025-07-11T20:05:05.328747,High,None,10,ham,v1.0
128b3c6f-9bc2-4c37-ad79-00d378d0ac25,user713@example.com,Subject 2382,"<div>Your account has been suspended. Please login to verify.</div><br><p>Best regards,</p>",1775178305,Urgent!,2,100,ham,v1.0
2e2a3589-6535-4f84-be40-d9a77ebcdd80,user859@example.com,Subject 2383,Meeting at 5pm? Let me know.,1774919105,Urgent!,-1,0,1,v1.0
c5e394e0-e6fb-4f1f-bb27-5facca03d1da,user105@example.com,Subject 2384,Attached is the invoice for last month.,1765073105,Medium,2,100,Ham,v1.0
6225cd9b-0647-45ea-af7b-37a792d50a6f,user951@example.com,Subject 2385,Meeting at 5pm? Let me know.,2025-09-27T20:05:05.328764,null,1,5,Legit,v1.0
0c0a29c6-0ff8-43b6-8295-5a7a36c0b696,user357@example.com,Subject 2386,Free money!!! Just click <b>&nbsp;this link&nbsp;</b>,2025-10-22T20:05:05.328769,N/A,1,10,SPAM,v1.0
a1938912-2152-431a-a4ac-0f39e4e18218,user490@example.com,Subject 2387,Meeting at 5pm? Let me know.,2025-04-30T20:05:05.328773,Low,null,0,SPAM,v1.0
f99611a9-68ea-4b68-bb6f-90310b766265,user635@example.com,Subject 2388,"Hello, we are interested in your profile.",1748653505,High,null,1,SPAM,v1.0
b58083ca-798f-44f4-ae80-9e738f8e66e9,user823@example.com,Subject 2389,"<div>¡Urgente! Necesitamos su respuesta inmediata.</div><br><p>Best regards,</p>",11-02-2026,Low,null,1,1,v1.0
df013580-6fce-4d19-9fa6-861c5c0c1e09,user770@example.com,Subject 2390,"<div>Attached is the invoice for last month.</div><br><p>Best regards,</p>",2025-07-15T20:05:05.328815,Medium,1,5,s_p_a_m,v1.0
4425e88e-ad8a-4bb8-b6d8-b671acc6273f,user375@example.com,Subject 2391,Free money!!! Just click <b>&nbsp;this link&nbsp;</b>,1769911505,High,1,0,spam,v1.0
93e5ba75-2210-4b92-9b87-5b14f485104e,user934@example.com,Subject 2392,"Hello, we are interested in your profile.",1763431505,Medium,1,5,0,v1.0
2523a8d8-6ae9-4a6e-b8ae-ffb4a9aeb463,user457@example.com,Subject 2393,"<div>WINNER! Claim your prize now at <a href='http://malware.com'>here</a></div><br><p>Best regards,</p>",2025-07-24T20:05:05.328843,High,0,100,SPAM,v1.0
84552e1a-45b6-426d-96a0-533bea1355f8,user21@example.com,Subject 2394,"Cheap meds, no prescription needed!!!",2026-04-09T20:05:05.328849,Low,1,1,Legit,v1.0
db568b8d-d61d-463a-8e59-5aa7ce504cfc,user794@example.com,Subject 2395,"<div>How have you been? It has been a long time.</div><br><p>Best regards,</p>",04/22/2026,Low,0,0,s_p_a_m,v1.0
64a44142-d8de-4311-9d3a-e9ae3f002075,user144@example.com,Subject 2396,WINNER! Claim your prize now at <a href='http://malware.com'>here</a>,10/11/2025,Medium,1,5,0,v1.0
b22d8b9d-60aa-459e-a6e0-ce9873625021,user318@example.com,Subject 2397,"<div>¡Urgente! Necesitamos su respuesta inmediata.</div><br><p>Best regards,</p>",2025-07-20T20:05:05.328870,Urgent!,-1,5,SPAM,v1.0
52661e8d-0c04-4e34-8540-9911fd64760f,user345@example.com,Subject 2398,"Hello, we are interested in your profile.",18-06-2025,N/A,-1,0,s_p_a_m,v1.0
655513bc-042d-4bed-a740-dbb4e5f379f3,user413@example.com,Subject 2399,WINNER! Claim your prize now at <a href='http://malware.com'>here</a>,24-08-2025,null,0,5,SPAM,v1.0
f883ac03-b2a1-478b-a07b-173a26e82052,user537@example.com,Subject 2400,Meeting at 5pm? Let me know.,23-07-2025,High,None,0,0,v1.0
d78fa04b-4ba0-42e3-9d2f-3e345f1f1a83,user620@example.com,Subject 2401,Your account has been suspended. Please login to verify.,1761872705,Low,0,0,Ham,v1.0
7dff40b2-a0f4-44e2-b070-413a25ab3b95,user683@example.com,Subject 2402,Attached is the invoice for last month.,12-03-2026,null,2,10,Ham,v1.0
b00d8c0c-144c-4753-80aa-e75e59c8bc66,user792@example.com,Subject 2403,¡Urgente! Necesitamos su respuesta inmediata.,2025-12-19T20:05:05.328901,N/A,null,1,Legit,v1.0
20714d2a-b758-4ba1-9b28-00c736f78005,user391@example.com,Subject 2404,"<div>How have you been? It has been a long time.</div><br><p>Best regards,</p>",1766196305,High,2,5,Ham,v1.0
9c3eb02c-ddaa-4886-ae4e-368f46203d51,user599@example.com,Subject 2405,How have you been? It has been a long time.,25-03-2026,Medium,-1,1,Legit,v1.0
f39f95cb-f7fe-49c1-8d31-91bb55f5748b,user792@example.com,Subject 2406,How have you been? It has been a long time.,2025-08-25T20:05:05.328914,Low,1,10,ham,v1.0
d894fdd4-df92-4dc8-9149-44b6ae465bd2,user859@example.com,Subject 2407,Free money!!! Just click <b>&nbsp;this link&nbsp;</b>,22-07-2025,N/A,2,1,1,v1.0
1b8978a9-12e0-4f55-a383-362be9bdb7d3,user511@example.com,Subject 2408,Your account has been suspended. Please login to verify.,1754528705,N/A,null,1,1,v1.0
36716145-b390-481c-95be-d6aef1228e36,user420@example.com,Subject 2409,Attached is the invoice for last month.,19-10-2025,N/A,-1,5,Legit,v1.0
7e2b68c0-70c3-48b7-a5d1-c749a81e1a04,user977@example.com,Subject 2410,WINNER! Claim your prize now at <a href='http://malware.com'>here</a>,1766887505,Urgent!,-1,0,1,v1.0
aa605ca3-d1d0-4311-9799-86de0f26dc98,user329@example.com,Subject 2411,"Cheap meds, no prescription needed!!!",1776647105,N/A,0,100,0,v1.0
7a00fadb-c8f8-41a5-b6d5-46b14508b7f8,user918@example.com,Subject 2412,"<div>Attached is the invoice for last month.</div><br><p>Best regards,</p>",04/22/2026,Medium,None,100,0,v1.0
c73fd9f3-95c6-4702-94e8-c6b80387b1e9,user687@example.com,Subject 2413,WINNER! Claim your prize now at <a href='http://malware.com'>here</a>,2025-12-18T20:05:05.328948,null,null,10,1,v1.0
9419fea3-7a77-4b43-b5c9-8d6fae8944b6,user767@example.com,Subject 2414,¡Urgente! Necesitamos su respuesta inmediata.,1746752705,null,null,10,ham,v1.0
b9d2f409-7175-472c-88b6-6470b3da8f9b,user596@example.com,Subject 2415,"<div>WINNER! Claim your prize now at <a href='http://malware.com'>here</a></div><br><p>Best regards,</p>",1772244305,Urgent!,null,10,Legit,v1.0
bb345065-8f29-4992-b055-bc2dd5f19f14,user847@example.com,Subject 2416,Free money!!! Just click <b>&nbsp;this link&nbsp;</b>,07-07-2025,N/A,2,0,1,v1.0
c546dbf7-aa93-4577-a76b-a3925daa3498,user459@example.com,Subject 2417,"Hello, we are interested in your profile.",1753837505,N/A,1,10,0,v1.0
d9e91343-0fd5-47f3-bb6f-0ec8b2867a63,user914@example.com,Subject 2418,WINNER! Claim your prize now at <a href='http://malware.com'>here</a>,1762913105,null,0,0,spam,v1.0
24e1318b-f5c1-4605-876d-bd4511d80cd8,user629@example.com,Subject 2419,Meeting at 5pm? Let me know.,1760058305,N/A,2,5,ham,v1.0
ee55dd39-9a67-4a03-9583-304bd19bb19a,user190@example.com,Subject 2420,"Cheap meds, no prescription needed!!!",27-05-2025,High,0,0,Legit,v1.0
e02e59f4-8da2-49d0-a421-06840bb9538d,user52@example.com,Subject 2421,"<div>Hello, we are interested in your profile.</div><br><p>Best regards,</p>",1773277505,Low,null,100,Legit,v1.0
618360b2-fb7f-47f4-a882-66c0aba2b624,user4@example.com,Subject 2422,WINNER! Claim your prize now at <a href='http://malware.com'>here</a>,1760058305,N/A,null,100,spam,v1.0
f9eca388-fe1f-4de9-b135-7782c0d6089c,user492@example.com,Subject 2423,Free money!!! Just click <b>&nbsp;this link&nbsp;</b>,2026-04-23T20:05:05.329062,Medium,-1,5,Legit,v1.0
aaae84c7-dbba-42f9-ad2d-7236427ebc93,user477@example.com,Subject 2424,How have you been? It has been a long time.,1747530305,N/A,0,10,Legit,v1.0
c9a5a92b-dcd9-43df-ba18-72a311e20865,user939@example.com,Subject 2425,"<div>WINNER! Claim your prize now at <a href='http://malware.com'>here</a></div><br><p>Best regards,</p>",2025-10-16T20:05:05.329077,High,0,10,spam,v1.0
9b52003e-2970-41b1-8829-c23cd99c86c3,user854@example.com,Subject 2426,Free money!!! Just click <b>&nbsp;this link&nbsp;</b>,10-12-2025,N/A,1,1,SPAM,v1.0
3c3b78fc-2a74-4cc6-9946-399116e74ad8,user283@example.com,Subject 2427,Your account has been suspended. Please login to verify.,10/21/2025,High,2,0,spam,v1.0
9612e45d-75eb-4713-b336-4d87adac214a,user471@example.com,Subject 2428,"<div>¡Urgente! Necesitamos su respuesta inmediata.</div><br><p>Best regards,</p>",07-07-2025,null,null,10,Legit,v1.0
3bf6eb7d-66e0-47ca-906c-503743771a96,user974@example.com,Subject 2429,Your account has been suspended. Please login to verify.,14-08-2025,High,1,100,1,v1.0
8c307995-de4f-4310-99ab-d286a9ca500d,user691@example.com,Subject 2430,Meeting at 5pm? Let me know.,2025-11-30T20:05:05.329104,N/A,2,100,0,v1.0
f8d2cda1-7472-4d45-ac21-08e5c0aa8822,user128@example.com,Subject 2431,Free money!!! Just click <b>&nbsp;this link&nbsp;</b>,2025-09-02T20:05:05.329109,High,1,10,Ham,v1.0
e5ca8103-0f1e-42b3-8493-50abf95eeb96,user898@example.com,Subject 2432,"Cheap meds, no prescription needed!!!",09/11/2025,null,2,10,Ham,v1.0
573ddacf-e351-4493-af3d-513650e2590c,user241@example.com,Subject 2433,Attached is the invoice for last month.,01-08-2025,High,-1,1,Legit,v1.0
d09f8121-a8bb-4b16-bf48-74e4731d4de5,user489@example.com,Subject 2434,"<div>Cheap meds, no prescription needed!!!</div><br><p>Best regards,</p>",1776301505,Low,None,1,SPAM,v1.0
12ac4d18-a1e8-4c7f-825d-7c198264a06d,user21@example.com,Subject 2435,"<div>Free money!!! Just click <b>&nbsp;this link&nbsp;</b></div><br><p>Best regards,</p>",1757120705,High,2,100,1,v1.0
147019ad-e9c6-46b9-9175-69ff87ab1bc9,user1@example.com,Subject 2436,"Cheap meds, no prescription needed!!!",2025-09-28T20:05:05.329133,Medium,None,5,0,v1.0
fd182026-dd3a-4e40-a80d-07850142ca79,user750@example.com,Subject 2437,Free money!!! Just click <b>&nbsp;this link&nbsp;</b>,06-05-2025,Medium,0,10,s_p_a_m,v1.0
366e378a-d35c-4e9a-ba16-9ec575ee5336,user440@example.com,Subject 2438,How have you been? It has been a long time.,08/07/2025,N/A,2,10,Ham,v1.0
24bbcc31-13d2-406a-9ce2-2cfff4af4b48,user931@example.com,Subject 2439,WINNER! Claim your prize now at <a href='http://malware.com'>here</a>,02/21/2026,Urgent!,2,0,Legit,v1.0
48e47f25-e327-466a-b90c-3d3ba24acbf6,user498@example.com,Subject 2440,"<div>Meeting at 5pm? Let me know.</div><br><p>Best regards,</p>",1768874705,N/A,2,1,s_p_a_m,v1.0
c8569945-d329-45b3-b381-76a0a19b6b64,user270@example.com,Subject 2441,"Bonjour, voici les documents demandés.",2025-10-14T20:05:05.329158,High,1,100,0,v1.0
a9eabd70-0333-43cd-94cc-552e1ec0bd10,user695@example.com,Subject 2442,"<div>Free money!!! Just click <b>&nbsp;this link&nbsp;</b></div><br><p>Best regards,</p>",1750295105,High,2,1,ham,v1.0
5f076b39-7ff2-44d7-929c-cf7ef2b608fb,user68@example.com,Subject 2443,"Hello, we are interested in your profile.",2025-11-28T20:05:05.329170,N/A,0,5,1,v1.0
5358484d-5058-4846-99da-ebf128d1cd68,user840@example.com,Subject 2444,WINNER! Claim your prize now at <a href='http://malware.com'>here</a>,04-03-2026,Low,0,1,ham,v1.0
351db7e5-b44b-4acb-93ff-9265489da9f6,user650@example.com,Subject 2445,"<div>Attached is the invoice for last month.</div><br><p>Best regards,</p>",16-05-2025,N/A,None,5,s_p_a_m,v1.0
7e1c22e2-2271-4113-be31-7a06f704c3ad,user916@example.com,Subject 2446,"<div>Free money!!! Just click <b>&nbsp;this link&nbsp;</b></div><br><p>Best regards,</p>",12-10-2025,N/A,1,0,Legit,v1.0
b9865dad-36d8-48bb-a0b3-9be83175acac,user769@example.com,Subject 2447,¡Urgente! Necesitamos su respuesta inmediata.,2026-01-20T20:05:05.329191,High,null,10,0,v1.0
4bb7aaf9-75f7-4fbc-97c7-7aacec5e8c98,user48@example.com,Subject 2448,"Bonjour, voici les documents demandés.",2025-08-03T20:05:05.329195,Low,-1,100,spam,v1.0
51931ba8-15bd-4c6d-90aa-f511cd0d07ad,user912@example.com,Subject 2449,Attached is the invoice for last month.,1768097105,N/A,2,0,s_p_a_m,v1.0
3e923c09-7a4f-457a-8644-c3947e882e5e,user193@example.com,Subject 2450,Your account has been suspended. Please login to verify.,03-04-2026,Medium,-1,10,ham,v1.0
8ffef032-45d0-41e9-a281-95ef3f6eb6b0,user85@example.com,Subject 2451,WINNER! Claim your prize now at <a href='http://malware.com'>here</a>,1759971905,Low,0,0,0,v1.0
e2ace4c4-9d19-4795-b8cb-cb3ecce82145,user663@example.com,Subject 2452,"Cheap meds, no prescription needed!!!",11/04/2025,Medium,0,10,1,v1.0
0db34501-ea55-4152-9ddb-f045e0da11d2,user80@example.com,Subject 2453,¡Urgente! Necesitamos su respuesta inmediata.,25-08-2025,High,0,0,SPAM,v1.0
3c4d0247-fa66-4922-9004-0fa925d7301b,user314@example.com,Subject 2454,"<div>Meeting at 5pm? Let me know.</div><br><p>Best regards,</p>",1753664705,Medium,-1,1,Legit,v1.0
1ce0ae3e-f245-42cb-b321-ce860605019a,user732@example.com,Subject 2455,"<div>Hello, we are interested in your profile.</div><br><p>Best regards,</p>",2025-10-16T20:05:05.329229,Medium,2,5,s_p_a_m,v1.0
50dd6b81-266c-4331-a739-eb285642b2a5,user546@example.com,Subject 2456,Your account has been suspended. Please login to verify.,28-11-2025,High,-1,100,0,v1.0
d1ebf70f-9a56-4949-9220-c2ed56d7f180,user885@example.com,Subject 2457,How have you been? It has been a long time.,10/12/2025,null,-1,5,s_p_a_m,v1.0
2ab4db99-f005-442b-83f2-64d048eeb681,user289@example.com,Subject 2458,Meeting at 5pm? Let me know.,07/31/2025,Medium,None,5,Ham,v1.0
289c4109-0b97-4240-907a-73980def9bdf,user501@example.com,Subject 2459,Free money!!! Just click <b>&nbsp;this link&nbsp;</b>,1765937105,Low,None,5,ham,v1.0
e6398197-a16e-46b0-b78d-858d815adcc8,user414@example.com,Subject 2460,Meeting at 5pm? Let me know.,2025-06-25T20:05:05.329255,Urgent!,None,0,1,v1.0
717719f5-b9bf-4292-9f5b-b810a6568025,user647@example.com,Subject 2461,"<div>How have you been? It has been a long time.</div><br><p>Best regards,</p>",25-11-2025,High,1,100,s_p_a_m,v1.0
753779e6-da26-4534-9a33-24625f285371,user162@example.com,Subject 2462,Free money!!! Just click <b>&nbsp;this link&nbsp;</b>,04/07/2026,N/A,1,100,spam,v1.0
ea6ccd93-2e49-492d-a023-9d885fa9c8df,user711@example.com,Subject 2463,WINNER! Claim your prize now at <a href='http://malware.com'>here</a>,12/31/2025,Urgent!,null,0,spam,v1.0
a6901734-903c-4fa9-a76f-ea336fef1962,user940@example.com,Subject 2464,Attached is the invoice for last month.,1775351105,null,-1,100,0,v1.0
4bbd0c98-d459-42b6-b9c6-6b75aae69b29,user716@example.com,Subject 2465,"Bonjour, voici les documents demandés.",14-03-2026,Urgent!,1,10,Ham,v1.0
7e369c4c-e05b-42df-9d2f-bcab0934e076,user643@example.com,Subject 2466,"<div>Bonjour, voici les documents demandés.</div><br><p>Best regards,</p>",1759367105,Low,-1,1,ham,v1.0
a3c97f17-96d8-41ca-b4e1-a598ed5cc2e4,user545@example.com,Subject 2467,Attached is the invoice for last month.,2025-12-28T20:05:05.329291,High,None,100,SPAM,v1.0
4230780d-0423-4417-9e35-82a61bbb1f54,user894@example.com,Subject 2468,"<div>Bonjour, voici les documents demandés.</div><br><p>Best regards,</p>",08-07-2025,Low,null,10,Legit,v1.0
8abcb9f7-0e3f-403e-b196-f2acfbd8797c,user267@example.com,Subject 2469,"<div>Hello, we are interested in your profile.</div><br><p>Best regards,</p>",21-03-2026,null,None,5,ham,v1.0
041a99e0-6bc5-492b-9680-57ef749bf0b3,user153@example.com,Subject 2470,Free money!!! Just click <b>&nbsp;this link&nbsp;</b>,2025-11-29T20:05:05.329306,High,1,100,0,v1.0
d5fb5aab-226c-495f-bd8e-6ceee968e7cb,user879@example.com,Subject 2471,¡Urgente! Necesitamos su respuesta inmediata.,1774487105,High,null,1,spam,v1.0
62bd44c3-fe76-420c-ae3c-0ead3a19a8db,user977@example.com,Subject 2472,"Hello, we are interested in your profile.",2025-09-11T20:05:05.329315,N/A,-1,5,1,v1.0
30f00be9-ac7d-4668-9afa-2430fcb62a00,user86@example.com,Subject 2473,WINNER! Claim your prize now at <a href='http://malware.com'>here</a>,15-10-2025,High,1,0,ham,v1.0
dc2d1ff8-6be6-4833-b305-911570ccb708,user507@example.com,Subject 2474,Attached is the invoice for last month.,08/19/2025,Medium,1,0,1,v1.0
716dc805-5a49-4cd6-9d8b-031a88115060,user621@example.com,Subject 2475,"<div>Meeting at 5pm? Let me know.</div><br><p>Best regards,</p>",1756861505,null,0,5,SPAM,v1.0
947b5e81-cdba-4fca-a9f6-7e0550726a2c,user61@example.com,Subject 2476,WINNER! Claim your prize now at <a href='http://malware.com'>here</a>,1750640705,null,-1,1,SPAM,v1.0
6e14c74a-f77d-4970-a627-f6a18ba23194,user746@example.com,Subject 2477,How have you been? It has been a long time.,2025-09-27T20:05:05.329339,Low,0,5,spam,v1.0
32342e8a-8a0d-4912-8512-ed43dc9d21f2,user382@example.com,Subject 2478,Free money!!! Just click <b>&nbsp;this link&nbsp;</b>,2026-02-22T20:05:05.329343,N/A,2,5,ham,v1.0
2b830648-260f-4f75-982b-06fe89ed270d,user507@example.com,Subject 2479,"<div>Cheap meds, no prescription needed!!!</div><br><p>Best regards,</p>",1748221505,Medium,None,10,ham,v1.0
4b7d33a7-1a0b-44e0-be14-35f104c472c0,user168@example.com,Subject 2480,"Bonjour, voici les documents demandés.",11/19/2025,Medium,1,1,s_p_a_m,v1.0
85e22d00-aee9-4cdb-8ff2-6bcab8856be2,user53@example.com,Subject 2481,"<div>Hello, we are interested in your profile.</div><br><p>Best regards,</p>",2025-07-09T20:05:05.329358,Urgent!,1,5,Legit,v1.0
33cff5e3-61b9-4ef5-afd1-f06d5d2fa4fa,user391@example.com,Subject 2482,Meeting at 5pm? Let me know.,08/28/2025,Urgent!,-1,0,SPAM,v1.0
90924520-61fb-4361-bbd0-d1264beaa6c2,user442@example.com,Subject 2483,"Hello, we are interested in your profile.",1761699905,Low,2,0,Ham,v1.0
835c4f15-6a46-4e4a-9704-a13133c4cf0c,user76@example.com,Subject 2484,Meeting at 5pm? Let me know.,1757293505,Urgent!,0,5,0,v1.0
3b53fa15-eb7b-449a-9151-d562a004362b,user628@example.com,Subject 2485,"<div>Meeting at 5pm? Let me know.</div><br><p>Best regards,</p>",1759539905,N/A,1,5,SPAM,v1.0
b9a57867-0363-41d2-bc76-2e9129993efb,user608@example.com,Subject 2486,"<div>Bonjour, voici les documents demandés.</div><br><p>Best regards,</p>",2025-11-29T20:05:05.329380,High,0,0,spam,v1.0
a0e4d49b-0745-4ac4-8763-7afdfd2e4756,user596@example.com,Subject 2487,"<div>Hello, we are interested in your profile.</div><br><p>Best regards,</p>",03/23/2026,Low,2,0,Ham,v1.0
453cd23f-d01b-46ee-b552-c333ef687ac4,user221@example.com,Subject 2488,"<div>Bonjour, voici les documents demandés.</div><br><p>Best regards,</p>",11/29/2025,Urgent!,2,5,0,v1.0
2a874ab6-5173-4106-a28d-51112a477d30,user193@example.com,Subject 2489,Free money!!! Just click <b>&nbsp;this link&nbsp;</b>,02/04/2026,null,1,100,ham,v1.0
05a2cf2f-5a82-4562-bbdc-520c772eb4df,user5@example.com,Subject 2490,"Hello, we are interested in your profile.",1761354305,High,2,100,ham,v1.0
87c134cd-c26c-4e35-ae08-cf169b6201e0,user741@example.com,Subject 2491,How have you been? It has been a long time.,10/31/2025,null,null,5,spam,v1.0
400a146e-b37f-402d-8523-7910e7ba1c4b,user774@example.com,Subject 2492,Your account has been suspended. Please login to verify.,1755306305,Low,1,5,0,v1.0
16df4de1-1a76-4a27-8907-b912bee69d47,user365@example.com,Subject 2493,"<div>How have you been? It has been a long time.</div><br><p>Best regards,</p>",1757725505,Medium,-1,0,0,v1.0
500e62d9-1e85-4032-b2e9-7184099768f5,user622@example.com,Subject 2494,Attached is the invoice for last month.,17-05-2025,Medium,2,0,spam,v1.0
498b90dc-a876-446d-a676-ad0a58bd5c25,user61@example.com,Subject 2495,"<div>Free money!!! Just click <b>&nbsp;this link&nbsp;</b></div><br><p>Best regards,</p>",2025-08-12T20:05:05.329425,Urgent!,-1,5,Legit,v1.0
7ff37dc0-6419-48a2-8c4a-9798b3cabf72,user451@example.com,Subject 2496,"<div>WINNER! Claim your prize now at <a href='http://malware.com'>here</a></div><br><p>Best regards,</p>",12-10-2025,High,0,10,s_p_a_m,v1.0
b2fec4e3-0cca-4459-8cf1-ce871898dd0d,user553@example.com,Subject 2497,"<div>Cheap meds, no prescription needed!!!</div><br><p>Best regards,</p>",06-07-2025,High,None,10,Legit,v1.0
0f304457-e3b7-4681-9f17-41b8285c1db7,user566@example.com,Subject 2498,"<div>¡Urgente! Necesitamos su respuesta inmediata.</div><br><p>Best regards,</p>",2025-12-14T20:05:05.329441,Medium,-1,10,spam,v1.0
abff6dc7-52ba-4d6b-81f0-f74aae80d310,user664@example.com,Subject 2499,¡Urgente! Necesitamos su respuesta inmediata.,03/26/2026,N/A,2,0,1,v1.0
2a40a122-5c49-4db9-98e2-bf397c3470d0,user642@example.com,Subject 2500,How have you been? It has been a long time.,17-04-2026,null,null,100,Ham,v1.0
e6474658-3830-4d5d-8735-98789261a81b,user78@example.com,Subject 2501,"<div>Cheap meds, no prescription needed!!!</div><br><p>Best regards,</p>",12/18/2025,N/A,0,5,1,v1.0
de458b61-ae9b-4512-91f4-dfd1b54e89b2,user630@example.com,Subject 2502,Attached is the invoice for last month.,04/08/2026,N/A,-1,1,Legit,v1.0
62e40d23-89be-4bcd-addf-fc514b7f87d0,user660@example.com,Subject 2503,"Cheap meds, no prescription needed!!!",06/05/2025,Low,-1,5,Ham,v1.0
f8eca4f7-1568-4568-89ed-ea483282d134,user277@example.com,Subject 2504,Meeting at 5pm? Let me know.,1759626305,Low,None,100,Ham,v1.0
accb6df5-d44d-4e4f-b972-c6990121e510,user197@example.com,Subject 2505,¡Urgente! Necesitamos su respuesta inmediata.,2025-11-16T20:05:05.329475,Medium,-1,0,Ham,v1.0
1915ce9a-823e-40ff-8ffa-182e09616bbb,user541@example.com,Subject 2506,WINNER! Claim your prize now at <a href='http://malware.com'>here</a>,04-04-2026,N/A,None,0,0,v1.0
6d5e5198-5298-4734-82fb-dd696d225035,user209@example.com,Subject 2507,Meeting at 5pm? Let me know.,20-07-2025,Urgent!,0,100,spam,v1.0
c93bfc19-afb9-4d9c-a503-e7714026c78a,user683@example.com,Subject 2508,¡Urgente! Necesitamos su respuesta inmediata.,1755565505,Medium,null,5,0,v1.0
de17b8e7-9f74-4f35-90d0-d16a0afcab4d,user136@example.com,Subject 2509,"<div>Attached is the invoice for last month.</div><br><p>Best regards,</p>",2025-06-25T20:05:05.329495,Urgent!,None,0,spam,v1.0
b203c96d-2951-4a24-80fc-b853211b2e80,user582@example.com,Subject 2510,¡Urgente! Necesitamos su respuesta inmediata.,08/01/2025,null,1,5,Ham,v1.0
58e2fc1a-d83b-4e0e-8006-2301080d1239,user928@example.com,Subject 2511,¡Urgente! Necesitamos su respuesta inmediata.,08/07/2025,null,2,100,Legit,v1.0
84ea1c70-c3a3-4fc1-8994-d64ab05b694b,user824@example.com,Subject 2512,Meeting at 5pm? Let me know.,2025-05-30T20:05:05.329510,Low,2,1,Ham,v1.0
5524fefb-1b90-4d70-911b-8f3a6fdc13e3,user101@example.com,Subject 2513,"<div>Meeting at 5pm? Let me know.</div><br><p>Best regards,</p>",01/20/2026,N/A,null,5,1,v1.0
5dd8fb40-2d46-41e2-a326-0652516288cd,user4@example.com,Subject 2514,Meeting at 5pm? Let me know.,2025-09-12T20:05:05.329520,Urgent!,None,5,spam,v1.0
73f05617-3567-41af-8afd-9771a22b45f1,user440@example.com,Subject 2515,Free money!!! Just click <b>&nbsp;this link&nbsp;</b>,06/02/2025,null,null,10,1,v1.0
4cf9f86d-3fd3-4c89-b6e9-8c783dd0898e,user887@example.com,Subject 2516,How have you been? It has been a long time.,03-10-2025,N/A,null,5,SPAM,v1.0
9c066cac-e927-4b7c-8ce7-dd2b242df215,user548@example.com,Subject 2517,How have you been? It has been a long time.,10-06-2025,Medium,2,0,ham,v1.0
91e9c4f4-6f52-42da-8e9b-fdaf7b72dc31,user978@example.com,Subject 2518,"Hello, we are interested in your profile.",1774832705,null,2,100,spam,v1.0
62a6c010-349f-4f75-beb5-a49d412bb646,user328@example.com,Subject 2519,¡Urgente! Necesitamos su respuesta inmediata.,02/13/2026,Urgent!,null,10,s_p_a_m,v1.0
7abb9720-f0d0-418e-aeb3-192c4d446c05,user18@example.com,Subject 2520,"<div>Free money!!! Just click <b>&nbsp;this link&nbsp;</b></div><br><p>Best regards,</p>",2026-02-03T20:05:05.329549,null,None,10,Legit,v1.0
3985e1f6-05a6-4615-997b-a4324b62c1fb,user114@example.com,Subject 2521,Free money!!! Just click <b>&nbsp;this link&nbsp;</b>,13-02-2026,null,-1,10,spam,v1.0
0dcc767c-1767-4fb7-9afb-1dfe5ec12e5d,user949@example.com,Subject 2522,"<div>How have you been? It has been a long time.</div><br><p>Best regards,</p>",12/06/2025,Urgent!,null,0,1,v1.0
40ff0ee5-2d4c-4539-924c-4d882a860964,user506@example.com,Subject 2523,Meeting at 5pm? Let me know.,1759626305,Medium,2,10,s_p_a_m,v1.0
6a8af813-743c-4b53-aa3a-9db1a755db65,user430@example.com,Subject 2524,Free money!!! Just click <b>&nbsp;this link&nbsp;</b>,1769479505,null,-1,5,0,v1.0
b56a9745-f621-43a4-bc93-a77154edaeaa,user681@example.com,Subject 2525,"<div>Cheap meds, no prescription needed!!!</div><br><p>Best regards,</p>",1758071105,Medium,1,0,Ham,v1.0
c7c486fc-aea8-46c8-8dc4-18df9937ce20,user625@example.com,Subject 2526,Your account has been suspended. Please login to verify.,2026-02-09T20:05:05.329618,N/A,None,1,s_p_a_m,v1.0
14edc4c0-788b-4e6d-b0a3-734b441c0557,user553@example.com,Subject 2527,Your account has been suspended. Please login to verify.,2025-07-18T20:05:05.329625,High,null,100,s_p_a_m,v1.0
24c37852-2eb9-4d57-9cc5-72ee2851fa74,user219@example.com,Subject 2528,"Hello, we are interested in your profile.",1755824705,Low,1,100,0,v1.0
c6590435-7dc9-49e6-a244-e7d3a3a379c7,user134@example.com,Subject 2529,"<div>Bonjour, voici les documents demandés.</div><br><p>Best regards,</p>",2025-07-26T20:05:05.329635,null,null,100,0,v1.0
33af0a91-548a-43c5-a3cb-06953ba81a82,user29@example.com,Subject 2530,"<div>How have you been? It has been a long time.</div><br><p>Best regards,</p>",26-04-2026,Low,null,100,spam,v1.0
44463704-1241-4a6b-bc47-d85c35e1b95d,user509@example.com,Subject 2531,"<div>WINNER! Claim your prize now at <a href='http://malware.com'>here</a></div><br><p>Best regards,</p>",12/20/2025,Low,None,5,0,v1.0
19aac245-604a-45d4-8ec5-a02edcde3ec6,user411@example.com,Subject 2532,"<div>Your account has been suspended. Please login to verify.</div><br><p>Best regards,</p>",12/30/2025,Medium,-1,0,SPAM,v1.0
78e4eb43-84e4-4189-b419-0445a6a7cadf,user339@example.com,Subject 2533,"<div>Cheap meds, no prescription needed!!!</div><br><p>Best regards,</p>",2025-11-26T20:05:05.329658,N/A,2,100,Ham,v1.0
37ecac1f-b67a-40be-a305-47abd63b8b7b,user130@example.com,Subject 2534,¡Urgente! Necesitamos su respuesta inmediata.,1769133905,N/A,0,5,1,v1.0
994ca077-147e-46e7-aad6-74a559337ce2,user999@example.com,Subject 2535,Free money!!! Just click <b>&nbsp;this link&nbsp;</b>,21-07-2025,null,0,0,spam,v1.0
630789f9-79a2-410f-ba9d-9387418ee97f,user649@example.com,Subject 2536,WINNER! Claim your prize now at <a href='http://malware.com'>here</a>,07-09-2025,Medium,2,0,spam,v1.0
30703914-aef2-4e46-b37f-46fea487d644,user928@example.com,Subject 2537,"<div>WINNER! Claim your prize now at <a href='http://malware.com'>here</a></div><br><p>Best regards,</p>",1758848705,High,None,5,ham,v1.0
f53e2c5e-211d-42ed-9a5c-6bac9df9af23,user470@example.com,Subject 2538,"Cheap meds, no prescription needed!!!",1756861505,High,0,5,1,v1.0
2a50d8a7-8440-4a0f-96d0-12fe7fd1f179,user620@example.com,Subject 2539,"Cheap meds, no prescription needed!!!",1758935105,null,0,10,0,v1.0
9ab34e75-8774-4b44-b26a-9c4eca7a3dea,user774@example.com,Subject 2540,¡Urgente! Necesitamos su respuesta inmediata.,04/16/2026,High,-1,10,SPAM,v1.0
952670ec-64cd-43c4-988d-a1db3cd269e8,user623@example.com,Subject 2541,¡Urgente! Necesitamos su respuesta inmediata.,1770516305,N/A,None,5,ham,v1.0
5d5bcdc2-2d50-417a-b959-c880d8aa36aa,user696@example.com,Subject 2542,"<div>Free money!!! Just click <b>&nbsp;this link&nbsp;</b></div><br><p>Best regards,</p>",01/17/2026,Medium,1,100,0,v1.0
7e0f9954-36be-439c-9bd0-b48f8509cc61,user108@example.com,Subject 2543,"Hello, we are interested in your profile.",04-04-2026,Urgent!,2,100,0,v1.0
319947be-555e-41a6-a19f-1f272b86bfc8,user80@example.com,Subject 2544,How have you been? It has been a long time.,11/07/2025,Medium,0,0,spam,v1.0
806982af-4d0f-470c-ada4-83ffb86816cf,user694@example.com,Subject 2545,"<div>¡Urgente! Necesitamos su respuesta inmediata.</div><br><p>Best regards,</p>",2025-11-19T20:05:05.329729,High,None,1,Legit,v1.0
ec3b92b3-d201-484e-8f2b-d3939f3e62b1,user508@example.com,Subject 2546,"<div>How have you been? It has been a long time.</div><br><p>Best regards,</p>",2025-07-12T20:05:05.329733,Medium,-1,0,spam,v1.0
d14d0383-5e44-4e94-b05a-557a77016131,user964@example.com,Subject 2547,"<div>Hello, we are interested in your profile.</div><br><p>Best regards,</p>",1762045505,null,1,1,s_p_a_m,v1.0
f58ab570-ec6f-464b-a8fe-277f61791290,user721@example.com,Subject 2548,"Hello, we are interested in your profile.",2025-10-08T20:05:05.329742,High,None,1,spam,v1.0
33f9cc3f-c99c-4afc-a180-a4a1edefd0ed,user773@example.com,Subject 2549,"Cheap meds, no prescription needed!!!",09/05/2025,High,2,5,Legit,v1.0
96dfd0ae-4ffc-4e5f-a5ed-bbc3e13004a2,user502@example.com,Subject 2550,How have you been? It has been a long time.,24-12-2025,Medium,-1,10,0,v1.0
281a6a75-d6c3-4604-98c7-95248440a88c,user594@example.com,Subject 2551,Your account has been suspended. Please login to verify.,11-04-2026,N/A,0,10,SPAM,v1.0
a4f412b0-4e8a-40ea-8922-1ddbea15e205,user539@example.com,Subject 2552,"<div>Cheap meds, no prescription needed!!!</div><br><p>Best regards,</p>",05/21/2025,Urgent!,1,5,spam,v1.0
fdf6177d-c8e9-410f-b89e-8cee26a76c6b,user477@example.com,Subject 2553,"<div>Meeting at 5pm? Let me know.</div><br><p>Best regards,</p>",17-04-2026,High,2,100,0,v1.0
2b28c241-8c8c-48ae-b5fb-c4a19062a973,user296@example.com,Subject 2554,"<div>¡Urgente! Necesitamos su respuesta inmediata.</div><br><p>Best regards,</p>",2025-11-04T20:05:05.329772,N/A,null,100,ham,v1.0
671af45f-768a-4b15-976b-bc435831e98b,user291@example.com,Subject 2555,Your account has been suspended. Please login to verify.,2025-09-05T20:05:05.329777,N/A,2,1,s_p_a_m,v1.0
2efecb47-ef86-4368-a452-d17970ec28af,user320@example.com,Subject 2556,WINNER! Claim your prize now at <a href='http://malware.com'>here</a>,05/01/2025,High,None,100,0,v1.0
43d65804-190f-4945-9d41-6f3bb4b4cfbf,user972@example.com,Subject 2557,"Bonjour, voici les documents demandés.",1757639105,High,0,5,SPAM,v1.0
ba3f9b66-4009-42bd-8d19-4331406bef09,user689@example.com,Subject 2558,Meeting at 5pm? Let me know.,24-02-2026,Urgent!,2,10,Legit,v1.0
1758ec63-1f14-4d99-9a2a-75dbd92e7b8c,user849@example.com,Subject 2559,"Cheap meds, no prescription needed!!!",1758503105,Low,-1,0,ham,v1.0
1f98fc00-36dc-4032-94cb-4080902954fc,user727@example.com,Subject 2560,"<div>Cheap meds, no prescription needed!!!</div><br><p>Best regards,</p>",08/16/2025,Urgent!,1,0,Ham,v1.0
e51f7f8b-7dd9-4bb9-b2b0-1c254a028832,user216@example.com,Subject 2561,"Bonjour, voici les documents demandés.",2025-10-08T20:05:05.329874,Medium,1,1,s_p_a_m,v1.0
804025af-0fb4-4d31-aeba-4f8bd01c6774,user278@example.com,Subject 2562,Meeting at 5pm? Let me know.,1770257105,Urgent!,2,1,Ham,v1.0
36125e3a-d141-4399-9cd3-6bdda21e65f8,user297@example.com,Subject 2563,How have you been? It has been a long time.,2025-11-01T20:05:05.329888,Low,1,100,spam,v1.0
69662798-82b7-4c91-9e72-afe6c05d68da,user104@example.com,Subject 2564,¡Urgente! Necesitamos su respuesta inmediata.,27-12-2025,N/A,2,10,SPAM,v1.0
7d0d338a-4e58-4527-adcf-6863d4004c5e,user917@example.com,Subject 2565,WINNER! Claim your prize now at <a href='http://malware.com'>here</a>,08-04-2026,Urgent!,None,5,Legit,v1.0
5efcf3e9-da31-4925-b9d8-7074910464f2,user549@example.com,Subject 2566,How have you been? It has been a long time.,05/16/2025,Medium,None,10,ham,v1.0
bd5436d3-b71c-4d55-918b-92c16bc782e6,user237@example.com,Subject 2567,"Bonjour, voici les documents demandés.",1762913105,Medium,1,100,SPAM,v1.0
9b86fabf-dfb5-4f8f-adf6-35360326f454,user702@example.com,Subject 2568,WINNER! Claim your prize now at <a href='http://malware.com'>here</a>,1757466305,Medium,2,10,Legit,v1.0
26f45681-3044-4ad4-935e-860c2ae6d8fd,user495@example.com,Subject 2569,Your account has been suspended. Please login to verify.,04/29/2026,null,1,5,spam,v1.0
40720fbc-1350-4428-a58e-f7908b344f88,user288@example.com,Subject 2570,"Cheap meds, no prescription needed!!!",04-12-2025,High,0,100,0,v1.0
71e6df54-c47a-4e3e-911e-07cc095a349d,user248@example.com,Subject 2571,"Hello, we are interested in your profile.",2026-04-13T20:05:05.329931,N/A,None,10,Ham,v1.0
2ba83818-172f-4e65-971d-b6004af86b22,user351@example.com,Subject 2572,"<div>Hello, we are interested in your profile.</div><br><p>Best regards,</p>",1752887105,null,None,10,0,v1.0
e8675d30-d8c8-4575-9f95-f506a04d221b,user201@example.com,Subject 2573,How have you been? It has been a long time.,1755047105,High,None,5,ham,v1.0
cb72a3eb-f3e6-45d3-9b64-d2acef856120,user416@example.com,Subject 2574,"Cheap meds, no prescription needed!!!",2026-04-22T20:05:05.329944,Low,null,10,s_p_a_m,v1.0
0bb39d52-0663-4b3c-85db-81d7373e51c3,user677@example.com,Subject 2575,Free money!!! Just click <b>&nbsp;this link&nbsp;</b>,1760231105,High,None,5,1,v1.0
eeb3812e-ac6c-4508-8bd1-77c49b54f522,user12@example.com,Subject 2576,Your account has been suspended. Please login to verify.,01/30/2026,Urgent!,2,5,s_p_a_m,v1.0
a1953a43-ee8e-4078-bbeb-f0624a3ceab9,user869@example.com,Subject 2577,"Hello, we are interested in your profile.",07/02/2025,Medium,-1,100,ham,v1.0
035a633b-4451-42e0-82d7-31dfd4b8410f,user532@example.com,Subject 2578,"<div>Meeting at 5pm? Let me know.</div><br><p>Best regards,</p>",18-06-2025,Low,2,5,Ham,v1.0
6bd7d947-0cf3-41d8-9222-b0093a418f4a,user506@example.com,Subject 2579,"Hello, we are interested in your profile.",1759367105,Urgent!,1,100,0,v1.0
00d9b94b-3caf-49a1-b7a5-b35031643056,user714@example.com,Subject 2580,Attached is the invoice for last month.,2026-03-29T20:05:05.329977,High,None,0,1,v1.0
15f70b93-e8b9-43b5-b3d3-bef96d7aff32,user332@example.com,Subject 2581,"<div>Free money!!! Just click <b>&nbsp;this link&nbsp;</b></div><br><p>Best regards,</p>",30-08-2025,N/A,None,5,Legit,v1.0
81b4751f-4010-47b7-9449-10f17beb47f4,user620@example.com,Subject 2582,"<div>Attached is the invoice for last month.</div><br><p>Best regards,</p>",1774141505,Medium,null,100,0,v1.0
26a583b2-e536-4c7a-aea5-fb1e03410e18,user164@example.com,Subject 2583,"<div>Free money!!! Just click <b>&nbsp;this link&nbsp;</b></div><br><p>Best regards,</p>",31-10-2025,High,0,10,SPAM,v1.0
dcd0be62-baa7-4b0f-863d-5ebad7f0ecaa,user543@example.com,Subject 2584,"Bonjour, voici les documents demandés.",1767233105,null,-1,0,ham,v1.0
cf3b7ce4-280a-4e8a-8098-0021f590e2c5,user43@example.com,Subject 2585,Attached is the invoice for last month.,02/21/2026,null,2,0,spam,v1.0
83a0b91b-0b83-4bc4-adff-dab213e78595,user408@example.com,Subject 2586,How have you been? It has been a long time.,2025-11-15T20:05:05.330006,High,1,10,1,v1.0
af540be0-588c-43e3-bce0-64cff2b9141f,user179@example.com,Subject 2587,"Bonjour, voici les documents demandés.",05/29/2025,N/A,1,10,Legit,v1.0
b4a1b3a2-f452-4d29-a1f9-7b5dbe0feeeb,user904@example.com,Subject 2588,Your account has been suspended. Please login to verify.,2025-07-08T20:05:05.330017,Urgent!,None,10,SPAM,v1.0
3a02edf2-cf91-496b-b5e3-49931900bb1e,user546@example.com,Subject 2589,Attached is the invoice for last month.,19-11-2025,High,2,0,SPAM,v1.0
bd0115b5-588d-4bd2-ad88-3d7ffd48f636,user836@example.com,Subject 2590,WINNER! Claim your prize now at <a href='http://malware.com'>here</a>,2026-02-10T20:05:05.330026,Low,2,5,1,v1.0
d509943f-0b63-4523-ac11-f530baa932d3,user314@example.com,Subject 2591,How have you been? It has been a long time.,04/12/2026,N/A,None,0,Ham,v1.0
abc82160-d1c6-4199-8aaa-f109a667c469,user239@example.com,Subject 2592,Meeting at 5pm? Let me know.,04-06-2025,N/A,-1,10,spam,v1.0
ea7e6bc6-7c52-4b1f-8250-7def497ccf5b,user426@example.com,Subject 2593,Free money!!! Just click <b>&nbsp;this link&nbsp;</b>,02/21/2026,Low,null,10,s_p_a_m,v1.0
bb4155fc-f107-4e08-a5d2-584c6f520ded,user257@example.com,Subject 2594,"Bonjour, voici les documents demandés.",07-03-2026,Medium,0,5,1,v1.0
4cce00e1-0679-4e79-a1b1-c99ac2084046,user576@example.com,Subject 2595,"<div>Meeting at 5pm? Let me know.</div><br><p>Best regards,</p>",10/15/2025,Urgent!,2,0,ham,v1.0
f9c36200-6006-4ce8-83d1-33d11bd02654,user867@example.com,Subject 2596,Free money!!! Just click <b>&nbsp;this link&nbsp;</b>,2026-04-02T20:05:05.330060,Medium,0,10,s_p_a_m,v1.0
2ef07442-be12-4206-9b6f-5501d4479285,user93@example.com,Subject 2597,How have you been? It has been a long time.,10/27/2025,Low,None,1,s_p_a_m,v1.0
29ffab9c-04a5-4f6a-b6b4-281d06e9e10c,user668@example.com,Subject 2598,"<div>Attached is the invoice for last month.</div><br><p>Best regards,</p>",2025-06-02T20:05:05.330069,Low,None,1,ham,v1.0
d384ae64-796f-4fc0-8c92-c7b7d7111346,user583@example.com,Subject 2599,"Cheap meds, no prescription needed!!!",19-12-2025,Urgent!,-1,0,1,v1.0
53d32609-8766-4b68-a760-e0b989fa662d,user22@example.com,Subject 2600,¡Urgente! Necesitamos su respuesta inmediata.,16-03-2026,N/A,2,5,Legit,v1.0
01f382e2-c561-4443-b270-806e7cdce7f0,user537@example.com,Subject 2601,How have you been? It has been a long time.,08/11/2025,Urgent!,-1,1,Legit,v1.0
6a2fd122-81d0-4a62-9111-e063d8153e86,user992@example.com,Subject 2602,Free money!!! Just click <b>&nbsp;this link&nbsp;</b>,1749431105,Urgent!,None,0,SPAM,v1.0
90682119-840f-404e-ae23-8e047d1da285,user697@example.com,Subject 2603,Attached is the invoice for last month.,1756947905,Low,0,100,Legit,v1.0
2f3a1f9f-a19d-4fa6-ad17-9b3cc6ac092b,user207@example.com,Subject 2604,"<div>WINNER! Claim your prize now at <a href='http://malware.com'>here</a></div><br><p>Best regards,</p>",1752714305,Medium,-1,0,0,v1.0
7c802fe6-4154-4cc1-9a80-56ff04c85b3c,user85@example.com,Subject 2605,"<div>WINNER! Claim your prize now at <a href='http://malware.com'>here</a></div><br><p>Best regards,</p>",2025-11-27T20:05:05.330103,null,0,100,0,v1.0
ead31b3a-4760-4100-8893-f88a2bbdd362,user476@example.com,Subject 2606,¡Urgente! Necesitamos su respuesta inmediata.,16-08-2025,N/A,None,1,Ham,v1.0
3b5a4f29-98a9-4b52-9261-c18490de41b3,user405@example.com,Subject 2607,"<div>How have you been? It has been a long time.</div><br><p>Best regards,</p>",1753923905,High,None,0,Legit,v1.0
aca116b2-98a1-49ff-8371-b73e4d9aa8a9,user985@example.com,Subject 2608,"<div>Free money!!! Just click <b>&nbsp;this link&nbsp;</b></div><br><p>Best regards,</p>",2025-06-06T20:05:05.330117,Medium,-1,10,s_p_a_m,v1.0
7cf329ed-67c2-4c65-9125-6e3785f09df5,user412@example.com,Subject 2609,"<div>WINNER! Claim your prize now at <a href='http://malware.com'>here</a></div><br><p>Best regards,</p>",1774919105,Urgent!,-1,100,s_p_a_m,v1.0
a167e7b6-3d8a-429f-b8b1-6a9ef5dcc2ce,user888@example.com,Subject 2610,"Cheap meds, no prescription needed!!!",08/02/2025,N/A,1,100,s_p_a_m,v1.0
c92fcfcc-c77b-4e4d-9ce1-c5ce0c20918a,user617@example.com,Subject 2611,"<div>Hello, we are interested in your profile.</div><br><p>Best regards,</p>",2025-12-13T20:05:05.330132,High,null,10,1,v1.0
166567f8-50b1-4912-98fc-1d1f475f2292,user455@example.com,Subject 2612,Meeting at 5pm? Let me know.,03/17/2026,High,None,5,1,v1.0
8bc77c25-e9f3-4675-ac0b-86b2bb02f9fd,user616@example.com,Subject 2613,"<div>Attached is the invoice for last month.</div><br><p>Best regards,</p>",12-05-2025,Low,None,1,ham,v1.0
a5faa033-d481-43c4-9993-513530ea76b9,user843@example.com,Subject 2614,"<div>Meeting at 5pm? Let me know.</div><br><p>Best regards,</p>",07/01/2025,Urgent!,0,10,s_p_a_m,v1.0
52abc35f-e950-4278-a9f9-e50a48b60d9a,user852@example.com,Subject 2615,"<div>How have you been? It has been a long time.</div><br><p>Best regards,</p>",1768615505,N/A,-1,10,ham,v1.0
f0ccd89c-43e2-4cae-90fa-529bb931fdb9,user246@example.com,Subject 2616,Your account has been suspended. Please login to verify.,1777165505,High,2,100,s_p_a_m,v1.0
c83b3e9b-ba81-4f86-8528-7730e80e87cf,user941@example.com,Subject 2617,"<div>Cheap meds, no prescription needed!!!</div><br><p>Best regards,</p>",2026-03-02T20:05:05.330162,Urgent!,None,1,SPAM,v1.0
c8e196fe-f850-44bf-97ef-3e9cfc0f6858,user437@example.com,Subject 2618,"Bonjour, voici les documents demandés.",2026-01-30T20:05:05.330166,Low,None,1,spam,v1.0
700ccaf6-3fb5-4fd2-959f-e517eb571697,user893@example.com,Subject 2619,WINNER! Claim your prize now at <a href='http://malware.com'>here</a>,2025-09-15T20:05:05.330171,Urgent!,null,10,s_p_a_m,v1.0
cb96850d-4d6a-4736-be80-362906106af8,user673@example.com,Subject 2620,"Bonjour, voici les documents demandés.",22-03-2026,High,2,5,s_p_a_m,v1.0
b620487b-9ff6-4216-bb31-bb50a58fb8d6,user663@example.com,Subject 2621,Free money!!! Just click <b>&nbsp;this link&nbsp;</b>,2025-08-01T20:05:05.330180,Urgent!,null,1,Legit,v1.0
92a36f0f-be48-4c07-b394-c988b0d2b89f,user283@example.com,Subject 2622,"Hello, we are interested in your profile.",1761527105,Low,0,10,s_p_a_m,v1.0
ad2cf0d9-80c6-4c6c-bafb-4fea10fea79e,user198@example.com,Subject 2623,"<div>Bonjour, voici les documents demandés.</div><br><p>Best regards,</p>",2025-07-22T20:05:05.330189,Urgent!,2,0,0,v1.0
adb3d8d7-23ca-48f0-939e-247f8975d613,user294@example.com,Subject 2624,Your account has been suspended. Please login to verify.,2025-12-28T20:05:05.330195,N/A,0,10,s_p_a_m,v1.0
391dafb1-24ad-47e2-aae0-db0e9a311adc,user172@example.com,Subject 2625,Attached is the invoice for last month.,2025-06-02T20:05:05.330200,null,-1,0,Ham,v1.0
5aabac2c-d93a-4b9d-99f6-2448f2cf11d1,user725@example.com,Subject 2626,"Cheap meds, no prescription needed!!!",10/10/2025,null,null,10,spam,v1.0
fa21771d-233a-4791-8e85-e106cbf37566,user583@example.com,Subject 2627,Meeting at 5pm? Let me know.,2025-12-29T20:05:05.330210,N/A,null,5,SPAM,v1.0
7a5b785b-9709-4752-bdef-c816a7b6e0a2,user769@example.com,Subject 2628,"<div>Cheap meds, no prescription needed!!!</div><br><p>Best regards,</p>",1769393105,Low,0,10,1,v1.0
5c5de282-79bf-4ab1-9334-3f978e7b38d8,user63@example.com,Subject 2629,Attached is the invoice for last month.,24-09-2025,Medium,None,0,spam,v1.0
2e65bc3a-c651-4065-b445-42234c6adda3,user890@example.com,Subject 2630,WINNER! Claim your prize now at <a href='http://malware.com'>here</a>,1769911505,High,0,5,1,v1.0
1e362022-2be0-434a-9358-83a7ef89da64,user167@example.com,Subject 2631,Free money!!! Just click <b>&nbsp;this link&nbsp;</b>,21-04-2026,Urgent!,0,10,0,v1.0
0b6e8fec-218b-4a3a-8921-b4f40623a32b,user92@example.com,Subject 2632,WINNER! Claim your prize now at <a href='http://malware.com'>here</a>,2025-06-27T20:05:05.330235,null,null,1,Legit,v1.0
07fad1f1-1768-4951-a3c4-05bb443561aa,user485@example.com,Subject 2633,¡Urgente! Necesitamos su respuesta inmediata.,1768356305,Low,-1,10,Legit,v1.0
aaec09af-cfd4-4bff-aa97-cd80ddeb4f98,user37@example.com,Subject 2634,"Cheap meds, no prescription needed!!!",25-04-2026,Low,0,1,1,v1.0
56587784-5ce2-4022-97ce-7a7cf0f79c7a,user798@example.com,Subject 2635,"<div>Bonjour, voici les documents demandés.</div><br><p>Best regards,</p>",2025-06-19T20:05:05.330249,Medium,0,5,0,v1.0
7a18342f-c95b-42b3-8df7-7a8fd52b6828,user160@example.com,Subject 2636,"<div>Meeting at 5pm? Let me know.</div><br><p>Best regards,</p>",2025-07-23T20:05:05.330254,null,null,5,ham,v1.0
5d8c7e40-b173-4e90-af39-1e2643982eed,user466@example.com,Subject 2637,"<div>¡Urgente! Necesitamos su respuesta inmediata.</div><br><p>Best regards,</p>",07/18/2025,N/A,null,0,Ham,v1.0
71f62fb4-8fef-43f2-a78e-a7d18a32c9a4,user706@example.com,Subject 2638,¡Urgente! Necesitamos su respuesta inmediata.,2025-11-07T20:05:05.330264,null,-1,0,0,v1.0
b51330dd-c8b3-43b7-87e2-2e29d4506363,user550@example.com,Subject 2639,"<div>Meeting at 5pm? Let me know.</div><br><p>Best regards,</p>",2025-04-30T20:05:05.330268,N/A,1,10,spam,v1.0
062c13ba-92f0-4b08-aea8-2459f1713ea7,user367@example.com,Subject 2640,Attached is the invoice for last month.,2025-09-25T20:05:05.330273,N/A,-1,1,s_p_a_m,v1.0
468ae4fa-e869-40c1-af40-03203a93c2f3,user24@example.com,Subject 2641,"Cheap meds, no prescription needed!!!",1769565905,Urgent!,-1,100,spam,v1.0
b125eeea-3427-4c03-bed2-a3ed386620ef,user824@example.com,Subject 2642,Meeting at 5pm? Let me know.,12/15/2025,N/A,null,100,SPAM,v1.0
e8f96651-73ee-467f-90eb-4ee96114fa26,user747@example.com,Subject 2643,"<div>Meeting at 5pm? Let me know.</div><br><p>Best regards,</p>",2025-05-13T20:05:05.330287,N/A,0,5,0,v1.0
f3f1d76b-0a14-4bd8-a6c3-56690f5049a5,user488@example.com,Subject 2644,Attached is the invoice for last month.,30-04-2026,High,-1,5,Ham,v1.0
2c82988d-f082-444e-8ec8-41bc1e638f49,user844@example.com,Subject 2645,"<div>Meeting at 5pm? Let me know.</div><br><p>Best regards,</p>",2025-09-19T20:05:05.330298,High,null,5,spam,v1.0
0b1fc4c1-e40e-498a-9cc0-984481de9652,user747@example.com,Subject 2646,Your account has been suspended. Please login to verify.,07/23/2025,Urgent!,-1,1,Legit,v1.0
48011af0-1f93-4096-891c-28dcff773141,user197@example.com,Subject 2647,"<div>Free money!!! Just click <b>&nbsp;this link&nbsp;</b></div><br><p>Best regards,</p>",1766109905,High,-1,100,Ham,v1.0
8b7f1e54-be87-48d4-a911-f242d7ea9253,user154@example.com,Subject 2648,"<div>WINNER! Claim your prize now at <a href='http://malware.com'>here</a></div><br><p>Best regards,</p>",2025-11-23T20:05:05.330314,Urgent!,2,1,ham,v1.0
2a0d0468-b0d6-4121-bd84-7f7900e3c7f8,user92@example.com,Subject 2649,Attached is the invoice for last month.,1759971905,N/A,0,1,0,v1.0
61101d47-dc07-41b5-ac8b-452a10810f8d,user719@example.com,Subject 2650,"<div>How have you been? It has been a long time.</div><br><p>Best regards,</p>",12-04-2026,N/A,1,1,Ham,v1.0
fe768893-d7a6-485c-8107-dab452dd37a9,user144@example.com,Subject 2651,"Bonjour, voici les documents demandés.",2025-11-03T20:05:05.330327,N/A,1,0,spam,v1.0
753f9629-1060-4d04-becb-ff4bb083b05e,user212@example.com,Subject 2652,Attached is the invoice for last month.,26-05-2025,Medium,2,0,Legit,v1.0
1cd9f462-7f8d-4f2c-8f83-412f4afa356e,user757@example.com,Subject 2653,Free money!!! Just click <b>&nbsp;this link&nbsp;</b>,1764727505,null,0,5,Ham,v1.0
169d7b74-150e-4066-95bc-ac3389473802,user27@example.com,Subject 2654,Free money!!! Just click <b>&nbsp;this link&nbsp;</b>,1771725905,N/A,-1,5,1,v1.0
7b3c444e-c2ef-441a-b1dc-843ecf750e19,user863@example.com,Subject 2655,Meeting at 5pm? Let me know.,02-08-2025,Low,-1,0,s_p_a_m,v1.0
2ae44065-a1c3-46e7-999a-b45fdee96b28,user950@example.com,Subject 2656,"Cheap meds, no prescription needed!!!",10-03-2026,High,null,10,Ham,v1.0
e53f4b6f-d909-4191-964d-d084ed1c630a,user470@example.com,Subject 2657,"<div>Hello, we are interested in your profile.</div><br><p>Best regards,</p>",03/18/2026,High,null,10,s_p_a_m,v1.0
2603f01c-6fee-435e-9172-0400f22f304d,user55@example.com,Subject 2658,"<div>Your account has been suspended. Please login to verify.</div><br><p>Best regards,</p>",1767405905,Medium,2,100,0,v1.0
aa255d55-45d3-41dc-b159-8a8aecc926be,user358@example.com,Subject 2659,How have you been? It has been a long time.,1764468305,Low,-1,10,1,v1.0
ee0f04bc-0e7b-4cd1-a70e-95fb26d3a372,user754@example.com,Subject 2660,"<div>How have you been? It has been a long time.</div><br><p>Best regards,</p>",2026-01-21T20:05:05.330369,Urgent!,2,100,s_p_a_m,v1.0
5b1e8cf4-209f-4669-9478-c062c6d936c8,user824@example.com,Subject 2661,"Hello, we are interested in your profile.",1763777105,N/A,None,10,0,v1.0
d03a5dc7-a699-43bb-91fc-ecfd56baecc9,user234@example.com,Subject 2662,How have you been? It has been a long time.,2025-10-15T20:05:05.330378,Medium,1,10,s_p_a_m,v1.0
c7877f49-304b-423a-b0ea-647fee88129f,user402@example.com,Subject 2663,WINNER! Claim your prize now at <a href='http://malware.com'>here</a>,1765677905,Urgent!,0,100,0,v1.0
c747abef-3c2f-4a9c-96d5-7ae5c246cf61,user493@example.com,Subject 2664,Your account has been suspended. Please login to verify.,1755047105,High,1,0,1,v1.0
020e9cd5-0380-49ce-a7a2-a5aa6ecfca78,user640@example.com,Subject 2665,"<div>Attached is the invoice for last month.</div><br><p>Best regards,</p>",02/03/2026,Urgent!,-1,1,spam,v1.0
62799bd1-deb9-4d7c-aab4-0403a7df90a9,user949@example.com,Subject 2666,Attached is the invoice for last month.,1760231105,Urgent!,2,0,spam,v1.0
193bf0e5-a41c-4b19-83f6-7c1499bfb033,user54@example.com,Subject 2667,Meeting at 5pm? Let me know.,17-05-2025,null,null,10,Ham,v1.0
f0cfc17f-8917-43f4-abaa-96ff3c72a308,user708@example.com,Subject 2668,"Hello, we are interested in your profile.",03-05-2025,N/A,null,100,Ham,v1.0
371ad59d-cc10-48af-8861-be82839a1b2b,user822@example.com,Subject 2669,Your account has been suspended. Please login to verify.,2025-05-04T20:05:05.330412,N/A,None,10,s_p_a_m,v1.0
feab9f55-e820-4bc1-a3db-a98ae65d58a6,user404@example.com,Subject 2670,Your account has been suspended. Please login to verify.,05/27/2025,null,0,10,Ham,v1.0
b9f09df0-23b8-4d6b-a84a-85110be009d5,user188@example.com,Subject 2671,"Cheap meds, no prescription needed!!!",02/18/2026,N/A,null,10,SPAM,v1.0
8eb0ffc8-3838-4e4a-a389-764690fd6241,user165@example.com,Subject 2672,How have you been? It has been a long time.,05/24/2025,Low,None,1,ham,v1.0
8c1412c0-fd2e-4e64-aed9-036fcb66d5f0,user568@example.com,Subject 2673,"Hello, we are interested in your profile.",29-08-2025,Medium,1,0,Ham,v1.0
98f893d0-5524-463a-9de7-966a993548d2,user481@example.com,Subject 2674,Attached is the invoice for last month.,2025-11-11T20:05:05.330437,High,None,0,ham,v1.0
d9dd08ca-cd68-4341-b920-460d49264c51,user321@example.com,Subject 2675,"<div>Hello, we are interested in your profile.</div><br><p>Best regards,</p>",17-12-2025,Urgent!,null,0,Ham,v1.0
15b820c3-66f0-49eb-b184-129d4fc47de5,user507@example.com,Subject 2676,"Bonjour, voici les documents demandés.",20-05-2025,Low,None,10,ham,v1.0
89c8f1b6-c0df-48b7-b6a8-288c7ed2e7d6,user192@example.com,Subject 2677,Meeting at 5pm? Let me know.,07/16/2025,Urgent!,2,0,ham,v1.0
86c77820-b3a2-4087-8357-ececf4eabde9,user642@example.com,Subject 2678,How have you been? It has been a long time.,2026-02-19T20:05:05.330456,Urgent!,2,1,s_p_a_m,v1.0
a0aa58dd-d227-45c9-a29e-a6a2c4e97f41,user420@example.com,Subject 2679,Meeting at 5pm? Let me know.,1748826305,Urgent!,2,1,spam,v1.0
2ee4b8be-b8fa-433c-ae71-6365fd007e72,user162@example.com,Subject 2680,"<div>Bonjour, voici les documents demandés.</div><br><p>Best regards,</p>",01/15/2026,High,-1,1,ham,v1.0
1d11f171-36b7-42ad-9ebd-7e70ee429af1,user359@example.com,Subject 2681,How have you been? It has been a long time.,1769738705,High,null,5,s_p_a_m,v1.0
9decca27-e308-45c2-b9a0-0b48a8ec052b,user392@example.com,Subject 2682,Attached is the invoice for last month.,2025-06-03T20:05:05.330475,N/A,-1,5,s_p_a_m,v1.0
bfa21a60-bbd3-4e90-906c-a7efd586ad3f,user842@example.com,Subject 2683,"<div>How have you been? It has been a long time.</div><br><p>Best regards,</p>",2025-05-02T20:05:05.330480,High,1,10,Ham,v1.0
b2c2096e-a21b-422f-a51d-cc6b45b08ece,user161@example.com,Subject 2684,Free money!!! Just click <b>&nbsp;this link&nbsp;</b>,08/05/2025,Urgent!,2,5,s_p_a_m,v1.0
97c13e26-208a-4cd8-9d80-58685e1a9eb3,user624@example.com,Subject 2685,"<div>How have you been? It has been a long time.</div><br><p>Best regards,</p>",08-06-2025,High,2,5,0,v1.0
42d56918-3f22-462e-a247-a4c27ff75c7a,user746@example.com,Subject 2686,"<div>Cheap meds, no prescription needed!!!</div><br><p>Best regards,</p>",1771725905,N/A,1,5,1,v1.0
58fa8510-1e65-43cb-bae9-3c6932870337,user926@example.com,Subject 2687,Attached is the invoice for last month.,01-03-2026,High,0,0,SPAM,v1.0
7c931185-e166-4f49-8c7c-cf93273919ba,user298@example.com,Subject 2688,"Hello, we are interested in your profile.",2025-11-14T20:05:05.330504,High,0,0,Ham,v1.0
e80cbe3d-a00e-48cc-8f31-59de4b7f6138,user752@example.com,Subject 2689,"Hello, we are interested in your profile.",01/07/2026,Low,None,10,SPAM,v1.0
ef33b767-1a6b-4b3a-b957-b0ef243819a1,user83@example.com,Subject 2690,"Hello, we are interested in your profile.",16-04-2026,null,-1,10,SPAM,v1.0
fef3452d-dc95-4130-aafa-fba8d4fbcb0c,user710@example.com,Subject 2691,"<div>WINNER! Claim your prize now at <a href='http://malware.com'>here</a></div><br><p>Best regards,</p>",04/10/2026,null,0,0,Ham,v1.0
e3b7084f-ed77-4025-aaaa-575d73666b7e,user436@example.com,Subject 2692,WINNER! Claim your prize now at <a href='http://malware.com'>here</a>,29-10-2025,Urgent!,1,5,SPAM,v1.0
1b8113e9-62e7-4ca8-ba93-0fdce6ec8880,user515@example.com,Subject 2693,Attached is the invoice for last month.,2026-02-12T20:05:05.330592,N/A,0,100,s_p_a_m,v1.0
b181ee01-f6f6-4305-a9cb-996c381d78e5,user777@example.com,Subject 2694,Attached is the invoice for last month.,08-08-2025,Low,0,1,spam,v1.0
bd1e8e25-5ddd-43b9-9b6f-f284d9973614,user725@example.com,Subject 2695,How have you been? It has been a long time.,2025-11-04T20:05:05.330605,N/A,-1,5,Ham,v1.0
fe04dd92-c6af-4f90-bb42-7a6a652da60e,user993@example.com,Subject 2696,"<div>Cheap meds, no prescription needed!!!</div><br><p>Best regards,</p>",2025-10-09T20:05:05.330610,null,null,1,1,v1.0
65517f8e-1f94-47f2-bb61-09883fd2f266,user809@example.com,Subject 2697,"Hello, we are interested in your profile.",2025-04-30T20:05:05.330614,Urgent!,null,100,ham,v1.0
e870192a-a0ca-41e6-be60-dd34ea2919b2,user379@example.com,Subject 2698,WINNER! Claim your prize now at <a href='http://malware.com'>here</a>,12-03-2026,Low,None,5,s_p_a_m,v1.0
59330769-9535-4a5e-81e9-056e7e518283,user280@example.com,Subject 2699,"<div>Your account has been suspended. Please login to verify.</div><br><p>Best regards,</p>",04/27/2026,Medium,2,0,Legit,v1.0
9df025ea-0f0e-4df7-94ae-2d94c378eb4f,user228@example.com,Subject 2700,Attached is the invoice for last month.,2025-10-20T20:05:05.330632,Medium,null,5,1,v1.0
084ac8aa-586e-49cd-b544-3e935b2aa8cb,user693@example.com,Subject 2701,WINNER! Claim your prize now at <a href='http://malware.com'>here</a>,09/02/2025,null,-1,5,0,v1.0
5749e308-8bc2-4f5e-a7ec-76bb6cd18a4c,user227@example.com,Subject 2702,Your account has been suspended. Please login to verify.,2025-09-20T20:05:05.330644,High,1,100,spam,v1.0
f9b738d3-3d03-4b0a-b1dd-6a3fed481db1,user230@example.com,Subject 2703,How have you been? It has been a long time.,1767146705,Medium,null,10,SPAM,v1.0
4b6d9039-c83a-4d87-b7cb-6a6e6e882705,user956@example.com,Subject 2704,Meeting at 5pm? Let me know.,19-09-2025,Urgent!,0,100,spam,v1.0
62f0a7b3-4836-4f3f-82c4-2bcd77c4c2a7,user804@example.com,Subject 2705,"Hello, we are interested in your profile.",2025-12-08T20:05:05.330658,Low,0,5,Ham,v1.0
7d8343da-99d2-4edf-b035-b3514e94978a,user31@example.com,Subject 2706,"Cheap meds, no prescription needed!!!",2025-07-30T20:05:05.330663,null,0,1,SPAM,v1.0
0a63f6fe-ee1a-4ae5-a98b-e487f1758cb4,user507@example.com,Subject 2707,"<div>Hello, we are interested in your profile.</div><br><p>Best regards,</p>",2025-09-08T20:05:05.330700,Low,1,10,s_p_a_m,v1.0
95397db9-2ebe-4f58-99c9-5cac32db6d61,user719@example.com,Subject 2708,"Bonjour, voici les documents demandés.",2025-11-23T20:05:05.330704,Low,-1,5,ham,v1.0
c1cf209e-0899-46b3-95d8-010316fb35b5,user901@example.com,Subject 2709,"Bonjour, voici les documents demandés.",2026-04-17T20:05:05.330709,High,-1,5,s_p_a_m,v1.0
0d3c7c87-8342-462e-8606-040cc2833f7b,user525@example.com,Subject 2710,WINNER! Claim your prize now at <a href='http://malware.com'>here</a>,02/02/2026,N/A,2,0,ham,v1.0
f588393f-dde2-4262-ba28-af641ae58a0b,user688@example.com,Subject 2711,"<div>How have you been? It has been a long time.</div><br><p>Best regards,</p>",07-03-2026,Urgent!,-1,0,0,v1.0
a50a06c2-7985-45a5-83dc-f81ee72908ef,user360@example.com,Subject 2712,"Hello, we are interested in your profile.",1748480705,null,null,100,s_p_a_m,v1.0
50baa6b7-8ad0-43e9-ba81-6a24d4c75778,user861@example.com,Subject 2713,"Bonjour, voici les documents demandés.",04-03-2026,N/A,1,100,Legit,v1.0
580ea484-3b18-4461-bec9-cda3a1ff5096,user443@example.com,Subject 2714,"<div>Your account has been suspended. Please login to verify.</div><br><p>Best regards,</p>",2025-07-06T20:05:05.330736,Urgent!,null,10,SPAM,v1.0
a75fcb45-a1ae-442e-9884-e7290b218df1,user634@example.com,Subject 2715,WINNER! Claim your prize now at <a href='http://malware.com'>here</a>,10/05/2025,N/A,null,1,0,v1.0
651fd947-ad59-42fd-ad31-304da757b63c,user424@example.com,Subject 2716,WINNER! Claim your prize now at <a href='http://malware.com'>here</a>,2025-09-12T20:05:05.330747,N/A,1,100,ham,v1.0
33bbfd53-1828-4645-973d-34bed529837e,user221@example.com,Subject 2717,"<div>Hello, we are interested in your profile.</div><br><p>Best regards,</p>",2025-05-24T20:05:05.330752,Urgent!,1,10,spam,v1.0
af3a0267-5683-422b-bf5a-0b28628a1e1e,user827@example.com,Subject 2718,"<div>Bonjour, voici les documents demandés.</div><br><p>Best regards,</p>",2025-07-01T20:05:05.330756,Low,null,10,Ham,v1.0
9cbbfb5b-249a-4ffc-9075-62d9f9d42b51,user584@example.com,Subject 2719,Your account has been suspended. Please login to verify.,2025-08-13T20:05:05.330761,N/A,null,10,Legit,v1.0
ac0d7549-2508-4765-9e4e-6a1ce4abeedc,user480@example.com,Subject 2720,"<div>¡Urgente! Necesitamos su respuesta inmediata.</div><br><p>Best regards,</p>",01/10/2026,null,null,10,SPAM,v1.0
6d368c8c-b36f-459c-82d7-4ed755ddd90f,user133@example.com,Subject 2721,"<div>Free money!!! Just click <b>&nbsp;this link&nbsp;</b></div><br><p>Best regards,</p>",1777338305,Urgent!,null,0,ham,v1.0
a5a18799-0ce8-4c0a-9c63-5e095635dbde,user642@example.com,Subject 2722,¡Urgente! Necesitamos su respuesta inmediata.,06/05/2025,N/A,2,0,Ham,v1.0
2bf74155-bd47-4758-a37b-97f303755b05,user870@example.com,Subject 2723,Meeting at 5pm? Let me know.,15-07-2025,Urgent!,1,10,1,v1.0
96c9c0f7-e632-4d82-9940-6f30e68295c5,user65@example.com,Subject 2724,Attached is the invoice for last month.,22-08-2025,High,None,1,ham,v1.0
164a974f-cbf9-420f-8a17-702e7dea4da9,user695@example.com,Subject 2725,Meeting at 5pm? Let me know.,15-06-2025,High,0,1,spam,v1.0
376f04a3-591e-4c38-a414-6d30fd0fd6c3,user483@example.com,Subject 2726,"Hello, we are interested in your profile.",2025-05-11T20:05:05.330795,Medium,0,0,SPAM,v1.0
d294c0de-c9bb-4650-bdfb-b6250db031b4,user354@example.com,Subject 2727,"<div>Hello, we are interested in your profile.</div><br><p>Best regards,</p>",2026-03-27T20:05:05.330800,Low,2,0,ham,v1.0
99b10fe9-fdc8-4675-939e-49d8b0c015fc,user761@example.com,Subject 2728,"Hello, we are interested in your profile.",11/20/2025,N/A,1,100,ham,v1.0
0db7a780-8f6a-49af-a5b7-718af144a414,user239@example.com,Subject 2729,Attached is the invoice for last month.,03/07/2026,null,None,0,Legit,v1.0
141038b7-b1e1-43f0-b19e-d39fd8837210,user410@example.com,Subject 2730,Attached is the invoice for last month.,1757984705,N/A,-1,5,ham,v1.0
7c6b1311-0f04-48a8-9f23-6f6dea14676a,user423@example.com,Subject 2731,"<div>Free money!!! Just click <b>&nbsp;this link&nbsp;</b></div><br><p>Best regards,</p>",1748653505,null,null,1,1,v1.0
b27b4433-e238-4122-b068-9956938cbaed,user251@example.com,Subject 2732,Attached is the invoice for last month.,1759280705,Urgent!,-1,0,Ham,v1.0
977a5a17-28af-47cc-837f-1e96b39c93ea,user411@example.com,Subject 2733,"Cheap meds, no prescription needed!!!",10/29/2025,Urgent!,1,100,0,v1.0
1f06eb87-2578-443b-9978-9aa5f5f5d9d8,user751@example.com,Subject 2734,"<div>Free money!!! Just click <b>&nbsp;this link&nbsp;</b></div><br><p>Best regards,</p>",07-03-2026,Medium,null,0,Ham,v1.0
ec7e4761-82cf-4d99-a4bf-834508c46282,user255@example.com,Subject 2735,Your account has been suspended. Please login to verify.,02/14/2026,Urgent!,-1,1,s_p_a_m,v1.0
90f407a3-62b4-40be-b23c-aa736934b417,user974@example.com,Subject 2736,Your account has been suspended. Please login to verify.,12/14/2025,N/A,0,0,Legit,v1.0
fc8aa7da-4b87-4eff-91f7-802f6810efba,user376@example.com,Subject 2737,Meeting at 5pm? Let me know.,08/22/2025,High,2,5,0,v1.0
65467e7a-3bdf-496e-bca6-6688189033ef,user769@example.com,Subject 2738,"Cheap meds, no prescription needed!!!",2025-06-23T20:05:05.330855,High,-1,100,0,v1.0
2b0ab352-fb10-4f0e-812b-94e92a9baafc,user219@example.com,Subject 2739,"<div>¡Urgente! Necesitamos su respuesta inmediata.</div><br><p>Best regards,</p>",1774400705,High,None,100,s_p_a_m,v1.0
4b49dddd-f013-4fc0-97df-ea9c54831e47,user581@example.com,Subject 2740,"<div>How have you been? It has been a long time.</div><br><p>Best regards,</p>",20-12-2025,Urgent!,2,1,Legit,v1.0
1e09f68e-4d3b-4053-b4dd-f7e17d811f38,user178@example.com,Subject 2741,"Hello, we are interested in your profile.",1776647105,High,2,5,spam,v1.0
7cf18088-0a03-4c41-b76a-b8b1f2081dba,user155@example.com,Subject 2742,How have you been? It has been a long time.,18-04-2026,High,-1,1,SPAM,v1.0
a4af092c-9e6d-471e-930d-da88a4f5bbf8,user226@example.com,Subject 2743,How have you been? It has been a long time.,08/05/2025,High,2,1,1,v1.0
5756c5e2-c969-4e50-87c5-d734f7a4f616,user690@example.com,Subject 2744,Attached is the invoice for last month.,2026-04-06T20:05:05.330883,N/A,0,1,1,v1.0
b605d1f9-c753-45cc-a21d-695ae8e102f6,user213@example.com,Subject 2745,WINNER! Claim your prize now at <a href='http://malware.com'>here</a>,1759626305,N/A,2,0,ham,v1.0
669e7c60-8e69-43b8-9f9e-29a54b1f8941,user142@example.com,Subject 2746,"<div>Your account has been suspended. Please login to verify.</div><br><p>Best regards,</p>",15-08-2025,N/A,1,10,0,v1.0
13952e05-6d0c-468b-a0c0-8a37f285a7e7,user564@example.com,Subject 2747,"Hello, we are interested in your profile.",07-08-2025,N/A,0,10,SPAM,v1.0
5c291088-3e72-4ad8-b7e9-b5c416bdbbe1,user450@example.com,Subject 2748,"<div>Hello, we are interested in your profile.</div><br><p>Best regards,</p>",1771553105,High,null,5,Legit,v1.0
7aa759d4-6754-46e0-9c0f-8500019d1fcb,user274@example.com,Subject 2749,WINNER! Claim your prize now at <a href='http://malware.com'>here</a>,31-01-2026,null,-1,0,ham,v1.0
5f1e31e1-dd56-4b6b-9d6d-2b7f07bf943e,user176@example.com,Subject 2750,"Bonjour, voici les documents demandés.",2025-06-20T20:05:05.330912,Medium,0,0,s_p_a_m,v1.0
31fc188a-f996-49dd-9c93-5c0d1e409b71,user34@example.com,Subject 2751,Your account has been suspended. Please login to verify.,10-05-2025,High,0,10,1,v1.0
a6f577bf-610d-410a-a9e7-ff2824269235,user986@example.com,Subject 2752,"<div>Attached is the invoice for last month.</div><br><p>Best regards,</p>",1753923905,High,0,100,s_p_a_m,v1.0
0557e609-f3c1-4c2e-9156-94d2703d6b19,user559@example.com,Subject 2753,Meeting at 5pm? Let me know.,23-10-2025,null,0,10,Ham,v1.0
3616267e-8066-485d-a3dd-3372d951f18d,user870@example.com,Subject 2754,WINNER! Claim your prize now at <a href='http://malware.com'>here</a>,01/15/2026,Low,0,10,SPAM,v1.0
d199148f-5d22-492e-9e2f-7ad35d3e46ce,user483@example.com,Subject 2755,How have you been? It has been a long time.,02/05/2026,N/A,None,10,ham,v1.0
f679dd75-592d-40f4-8040-b4d315105ec4,user751@example.com,Subject 2756,"<div>Your account has been suspended. Please login to verify.</div><br><p>Best regards,</p>",1752627905,N/A,2,5,s_p_a_m,v1.0
58288698-a9cb-4df0-a09a-3085a481e56f,user954@example.com,Subject 2757,"<div>WINNER! Claim your prize now at <a href='http://malware.com'>here</a></div><br><p>Best regards,</p>",1769652305,Urgent!,1,10,1,v1.0
4ebe5577-228c-4998-b8f2-e0005d2811d9,user578@example.com,Subject 2758,Your account has been suspended. Please login to verify.,20-07-2025,High,1,5,s_p_a_m,v1.0
dd6e7f2f-6893-41b9-a40c-831d350f33fa,user254@example.com,Subject 2759,Attached is the invoice for last month.,04-04-2026,Medium,-1,10,Legit,v1.0
4094ec8d-3341-4b1d-a610-7f6fa5494a06,user161@example.com,Subject 2760,How have you been? It has been a long time.,1752282305,Urgent!,None,10,Ham,v1.0
faea3bcd-651b-48df-a13f-687be9467e16,user782@example.com,Subject 2761,"<div>Attached is the invoice for last month.</div><br><p>Best regards,</p>",2025-10-20T20:05:05.330998,Low,null,10,SPAM,v1.0
8755fc70-b3b9-49b8-8174-28414103b206,user518@example.com,Subject 2762,"Hello, we are interested in your profile.",04-06-2025,Urgent!,-1,5,0,v1.0
368da192-bd65-445c-b4c5-4333b9cde956,user720@example.com,Subject 2763,"<div>Meeting at 5pm? Let me know.</div><br><p>Best regards,</p>",19-08-2025,Urgent!,2,1,Legit,v1.0
64ae3ad3-dfa6-444d-bd02-c7bad80a2dae,user716@example.com,Subject 2764,"<div>¡Urgente! Necesitamos su respuesta inmediata.</div><br><p>Best regards,</p>",01/08/2026,Medium,1,1,ham,v1.0
d4b896ab-900a-48cf-a507-8c74d749cddc,user414@example.com,Subject 2765,Meeting at 5pm? Let me know.,1762045505,null,-1,10,1,v1.0
3ca5241e-2eae-4032-9759-33cdbf01aa3a,user302@example.com,Subject 2766,How have you been? It has been a long time.,1748739905,Medium,null,0,SPAM,v1.0
6d037ba4-d2b4-4d8f-b3b7-306f78a5b787,user400@example.com,Subject 2767,"Cheap meds, no prescription needed!!!",2025-12-28T20:05:05.331043,Medium,2,1,0,v1.0
2774d097-c111-45a9-9175-a20c4343347a,user173@example.com,Subject 2768,"<div>Bonjour, voici les documents demandés.</div><br><p>Best regards,</p>",08/13/2025,High,null,5,s_p_a_m,v1.0
a6fb8dbe-aaee-4e52-ac22-29c5ea03c669,user996@example.com,Subject 2769,How have you been? It has been a long time.,1750554305,High,2,0,s_p_a_m,v1.0
fb7abb41-15ae-43e6-a4fc-7b3edd37ccd7,user432@example.com,Subject 2770,Meeting at 5pm? Let me know.,2026-04-09T20:05:05.331058,Low,None,100,Ham,v1.0
604bccff-c95a-439e-ab3e-21c1a3304290,user455@example.com,Subject 2771,WINNER! Claim your prize now at <a href='http://malware.com'>here</a>,2026-03-25T20:05:05.331063,Low,null,100,spam,v1.0
28224567-ca83-45a6-9f77-07fe2972bb8e,user210@example.com,Subject 2772,Meeting at 5pm? Let me know.,2025-09-26T20:05:05.331068,Medium,-1,1,Legit,v1.0
5ec7afba-5eda-4a68-a79d-af45413c0c4e,user959@example.com,Subject 2773,How have you been? It has been a long time.,05/16/2025,N/A,1,1,ham,v1.0
7979a895-5c2b-4844-99b6-d8baf80896ea,user195@example.com,Subject 2774,"<div>Bonjour, voici les documents demandés.</div><br><p>Best regards,</p>",23-02-2026,N/A,1,1,spam,v1.0
75ebf56e-8a68-4e6b-971b-70a2a2334f75,user8@example.com,Subject 2775,How have you been? It has been a long time.,1775264705,null,-1,100,ham,v1.0
67600030-121c-44bf-97f5-22b7e31f8710,user101@example.com,Subject 2776,"<div>Attached is the invoice for last month.</div><br><p>Best regards,</p>",1756429505,Low,None,100,s_p_a_m,v1.0
4ca402c0-1fd3-45dd-ade3-43862a7ae16b,user786@example.com,Subject 2777,"<div>Attached is the invoice for last month.</div><br><p>Best regards,</p>",2026-02-07T20:05:05.331091,Medium,2,10,ham,v1.0
5ab44c41-7277-49e7-9dd3-ef0a5168f7ef,user427@example.com,Subject 2778,Meeting at 5pm? Let me know.,05/12/2025,Low,1,1,Legit,v1.0
d9373374-3def-4b06-9c9e-61cea9ca26e4,user198@example.com,Subject 2779,Meeting at 5pm? Let me know.,2025-06-29T20:05:05.331102,High,2,100,Ham,v1.0
d9e50328-b8c5-4396-9940-84fa26571a3a,user46@example.com,Subject 2780,Free money!!! Just click <b>&nbsp;this link&nbsp;</b>,1761786305,High,-1,0,0,v1.0
a068cce9-68c8-4af7-b6a2-fc6d57485fe3,user192@example.com,Subject 2781,"Bonjour, voici les documents demandés.",22-03-2026,Urgent!,None,0,Ham,v1.0
246a2128-b954-409e-9fc0-66e8eb988625,user409@example.com,Subject 2782,"<div>Cheap meds, no prescription needed!!!</div><br><p>Best regards,</p>",11/03/2025,N/A,-1,5,Ham,v1.0
1c747dde-f713-43f9-a95d-88eb4e0433c2,user550@example.com,Subject 2783,¡Urgente! Necesitamos su respuesta inmediata.,02/28/2026,null,None,100,spam,v1.0
6d3ad060-cfb8-4293-808e-3f787277b86f,user537@example.com,Subject 2784,Free money!!! Just click <b>&nbsp;this link&nbsp;</b>,07/21/2025,N/A,1,1,ham,v1.0
f41c79f4-e59e-433b-b396-86830cdb851f,user388@example.com,Subject 2785,How have you been? It has been a long time.,1767233105,High,1,1,Ham,v1.0
215c754e-5ba5-4374-a25f-c270efa7f1b3,user840@example.com,Subject 2786,"Cheap meds, no prescription needed!!!",1775091905,N/A,-1,1,spam,v1.0
ab6a3ba8-850f-4aad-91ee-4a535aa5a73e,user783@example.com,Subject 2787,"<div>¡Urgente! Necesitamos su respuesta inmediata.</div><br><p>Best regards,</p>",21-09-2025,null,0,1,1,v1.0
f52c3b0b-3e93-4555-9bb3-b7099e6f0693,user104@example.com,Subject 2788,"Bonjour, voici les documents demandés.",09/14/2025,Medium,null,10,ham,v1.0
6f313e8f-a79f-489b-8f02-630a6e672a97,user538@example.com,Subject 2789,"<div>Attached is the invoice for last month.</div><br><p>Best regards,</p>",09/03/2025,null,None,10,1,v1.0
c01d7c1f-4975-4a71-83cb-f8a9b0663f66,user226@example.com,Subject 2790,"<div>Free money!!! Just click <b>&nbsp;this link&nbsp;</b></div><br><p>Best regards,</p>",09/01/2025,Urgent!,null,0,0,v1.0
f9118a69-bc6a-4499-9b49-c115211af64d,user568@example.com,Subject 2791,Attached is the invoice for last month.,2025-09-22T20:05:05.331162,Low,2,5,0,v1.0
5cb8b86e-a877-4577-9ab5-ecff7c2f615c,user812@example.com,Subject 2792,How have you been? It has been a long time.,24-05-2025,Urgent!,None,5,0,v1.0
10201f31-9290-4277-aa8a-f9f03d130688,user506@example.com,Subject 2793,Free money!!! Just click <b>&nbsp;this link&nbsp;</b>,2025-10-05T20:05:05.331172,Urgent!,null,100,SPAM,v1.0
12bcc214-0049-459e-ae52-87dab963643c,user837@example.com,Subject 2794,"<div>Cheap meds, no prescription needed!!!</div><br><p>Best regards,</p>",21-10-2025,Urgent!,2,0,spam,v1.0
31876096-1648-4e8f-80a2-eaf041fa69f0,user668@example.com,Subject 2795,"<div>How have you been? It has been a long time.</div><br><p>Best regards,</p>",17-02-2026,Low,None,1,Legit,v1.0
c586c53a-479a-49f3-949f-4739959e83c7,user965@example.com,Subject 2796,"Bonjour, voici les documents demandés.",1765245905,Low,null,100,Legit,v1.0
359a9f5e-0696-4e8d-8422-f025bf3bb18d,user189@example.com,Subject 2797,"Hello, we are interested in your profile.",1773709505,Low,0,10,0,v1.0
312103a9-6453-43a7-9cb5-22c036bb0082,user980@example.com,Subject 2798,How have you been? It has been a long time.,02-03-2026,N/A,0,10,ham,v1.0
c8124f35-8fb6-4c55-910b-25ab6a4cf549,user858@example.com,Subject 2799,"<div>Cheap meds, no prescription needed!!!</div><br><p>Best regards,</p>",1750035905,Medium,-1,10,Legit,v1.0
088dbd63-2410-4566-8592-ffa75035ed5b,user905@example.com,Subject 2800,"<div>How have you been? It has been a long time.</div><br><p>Best regards,</p>",1748739905,null,None,1,SPAM,v1.0
ff9cd10e-ba48-4fe4-aec0-d1ac00b87a24,user898@example.com,Subject 2801,"<div>WINNER! Claim your prize now at <a href='http://malware.com'>here</a></div><br><p>Best regards,</p>",10-12-2025,High,0,0,Ham,v1.0
7c1779b2-897c-438e-a269-88cde88c6447,user660@example.com,Subject 2802,How have you been? It has been a long time.,1747011905,Low,None,10,s_p_a_m,v1.0
c95f3389-4bc3-46bb-ace7-fa5bd992d948,user109@example.com,Subject 2803,WINNER! Claim your prize now at <a href='http://malware.com'>here</a>,1767233105,Low,0,100,ham,v1.0
da29ef83-8002-499c-9ab1-9c432af71f10,user521@example.com,Subject 2804,"<div>¡Urgente! Necesitamos su respuesta inmediata.</div><br><p>Best regards,</p>",2025-11-24T20:05:05.331226,Medium,null,5,spam,v1.0
b33b6387-8ab2-45a4-8a21-5ece0aec019e,user271@example.com,Subject 2805,Free money!!! Just click <b>&nbsp;this link&nbsp;</b>,01/29/2026,N/A,0,1,spam,v1.0
4a1205b1-28dc-471c-b988-c8aa8ec7d784,user251@example.com,Subject 2806,"<div>Attached is the invoice for last month.</div><br><p>Best regards,</p>",01/01/2026,Urgent!,None,10,0,v1.0
d62d6f14-ce7f-4056-b399-a965095fb970,user205@example.com,Subject 2807,"<div>Attached is the invoice for last month.</div><br><p>Best regards,</p>",04-09-2025,null,1,100,spam,v1.0
8bd12335-2121-4154-814b-b3cad72586f5,user98@example.com,Subject 2808,Meeting at 5pm? Let me know.,2026-01-26T20:05:05.331246,High,None,5,spam,v1.0
e630c081-9877-43cd-8fbb-6b3ae50f2468,user617@example.com,Subject 2809,WINNER! Claim your prize now at <a href='http://malware.com'>here</a>,05/20/2025,null,None,1,s_p_a_m,v1.0
360bc7a5-6937-44fe-b52b-cad133234af0,user165@example.com,Subject 2810,"<div>Your account has been suspended. Please login to verify.</div><br><p>Best regards,</p>",2025-11-23T20:05:05.331256,Medium,None,0,s_p_a_m,v1.0
15e61d93-4a0d-4bf1-bf5a-f81bef1dbc56,user929@example.com,Subject 2811,"<div>WINNER! Claim your prize now at <a href='http://malware.com'>here</a></div><br><p>Best regards,</p>",2025-10-16T20:05:05.331261,Medium,0,10,1,v1.0
623a559e-a295-49ad-baff-06ce104beba5,user496@example.com,Subject 2812,"<div>Free money!!! Just click <b>&nbsp;this link&nbsp;</b></div><br><p>Best regards,</p>",06/06/2025,Low,2,5,ham,v1.0
6b0fd40f-61b6-49fb-9381-a4683fe3476b,user985@example.com,Subject 2813,"Bonjour, voici les documents demandés.",07/18/2025,N/A,0,0,ham,v1.0
cf911d17-ce6d-4889-894c-c0a137b54f78,user991@example.com,Subject 2814,Your account has been suspended. Please login to verify.,11/22/2025,Medium,1,0,Ham,v1.0
7093348e-170f-4bd7-8fef-9d215fafd8b1,user679@example.com,Subject 2815,"Cheap meds, no prescription needed!!!",06/08/2025,Medium,2,10,SPAM,v1.0
40755d71-d553-4588-988b-c63bd6cab788,user539@example.com,Subject 2816,"<div>¡Urgente! Necesitamos su respuesta inmediata.</div><br><p>Best regards,</p>",19-01-2026,null,None,5,ham,v1.0
876cb788-9963-4cda-a367-978598e8ea87,user522@example.com,Subject 2817,Free money!!! Just click <b>&nbsp;this link&nbsp;</b>,01-09-2025,Urgent!,1,0,0,v1.0
ec61cb02-88dd-4361-9d39-a27bfc047b08,user932@example.com,Subject 2818,"Bonjour, voici les documents demandés.",2025-12-29T20:05:05.331298,Urgent!,-1,0,ham,v1.0
16e538cf-bc59-4659-995e-29fcf488cfe0,user616@example.com,Subject 2819,"<div>Attached is the invoice for last month.</div><br><p>Best regards,</p>",2025-06-06T20:05:05.331302,Urgent!,0,100,SPAM,v1.0
71e780ee-f4a0-4c01-917c-9e5488b12c6b,user994@example.com,Subject 2820,Your account has been suspended. Please login to verify.,1766455505,null,0,0,0,v1.0
047ef1fa-db21-4eff-bdf0-be1a3f64cba5,user524@example.com,Subject 2821,"<div>Attached is the invoice for last month.</div><br><p>Best regards,</p>",05/25/2025,N/A,None,5,Legit,v1.0
b82d7056-0900-4cb4-ad5f-21a43bf0de13,user209@example.com,Subject 2822,"<div>Free money!!! Just click <b>&nbsp;this link&nbsp;</b></div><br><p>Best regards,</p>",11-09-2025,Low,2,5,SPAM,v1.0
d264dd93-273c-4c26-8b54-649068a82155,user960@example.com,Subject 2823,"Cheap meds, no prescription needed!!!",15-02-2026,N/A,2,0,spam,v1.0
92c70e05-a8c6-4dec-b3b1-f8f8694230c0,user612@example.com,Subject 2824,Your account has been suspended. Please login to verify.,1749171905,Medium,None,100,0,v1.0
6134964c-6b8b-42c3-b095-b9bf9d05efe7,user421@example.com,Subject 2825,Attached is the invoice for last month.,1759626305,null,0,0,Legit,v1.0
62d000cf-cf95-4c13-81f0-387e98d1c7f9,user980@example.com,Subject 2826,How have you been? It has been a long time.,2025-08-29T20:05:05.331403,Urgent!,null,5,SPAM,v1.0
9d27b11c-e110-4971-bf61-e79bc0b1a40b,user984@example.com,Subject 2827,"Cheap meds, no prescription needed!!!",2025-11-09T20:05:05.331410,Medium,1,5,0,v1.0
2ea7e5dc-26e0-4bcb-a62c-6e8521774f1f,user802@example.com,Subject 2828,WINNER! Claim your prize now at <a href='http://malware.com'>here</a>,07/12/2025,Urgent!,None,100,Ham,v1.0
c9c6931d-e307-4f96-b743-4a3d1e94c4cf,user71@example.com,Subject 2829,Attached is the invoice for last month.,2026-02-16T20:05:05.331421,N/A,0,10,1,v1.0
c5ef5bd1-a84e-4da4-ac13-c697e893edb3,user897@example.com,Subject 2830,Meeting at 5pm? Let me know.,1768442705,N/A,2,0,Ham,v1.0
4d68391b-f3d7-46a7-bfd4-0e1b68fdafe1,user483@example.com,Subject 2831,Meeting at 5pm? Let me know.,2026-04-18T20:05:05.331430,Urgent!,None,5,s_p_a_m,v1.0
c05b9af6-9e7d-440e-b969-152db4e01802,user788@example.com,Subject 2832,Your account has been suspended. Please login to verify.,2025-10-20T20:05:05.331435,Medium,2,100,SPAM,v1.0
c9c35754-f0aa-400d-852a-bca6c8c6fdd8,user214@example.com,Subject 2833,"<div>Cheap meds, no prescription needed!!!</div><br><p>Best regards,</p>",02/19/2026,null,-1,0,Legit,v1.0
a31cb171-bc09-4e48-b5b4-3fd5f11dfe2c,user563@example.com,Subject 2834,Your account has been suspended. Please login to verify.,24-02-2026,N/A,-1,0,0,v1.0
d223b6d3-7db9-4b73-b7e5-ec165f814ba0,user659@example.com,Subject 2835,Attached is the invoice for last month.,1760490305,Urgent!,2,100,ham,v1.0
390e729b-47a8-4cb7-b6f5-136af369ab37,user627@example.com,Subject 2836,Free money!!! Just click <b>&nbsp;this link&nbsp;</b>,12-01-2026,Medium,0,10,spam,v1.0
c11349eb-f90d-487c-8040-78a05d7ea49b,user504@example.com,Subject 2837,¡Urgente! Necesitamos su respuesta inmediata.,10-12-2025,null,null,0,s_p_a_m,v1.0
476228f4-8804-486b-abf4-e058791f0419,user200@example.com,Subject 2838,Attached is the invoice for last month.,12/12/2025,Urgent!,null,5,0,v1.0
fb126ccc-69c5-46d2-8c4f-0f29c134b122,user923@example.com,Subject 2839,"<div>Cheap meds, no prescription needed!!!</div><br><p>Best regards,</p>",03/30/2026,High,-1,0,s_p_a_m,v1.0
27427db5-da28-41d4-9671-12b8de9956ea,user883@example.com,Subject 2840,"<div>Bonjour, voici les documents demandés.</div><br><p>Best regards,</p>",29-06-2025,N/A,1,10,SPAM,v1.0
4cc3d101-4a17-499a-bae2-3b8f8a908ddc,user617@example.com,Subject 2841,Meeting at 5pm? Let me know.,1772503505,N/A,0,100,Legit,v1.0
2504a0d7-3749-4aa2-99ea-fcef55803bc4,user260@example.com,Subject 2842,How have you been? It has been a long time.,22-06-2025,Medium,None,100,SPAM,v1.0
0116a33b-16af-4cab-8e3a-abbb0831c11b,user11@example.com,Subject 2843,"<div>Meeting at 5pm? Let me know.</div><br><p>Best regards,</p>",2025-11-12T20:05:05.331493,Medium,null,0,ham,v1.0
73b40263-ff5b-4256-974b-43da0727cb60,user607@example.com,Subject 2844,How have you been? It has been a long time.,2025-07-21T20:05:05.331497,N/A,2,1,ham,v1.0
d7e5ad42-ff82-48c4-9a3f-da73254a077c,user801@example.com,Subject 2845,Free money!!! Just click <b>&nbsp;this link&nbsp;</b>,1761786305,Urgent!,-1,100,Ham,v1.0
df3eb3df-b28f-4047-aba3-7c4062dfb798,user38@example.com,Subject 2846,How have you been? It has been a long time.,1749776705,Urgent!,-1,1,Legit,v1.0
47e05ffd-ae6c-48c5-a321-e969716be75c,user930@example.com,Subject 2847,¡Urgente! Necesitamos su respuesta inmediata.,1761008705,High,null,5,s_p_a_m,v1.0
84b22c02-6184-4fbc-8a4d-85d8506f1ea0,user303@example.com,Subject 2848,How have you been? It has been a long time.,04/05/2026,High,null,0,SPAM,v1.0
a8a6bbbb-3a91-4891-8a52-2b8593dfb241,user326@example.com,Subject 2849,Your account has been suspended. Please login to verify.,2025-11-27T20:05:05.331522,null,0,100,1,v1.0
454040f2-a01d-4f84-9ea1-a43cb175d686,user912@example.com,Subject 2850,WINNER! Claim your prize now at <a href='http://malware.com'>here</a>,12-05-2025,Urgent!,null,5,0,v1.0
12c40a68-e5a9-4233-89ad-fcc015940996,user958@example.com,Subject 2851,"<div>Bonjour, voici les documents demandés.</div><br><p>Best regards,</p>",2025-07-14T20:05:05.331532,Urgent!,1,5,1,v1.0
a5e963c8-f3d7-43bd-852a-6b5e4efb0bd9,user59@example.com,Subject 2852,"<div>Your account has been suspended. Please login to verify.</div><br><p>Best regards,</p>",09/27/2025,N/A,0,100,1,v1.0
f42fa7c3-0e8d-42bc-bdc4-0049a65573ab,user694@example.com,Subject 2853,"<div>Cheap meds, no prescription needed!!!</div><br><p>Best regards,</p>",2026-02-28T20:05:05.331542,null,null,100,0,v1.0
c376bd11-3bfc-4974-be80-e18721bc9841,user420@example.com,Subject 2854,"Hello, we are interested in your profile.",2026-03-09T20:05:05.331547,Medium,1,0,ham,v1.0
f63193c6-7132-439a-960a-999dc5aeecac,user360@example.com,Subject 2855,¡Urgente! Necesitamos su respuesta inmediata.,2026-04-24T20:05:05.331551,Urgent!,null,100,0,v1.0
52e0c8f4-6337-441b-8ba2-cef7213f1521,user205@example.com,Subject 2856,Attached is the invoice for last month.,07/31/2025,null,1,100,s_p_a_m,v1.0
01a9f168-e73d-4b7c-8a98-7a35abb0001a,user241@example.com,Subject 2857,"<div>How have you been? It has been a long time.</div><br><p>Best regards,</p>",03/02/2026,Low,-1,1,1,v1.0
3d8d47ce-e002-4db7-b8d3-cd1cea756fe5,user255@example.com,Subject 2858,Your account has been suspended. Please login to verify.,1753405505,N/A,2,5,Ham,v1.0
504d8fa3-fe24-4a65-bdd5-bda08819170e,user968@example.com,Subject 2859,Meeting at 5pm? Let me know.,1758243905,N/A,1,1,Legit,v1.0
929fe12d-f8fd-472c-bfe9-5553e8068494,user215@example.com,Subject 2860,How have you been? It has been a long time.,2025-11-14T20:05:05.331574,Urgent!,None,5,1,v1.0
b14153d0-a390-4e42-9074-c8fdedbd4857,user268@example.com,Subject 2861,Your account has been suspended. Please login to verify.,2025-05-04T20:05:05.331579,Urgent!,0,1,Legit,v1.0
8d64eb20-4e57-4a60-ba22-91ea186a51fc,user468@example.com,Subject 2862,Meeting at 5pm? Let me know.,13-04-2026,null,2,0,0,v1.0
51bd003a-dfae-4b3c-a378-f33b4b726f59,user411@example.com,Subject 2863,How have you been? It has been a long time.,06/03/2025,Medium,1,10,0,v1.0
877e5a55-718b-4bd5-9d82-d6b389b1172f,user928@example.com,Subject 2864,Meeting at 5pm? Let me know.,2026-01-12T20:05:05.331594,N/A,null,10,Legit,v1.0
ea5dfd48-a6c2-465b-9495-f233d7fcdb63,user500@example.com,Subject 2865,WINNER! Claim your prize now at <a href='http://malware.com'>here</a>,2025-06-16T20:05:05.331599,null,1,1,0,v1.0
82d7a545-d631-445b-9f8f-a91aff7983ce,user921@example.com,Subject 2866,"<div>How have you been? It has been a long time.</div><br><p>Best regards,</p>",21-12-2025,High,None,100,s_p_a_m,v1.0
31afd3ad-d808-480e-a535-44dba3965a09,user249@example.com,Subject 2867,Your account has been suspended. Please login to verify.,2025-08-18T20:05:05.331610,Urgent!,1,1,SPAM,v1.0
6dba4d85-bdc1-4703-9ab2-ab1820bbe65d,user119@example.com,Subject 2868,How have you been? It has been a long time.,1753751105,Low,null,100,Legit,v1.0
43bc8fa2-694a-4346-91bd-a1a38f48e33d,user507@example.com,Subject 2869,¡Urgente! Necesitamos su respuesta inmediata.,11/19/2025,N/A,0,100,ham,v1.0
76df4002-a630-455a-a693-4e6950fe8207,user979@example.com,Subject 2870,"<div>WINNER! Claim your prize now at <a href='http://malware.com'>here</a></div><br><p>Best regards,</p>",1775610305,High,2,1,SPAM,v1.0
67618cff-c31d-494c-a8ac-93af42e360c5,user262@example.com,Subject 2871,"<div>WINNER! Claim your prize now at <a href='http://malware.com'>here</a></div><br><p>Best regards,</p>",12-01-2026,High,-1,0,0,v1.0
735539fd-57af-4160-856e-157be2b79d66,user703@example.com,Subject 2872,"Bonjour, voici les documents demandés.",1755997505,Urgent!,-1,5,Legit,v1.0
dd24557f-9657-4146-8f24-75b73e5ed49a,user171@example.com,Subject 2873,"<div>Attached is the invoice for last month.</div><br><p>Best regards,</p>",1752887105,Medium,None,0,0,v1.0
5ea59983-4d1c-41b4-8bdb-01ea348e27c9,user488@example.com,Subject 2874,Free money!!! Just click <b>&nbsp;this link&nbsp;</b>,2025-11-27T20:05:05.331643,Urgent!,0,1,Legit,v1.0
97f3aff3-10d5-447a-9466-c92571f34ffa,user21@example.com,Subject 2875,"<div>Cheap meds, no prescription needed!!!</div><br><p>Best regards,</p>",2025-12-18T20:05:05.331647,null,0,100,Ham,v1.0
e23d8031-e70c-4ab8-b3c2-8cfb27c64041,user936@example.com,Subject 2876,How have you been? It has been a long time.,06-06-2025,Medium,2,0,spam,v1.0
d6349233-088f-4c9d-9533-c8b3686e921f,user698@example.com,Subject 2877,"<div>Attached is the invoice for last month.</div><br><p>Best regards,</p>",1775783105,null,0,100,spam,v1.0
b938b168-64e6-413c-8644-54058ed5c2f8,user651@example.com,Subject 2878,Free money!!! Just click <b>&nbsp;this link&nbsp;</b>,27-09-2025,Medium,-1,5,s_p_a_m,v1.0
f6230b96-ca05-4c6c-8d99-8890235e7bc0,user922@example.com,Subject 2879,"<div>Free money!!! Just click <b>&nbsp;this link&nbsp;</b></div><br><p>Best regards,</p>",21-03-2026,Urgent!,-1,1,spam,v1.0
2a114c54-df18-4468-ad33-cfe0ae783128,user400@example.com,Subject 2880,WINNER! Claim your prize now at <a href='http://malware.com'>here</a>,11-08-2025,Urgent!,1,10,1,v1.0
5871e672-aed8-4c94-9f1c-087bc58862e7,user144@example.com,Subject 2881,"<div>Hello, we are interested in your profile.</div><br><p>Best regards,</p>",01/10/2026,null,2,5,spam,v1.0
bfd63c39-4cad-4e69-adea-860463de4b28,user3@example.com,Subject 2882,WINNER! Claim your prize now at <a href='http://malware.com'>here</a>,2025-10-03T20:05:05.331682,null,0,10,ham,v1.0
76822547-9261-4137-a710-b1d3fb1a6709,user926@example.com,Subject 2883,"<div>Hello, we are interested in your profile.</div><br><p>Best regards,</p>",11-10-2025,Low,0,100,Ham,v1.0
341d8f50-c708-4178-a904-73dd7386cb4a,user722@example.com,Subject 2884,¡Urgente! Necesitamos su respuesta inmediata.,1757207105,Low,0,0,Ham,v1.0
5feb7565-3127-4f12-9c5b-fff436331987,user870@example.com,Subject 2885,WINNER! Claim your prize now at <a href='http://malware.com'>here</a>,24-02-2026,Medium,null,100,Ham,v1.0
25e8286d-8240-40f9-9e42-013658276484,user81@example.com,Subject 2886,"Hello, we are interested in your profile.",11-09-2025,Urgent!,0,1,s_p_a_m,v1.0
95ab9c75-95c1-4349-ad90-49f39e6f703f,user888@example.com,Subject 2887,WINNER! Claim your prize now at <a href='http://malware.com'>here</a>,12/14/2025,Urgent!,-1,10,ham,v1.0
4332a2a2-b440-465b-ba12-1d4de1e24648,user708@example.com,Subject 2888,Your account has been suspended. Please login to verify.,25-02-2026,N/A,null,1,1,v1.0
23202a5c-1af5-4b7c-9af3-757bca115c8d,user583@example.com,Subject 2889,"Hello, we are interested in your profile.",02/02/2026,N/A,2,0,Ham,v1.0
b0d6f347-04fa-41b4-96ff-c2e4bdaa6ab5,user582@example.com,Subject 2890,"Cheap meds, no prescription needed!!!",1764900305,null,null,5,ham,v1.0
58b68df0-4b89-4b4c-8c29-65898d98724e,user750@example.com,Subject 2891,"<div>Attached is the invoice for last month.</div><br><p>Best regards,</p>",1761008705,N/A,2,100,spam,v1.0
a5cc2f3b-ffbd-4a0e-a34e-7d3115fb1f60,user385@example.com,Subject 2892,Free money!!! Just click <b>&nbsp;this link&nbsp;</b>,01/23/2026,Urgent!,-1,0,spam,v1.0
11a4da93-e6d1-40ee-8ae0-daf224ead360,user575@example.com,Subject 2893,"Hello, we are interested in your profile.",2025-06-12T20:05:05.331753,null,null,5,spam,v1.0
b051b41d-9f6e-4d09-96d7-547ac44f7dab,user658@example.com,Subject 2894,"<div>How have you been? It has been a long time.</div><br><p>Best regards,</p>",09-11-2025,Low,None,5,s_p_a_m,v1.0
35c56dd4-54b0-48ed-b2c3-1c09fb31d4c6,user284@example.com,Subject 2895,"<div>Bonjour, voici les documents demandés.</div><br><p>Best regards,</p>",06/08/2025,N/A,2,100,1,v1.0
88ef18af-4115-413a-8a2f-49a8b3f75f08,user223@example.com,Subject 2896,Your account has been suspended. Please login to verify.,1755219905,null,null,0,spam,v1.0
eb79ba2f-bd4d-4fc1-ba4c-6600a3c90363,user507@example.com,Subject 2897,"Cheap meds, no prescription needed!!!",1749776705,Low,None,10,Legit,v1.0
e6641ddb-1a9b-40c4-926b-7509f75570c8,user208@example.com,Subject 2898,¡Urgente! Necesitamos su respuesta inmediata.,15-12-2025,High,null,100,0,v1.0
f641beab-32ca-4794-aacb-d3654c5ed1f9,user508@example.com,Subject 2899,How have you been? It has been a long time.,06/17/2025,High,null,1,Ham,v1.0
b2b58031-65d6-4f91-ac6d-3ca3a58af9af,user866@example.com,Subject 2900,"Cheap meds, no prescription needed!!!",2025-11-14T20:05:05.331788,Urgent!,null,1,1,v1.0
b58d0da9-aacd-4155-992f-30f28e5f7e04,user471@example.com,Subject 2901,WINNER! Claim your prize now at <a href='http://malware.com'>here</a>,01/28/2026,N/A,None,100,ham,v1.0
d42a7305-eada-491a-b4db-741f525d3d1a,user670@example.com,Subject 2902,WINNER! Claim your prize now at <a href='http://malware.com'>here</a>,11/28/2025,Urgent!,0,10,Legit,v1.0
151db88e-b623-4b7a-b20b-b7dda99c64a9,user154@example.com,Subject 2903,"Hello, we are interested in your profile.",20-08-2025,Medium,1,1,Legit,v1.0
8fda1411-4354-4919-a65c-295314ed6eef,user2@example.com,Subject 2904,Free money!!! Just click <b>&nbsp;this link&nbsp;</b>,26-11-2025,N/A,None,100,1,v1.0
a27c32d7-c54d-48c5-afaa-fcb8d64c53c3,user504@example.com,Subject 2905,¡Urgente! Necesitamos su respuesta inmediata.,2025-06-09T20:05:05.331814,Low,None,0,Legit,v1.0
210e288f-b3f0-46da-afd8-4dfddd699a75,user936@example.com,Subject 2906,"<div>How have you been? It has been a long time.</div><br><p>Best regards,</p>",01/27/2026,High,2,100,spam,v1.0
a2a313de-e82d-4df6-a928-afd4d700e4a0,user412@example.com,Subject 2907,"Hello, we are interested in your profile.",1760490305,Medium,0,100,0,v1.0
b0c06b53-bfee-409f-ac98-f0e2755d9005,user435@example.com,Subject 2908,Meeting at 5pm? Let me know.,1769393105,Low,-1,100,spam,v1.0
f02542a0-915d-4074-9d1a-3f0f6b58df5a,user795@example.com,Subject 2909,"<div>Your account has been suspended. Please login to verify.</div><br><p>Best regards,</p>",04/16/2026,Urgent!,null,0,s_p_a_m,v1.0
0f66bc7e-92e6-42f6-8490-d4ad96a923a1,user813@example.com,Subject 2910,Free money!!! Just click <b>&nbsp;this link&nbsp;</b>,11/07/2025,High,0,0,Ham,v1.0
3ab7832d-47af-49ff-975e-c496bbad6c34,user913@example.com,Subject 2911,Attached is the invoice for last month.,05/28/2025,Urgent!,2,100,0,v1.0
7575d40b-c0af-4934-aa94-941afeb250a2,user728@example.com,Subject 2912,"<div>How have you been? It has been a long time.</div><br><p>Best regards,</p>",01/27/2026,Medium,-1,5,s_p_a_m,v1.0
0a33bd5a-bdee-4cfa-b7f6-326fa6d18982,user558@example.com,Subject 2913,"<div>Hello, we are interested in your profile.</div><br><p>Best regards,</p>",1765850705,Urgent!,2,1,0,v1.0
b1ce21b9-6a04-44cb-bf58-abc5f0126727,user473@example.com,Subject 2914,"Bonjour, voici les documents demandés.",10-04-2026,Medium,2,1,SPAM,v1.0
7bb66535-c1d7-4acf-9baf-7a9ac56a2517,user908@example.com,Subject 2915,Free money!!! Just click <b>&nbsp;this link&nbsp;</b>,2025-10-03T20:05:05.331863,Medium,2,5,spam,v1.0
31ff3ea2-53f5-4590-b2e3-3fd3ff8e3e5a,user746@example.com,Subject 2916,¡Urgente! Necesitamos su respuesta inmediata.,07/02/2025,Low,2,10,Legit,v1.0
7de8413f-1606-4f9b-ad17-2f575d00b5c1,user923@example.com,Subject 2917,"Hello, we are interested in your profile.",2025-12-03T20:05:05.331873,N/A,1,100,0,v1.0
c77b00fa-4f5a-4351-97a5-dccc536695b4,user438@example.com,Subject 2918,"<div>Cheap meds, no prescription needed!!!</div><br><p>Best regards,</p>",2025-07-09T20:05:05.331877,null,null,1,s_p_a_m,v1.0
dadca7b9-5b56-4712-bf0a-f6cc27b276d7,user221@example.com,Subject 2919,"Hello, we are interested in your profile.",1759194305,High,2,0,0,v1.0
deca690d-d24d-42b7-9e46-73fa8fa1c687,user742@example.com,Subject 2920,Meeting at 5pm? Let me know.,04/13/2026,null,2,10,s_p_a_m,v1.0
a344a29a-922e-4215-8ba6-a2d72433c1a1,user892@example.com,Subject 2921,Meeting at 5pm? Let me know.,1761181505,N/A,-1,1,s_p_a_m,v1.0
ad2d4b7a-9e7d-4f62-9eb3-7c01d1c3860a,user339@example.com,Subject 2922,WINNER! Claim your prize now at <a href='http://malware.com'>here</a>,1765505105,N/A,1,5,Legit,v1.0
657029c2-8172-4e34-b201-8f067fd9d52b,user357@example.com,Subject 2923,¡Urgente! Necesitamos su respuesta inmediata.,01/07/2026,N/A,0,100,Ham,v1.0
07a5cc46-8cd8-433f-9c3b-5df34ec04a76,user255@example.com,Subject 2924,Your account has been suspended. Please login to verify.,31-08-2025,null,0,5,ham,v1.0
b4567950-af17-4c76-9bf0-e6190bc1106c,user193@example.com,Subject 2925,Attached is the invoice for last month.,1746234305,null,null,100,SPAM,v1.0
ee2ee84c-483f-4606-81d3-4a7458f9e9fe,user478@example.com,Subject 2926,"Bonjour, voici les documents demandés.",1774746305,N/A,0,0,SPAM,v1.0
50a3ba1c-392c-4165-9367-aebe43d448ed,user29@example.com,Subject 2927,WINNER! Claim your prize now at <a href='http://malware.com'>here</a>,1766973905,Medium,None,0,s_p_a_m,v1.0
b2aeacc8-4e9f-4316-8ca0-d0c18958d93e,user371@example.com,Subject 2928,How have you been? It has been a long time.,2025-07-23T20:05:05.331925,Low,None,0,Ham,v1.0
de2695fb-604e-4fcd-9e06-ef55d7c2445c,user683@example.com,Subject 2929,¡Urgente! Necesitamos su respuesta inmediata.,12/31/2025,Low,0,0,Ham,v1.0
757b323d-9761-49d4-974b-8c1c510e9f8f,user214@example.com,Subject 2930,"<div>WINNER! Claim your prize now at <a href='http://malware.com'>here</a></div><br><p>Best regards,</p>",09/16/2025,Medium,0,0,0,v1.0
cb07fcb3-1c8a-44ae-aed1-1d05367c9171,user550@example.com,Subject 2931,Attached is the invoice for last month.,2026-03-11T20:05:05.331940,Medium,None,5,SPAM,v1.0
eb3def82-93ff-446f-9c7d-d65c6a4f8d72,user798@example.com,Subject 2932,Free money!!! Just click <b>&nbsp;this link&nbsp;</b>,01/23/2026,N/A,2,100,spam,v1.0
82897d8a-4a3b-4c74-bf0a-f3474053c867,user162@example.com,Subject 2933,How have you been? It has been a long time.,06/22/2025,Low,None,10,SPAM,v1.0
716ec716-ed77-43ac-b9ff-9004a6de4689,user46@example.com,Subject 2934,"Hello, we are interested in your profile.",1772244305,N/A,null,0,1,v1.0
bcb582e4-12bb-41c5-a148-031d44373284,user530@example.com,Subject 2935,"<div>Bonjour, voici les documents demandés.</div><br><p>Best regards,</p>",10/22/2025,Medium,0,5,spam,v1.0
573d2c20-d5c6-4745-8246-779a0a3d019e,user233@example.com,Subject 2936,How have you been? It has been a long time.,1758503105,High,0,5,ham,v1.0
b8ccdef9-8ca6-4edc-a499-bf1027fac9b7,user809@example.com,Subject 2937,"<div>How have you been? It has been a long time.</div><br><p>Best regards,</p>",2026-04-06T20:05:05.331970,High,null,1,SPAM,v1.0
e6ff12f4-5da9-4d96-8132-a76c6ce3ec7a,user745@example.com,Subject 2938,"Hello, we are interested in your profile.",16-12-2025,null,0,10,SPAM,v1.0
c3fbaae0-0218-495f-96bf-ac739567de9a,user45@example.com,Subject 2939,Meeting at 5pm? Let me know.,08/20/2025,N/A,-1,0,Ham,v1.0
5141f81a-f369-47eb-a311-e9c90a648fdd,user728@example.com,Subject 2940,"Cheap meds, no prescription needed!!!",14-11-2025,High,1,1,0,v1.0
0fa5d7c8-e304-447f-936e-54d2f1225c1a,user307@example.com,Subject 2941,Meeting at 5pm? Let me know.,2026-02-12T20:05:05.331989,Low,None,0,Ham,v1.0
22a59627-ee8b-46ab-af07-baed53da88eb,user565@example.com,Subject 2942,"Cheap meds, no prescription needed!!!",1755479105,Urgent!,null,10,ham,v1.0
ce81aadf-6d0b-459f-9d9a-75ed67cb552c,user166@example.com,Subject 2943,¡Urgente! Necesitamos su respuesta inmediata.,1753491905,Low,None,1,SPAM,v1.0
a938b03c-56ed-4824-8f78-48e397bd1df5,user845@example.com,Subject 2944,"Bonjour, voici les documents demandés.",02/19/2026,Urgent!,null,0,s_p_a_m,v1.0
85dbfc27-17b1-4327-95cf-22e9258aecc8,user837@example.com,Subject 2945,Meeting at 5pm? Let me know.,06-06-2025,High,1,10,s_p_a_m,v1.0
363e68ff-613f-47e3-bb90-07c1e6fd2493,user526@example.com,Subject 2946,"Bonjour, voici les documents demandés.",1768097105,N/A,1,10,SPAM,v1.0
c0f882ba-31c2-46e3-8129-8dd95fff1d08,user951@example.com,Subject 2947,"<div>Cheap meds, no prescription needed!!!</div><br><p>Best regards,</p>",04/30/2025,null,null,100,Legit,v1.0
a19ce56b-04d4-413d-b6c4-d63a193d698e,user618@example.com,Subject 2948,"Cheap meds, no prescription needed!!!",2025-07-01T20:05:05.332022,N/A,-1,100,s_p_a_m,v1.0
a850a060-1b8a-49cd-9797-4e390f75b81b,user910@example.com,Subject 2949,Attached is the invoice for last month.,04/20/2026,null,-1,5,1,v1.0
e92988e9-861b-42b5-999e-7ac52e2f50a5,user268@example.com,Subject 2950,How have you been? It has been a long time.,04/20/2026,null,None,0,0,v1.0
273ba6ef-5f01-42f3-8dc0-5dbac3ab1faa,user152@example.com,Subject 2951,Attached is the invoice for last month.,2025-08-25T20:05:05.332037,null,2,100,s_p_a_m,v1.0
a97e40f2-47f2-4c36-8496-f54eecd61f29,user51@example.com,Subject 2952,"<div>¡Urgente! Necesitamos su respuesta inmediata.</div><br><p>Best regards,</p>",03-12-2025,Urgent!,None,0,Legit,v1.0
31347ab2-bdcb-4619-a1c8-ee0aeafd1e92,user372@example.com,Subject 2953,¡Urgente! Necesitamos su respuesta inmediata.,1759367105,null,None,0,s_p_a_m,v1.0
8bfdd29c-d977-4ff4-bd84-fe8774bc835b,user425@example.com,Subject 2954,How have you been? It has been a long time.,1768356305,Urgent!,None,0,0,v1.0
6c2dfeaa-060c-462b-9b4a-b8709b426796,user549@example.com,Subject 2955,¡Urgente! Necesitamos su respuesta inmediata.,02-03-2026,N/A,0,5,spam,v1.0
e8592076-de56-4245-aeb7-788e6b4a1794,user956@example.com,Subject 2956,"<div>WINNER! Claim your prize now at <a href='http://malware.com'>here</a></div><br><p>Best regards,</p>",30-05-2025,Low,0,100,0,v1.0
3827120e-3905-4b1a-b414-356e12c8f7de,user331@example.com,Subject 2957,Attached is the invoice for last month.,2025-05-13T20:05:05.332067,Medium,1,100,Legit,v1.0
6b8890ef-12c1-4661-8cb7-293229f6f911,user461@example.com,Subject 2958,"<div>¡Urgente! Necesitamos su respuesta inmediata.</div><br><p>Best regards,</p>",03/03/2026,N/A,0,10,1,v1.0
128851f8-818c-4881-a34d-bb0eefd4100b,user76@example.com,Subject 2959,¡Urgente! Necesitamos su respuesta inmediata.,1774141505,null,0,0,1,v1.0
b8c807cf-e71e-40e0-ae77-058e02fc267d,user141@example.com,Subject 2960,"<div>Bonjour, voici les documents demandés.</div><br><p>Best regards,</p>",1757639105,High,0,0,0,v1.0
e06eddb6-1e78-4246-94be-f27f2171a041,user29@example.com,Subject 2961,"<div>WINNER! Claim your prize now at <a href='http://malware.com'>here</a></div><br><p>Best regards,</p>",02/01/2026,High,2,100,1,v1.0
bbd94a67-2a89-46cc-9f11-ceb67ea953fe,user405@example.com,Subject 2962,Your account has been suspended. Please login to verify.,2026-01-02T20:05:05.332152,High,0,100,SPAM,v1.0
2d3fe476-25d1-46ca-bf3b-8c12b16c26af,user479@example.com,Subject 2963,Free money!!! Just click <b>&nbsp;this link&nbsp;</b>,2025-07-27T20:05:05.332160,Medium,null,5,Legit,v1.0
cecb5f9f-1c18-4648-8a44-9ebebb25aeec,user775@example.com,Subject 2964,"<div>Attached is the invoice for last month.</div><br><p>Best regards,</p>",17-06-2025,null,null,10,spam,v1.0
0d761b84-9cf1-4ff9-a0bf-ed4a613049f7,user673@example.com,Subject 2965,How have you been? It has been a long time.,15-02-2026,null,1,100,spam,v1.0
a0eb0abd-c042-4500-ab31-843dc40f44c4,user240@example.com,Subject 2966,Your account has been suspended. Please login to verify.,04-08-2025,Low,2,10,Ham,v1.0
003f2ae0-fff6-48cc-b230-05841a53be31,user813@example.com,Subject 2967,Meeting at 5pm? Let me know.,01/24/2026,N/A,None,100,Ham,v1.0
cc0a05a5-e3fa-4f7c-84ba-a356f89a3603,user276@example.com,Subject 2968,¡Urgente! Necesitamos su respuesta inmediata.,2025-11-21T20:05:05.332190,Low,2,1,1,v1.0
925e4ee8-df10-4344-bb90-e620fc518f79,user117@example.com,Subject 2969,"<div>Meeting at 5pm? Let me know.</div><br><p>Best regards,</p>",08/27/2025,Low,-1,10,SPAM,v1.0
797556df-094a-4346-984d-6735cc1f8829,user109@example.com,Subject 2970,"<div>¡Urgente! Necesitamos su respuesta inmediata.</div><br><p>Best regards,</p>",1749344705,null,0,0,1,v1.0
87a17e55-8fb6-4f85-9f6e-53404f4b5892,user793@example.com,Subject 2971,"<div>Hello, we are interested in your profile.</div><br><p>Best regards,</p>",2025-06-28T20:05:05.332210,High,2,10,SPAM,v1.0
72332c94-a36c-4d2d-8140-d430f802c12b,user130@example.com,Subject 2972,Meeting at 5pm? Let me know.,1776647105,High,2,0,Ham,v1.0
fcf41ad3-cfd4-4d2e-80d2-f5f28cd29ed6,user448@example.com,Subject 2973,"<div>Hello, we are interested in your profile.</div><br><p>Best regards,</p>",01/25/2026,null,0,1,spam,v1.0
83319658-aace-4ccf-8281-e1bead7d4040,user747@example.com,Subject 2974,Meeting at 5pm? Let me know.,26-02-2026,Urgent!,2,1,Legit,v1.0
6af612a5-eed2-4fc9-aadd-9f19ee32f40e,user929@example.com,Subject 2975,WINNER! Claim your prize now at <a href='http://malware.com'>here</a>,2026-01-05T20:05:05.332229,Low,-1,0,SPAM,v1.0
b6697bea-1547-4c21-9e6a-1083d342e85d,user489@example.com,Subject 2976,"Cheap meds, no prescription needed!!!",02-08-2025,High,0,1,ham,v1.0
5f0b109a-9cfd-4b5b-81b6-7d0b0afe1693,user998@example.com,Subject 2977,"<div>Meeting at 5pm? Let me know.</div><br><p>Best regards,</p>",2025-07-19T20:05:05.332239,N/A,2,5,1,v1.0
fad3f080-2b93-4afc-aa8d-34aded2f99e8,user837@example.com,Subject 2978,Your account has been suspended. Please login to verify.,2025-11-08T20:05:05.332244,Urgent!,None,100,s_p_a_m,v1.0
6993f27c-b8d2-4e2c-a99d-3fc07bf69802,user326@example.com,Subject 2979,How have you been? It has been a long time.,2025-05-09T20:05:05.332249,N/A,1,0,spam,v1.0
8631d704-9ac4-4271-810c-4fc80c7957d6,user991@example.com,Subject 2980,Attached is the invoice for last month.,1765073105,Medium,2,100,spam,v1.0
50faec0c-34dc-498f-8d3e-cb22602d9c99,user211@example.com,Subject 2981,"Bonjour, voici les documents demandés.",18-09-2025,Medium,-1,100,1,v1.0
80c09fbc-4da7-420c-b23e-fa9213f998ac,user818@example.com,Subject 2982,"Hello, we are interested in your profile.",1747011905,Urgent!,1,100,Ham,v1.0
454dcade-9943-49f9-81ac-82a8673fdfa3,user824@example.com,Subject 2983,"<div>Attached is the invoice for last month.</div><br><p>Best regards,</p>",2025-08-18T20:05:05.332270,N/A,None,1,Legit,v1.0
8af22756-8d37-4b29-9f1a-c89a566e3990,user721@example.com,Subject 2984,¡Urgente! Necesitamos su respuesta inmediata.,18-09-2025,null,1,5,spam,v1.0
a0e019f4-503b-40dc-99d9-e0de716ef3e4,user319@example.com,Subject 2985,"Bonjour, voici les documents demandés.",2025-08-06T20:05:05.332279,Urgent!,1,100,0,v1.0
02235ef5-7efb-4365-ab3a-41ad5e80fb94,user103@example.com,Subject 2986,¡Urgente! Necesitamos su respuesta inmediata.,1747703105,N/A,null,100,ham,v1.0
046b84bf-7074-4ed2-ab4d-d6b131920ae7,user908@example.com,Subject 2987,Your account has been suspended. Please login to verify.,11/16/2025,Medium,1,100,SPAM,v1.0
c9ea69cc-f4af-45a0-b35b-5826084622ac,user962@example.com,Subject 2988,"<div>Hello, we are interested in your profile.</div><br><p>Best regards,</p>",13-08-2025,High,0,100,s_p_a_m,v1.0
324614fe-de37-4071-a829-35d4b13a2590,user797@example.com,Subject 2989,Your account has been suspended. Please login to verify.,2026-04-15T20:05:05.332300,N/A,null,10,0,v1.0
4679fd3c-258d-4d1c-b59d-7e23b08f9973,user215@example.com,Subject 2990,Attached is the invoice for last month.,1767837905,N/A,0,1,spam,v1.0
6f400ffc-be8d-420e-8de1-d4ffd5559b90,user603@example.com,Subject 2991,Free money!!! Just click <b>&nbsp;this link&nbsp;</b>,03-06-2025,null,-1,10,ham,v1.0
2d8f908b-68c9-474c-b76e-bdb0b67174ff,user593@example.com,Subject 2992,Meeting at 5pm? Let me know.,06/16/2025,Low,2,0,ham,v1.0
4fc0a032-b6e8-4233-83ed-e699c6548031,user318@example.com,Subject 2993,"Bonjour, voici les documents demandés.",2025-10-23T20:05:05.332319,Low,-1,100,0,v1.0
c0813dca-19fa-4ef9-8aab-cfb8bb54f087,user562@example.com,Subject 2994,"<div>Attached is the invoice for last month.</div><br><p>Best regards,</p>",01/01/2026,N/A,0,10,Ham,v1.0
9c5a05ed-6ca8-4232-8963-1ec27137557b,user787@example.com,Subject 2995,Free money!!! Just click <b>&nbsp;this link&nbsp;</b>,1748307905,Low,None,1,SPAM,v1.0
053c3874-24b1-416b-9f41-973436838bb0,user90@example.com,Subject 2996,How have you been? It has been a long time.,24-02-2026,null,1,1,s_p_a_m,v1.0
3e5b6ce5-ec13-4a6b-ab4c-fc185ce204f1,user330@example.com,Subject 2997,Meeting at 5pm? Let me know.,1762913105,null,null,10,spam,v1.0
651de903-3180-4588-8f32-01369017e089,user820@example.com,Subject 2998,"Cheap meds, no prescription needed!!!",06-11-2025,Urgent!,None,0,Ham,v1.0
7f524025-b5d5-4034-a46e-05c5c8ba86d6,user144@example.com,Subject 2999,¡Urgente! Necesitamos su respuesta inmediata.,1774919105,Medium,-1,1,Legit,v1.0
72bddbc3-b20b-4dcb-82bb-7e370b4a496a,user245@example.com,Subject 3000,Attached is the invoice for last month.,1755047105,High,None,1,0,v1.0
221b9104-798d-4960-8c9e-da12b701f93e,user518@example.com,Subject 3001,Your account has been suspended. Please login to verify.,2025-05-19T20:05:05.332356,High,2,5,s_p_a_m,v1.0
f1ab11a1-ebe4-4c2f-bba6-67a005795a4c,user799@example.com,Subject 3002,"<div>How have you been? It has been a long time.</div><br><p>Best regards,</p>",08-08-2025,Medium,null,1,spam,v1.0
3170e0ce-6a0b-4ce1-a612-b0f4e7cbb6db,user710@example.com,Subject 3003,"<div>Cheap meds, no prescription needed!!!</div><br><p>Best regards,</p>",2025-08-02T20:05:05.332366,null,2,1,s_p_a_m,v1.0
c0a37be5-e616-4b2a-9409-ef2e3894805e,user998@example.com,Subject 3004,Attached is the invoice for last month.,30-08-2025,null,1,0,ham,v1.0
ffd1099b-3027-412d-ba76-62ba36997ed7,user222@example.com,Subject 3005,"<div>Attached is the invoice for last month.</div><br><p>Best regards,</p>",1754874305,Medium,null,5,1,v1.0
17ff177e-e657-4735-9b91-500c32f4e3e4,user812@example.com,Subject 3006,"Bonjour, voici les documents demandés.",17-07-2025,null,-1,0,s_p_a_m,v1.0
2ad5f6be-050f-490a-ad23-0d00d051f8c8,user191@example.com,Subject 3007,¡Urgente! Necesitamos su respuesta inmediata.,1759453505,null,null,10,spam,v1.0
190d8b59-f976-4a9c-9db9-be7e065395bb,user791@example.com,Subject 3008,"<div>WINNER! Claim your prize now at <a href='http://malware.com'>here</a></div><br><p>Best regards,</p>",1761440705,High,null,10,0,v1.0
65b9d7a5-bc25-4bcc-b072-571b9ccb16dd,user623@example.com,Subject 3009,WINNER! Claim your prize now at <a href='http://malware.com'>here</a>,1746579905,High,None,10,s_p_a_m,v1.0
6a4dd35d-890e-4ed6-9c4e-1bf89aa5ec15,user618@example.com,Subject 3010,Attached is the invoice for last month.,08/19/2025,null,0,10,s_p_a_m,v1.0
55b04263-90b2-4783-be22-e8e890557413,user430@example.com,Subject 3011,"<div>¡Urgente! Necesitamos su respuesta inmediata.</div><br><p>Best regards,</p>",1758416705,null,2,1,1,v1.0
4022f712-5b39-4907-9f00-00f730055f11,user340@example.com,Subject 3012,Meeting at 5pm? Let me know.,1761613505,N/A,-1,100,s_p_a_m,v1.0
55204cc6-0a05-439e-82b2-7bd6c459e2e6,user896@example.com,Subject 3013,"Hello, we are interested in your profile.",1765505105,Medium,2,10,SPAM,v1.0
36589e35-17c9-4a41-856c-9222184c66aa,user337@example.com,Subject 3014,"<div>Cheap meds, no prescription needed!!!</div><br><p>Best regards,</p>",2025-11-23T20:05:05.332418,N/A,0,5,0,v1.0
82c77a9e-fc06-4405-bd55-b684c2311964,user250@example.com,Subject 3015,How have you been? It has been a long time.,12-06-2025,Low,-1,100,SPAM,v1.0
1ef6825a-86ad-4ed7-9ef7-8355b1a6f3eb,user969@example.com,Subject 3016,WINNER! Claim your prize now at <a href='http://malware.com'>here</a>,05/15/2025,null,null,100,1,v1.0
22961b35-ae42-48a7-ae33-5e3d21a65897,user865@example.com,Subject 3017,Your account has been suspended. Please login to verify.,02-05-2025,Low,-1,100,1,v1.0
88fb17b4-f3b1-4a38-ba66-3f4eb33bc8ef,user429@example.com,Subject 3018,Your account has been suspended. Please login to verify.,12-10-2025,Medium,2,0,s_p_a_m,v1.0
8bf13273-27d1-4bdd-8b54-cdab847a93d4,user100@example.com,Subject 3019,"<div>Your account has been suspended. Please login to verify.</div><br><p>Best regards,</p>",2026-03-04T20:05:05.332443,Low,2,1,1,v1.0
d3c9da9f-eb95-4535-831f-cc1280aab214,user660@example.com,Subject 3020,"Cheap meds, no prescription needed!!!",1748653505,Low,null,5,Legit,v1.0
812a0365-15c8-4542-9f26-1ca2fcbcb435,user407@example.com,Subject 3021,"<div>Free money!!! Just click <b>&nbsp;this link&nbsp;</b></div><br><p>Best regards,</p>",1752109505,Urgent!,None,100,spam,v1.0
ad7f3530-8acb-471a-842a-e53cafe6a1f5,user986@example.com,Subject 3022,¡Urgente! Necesitamos su respuesta inmediata.,2026-02-07T20:05:05.332457,Medium,0,1,0,v1.0
7546ac10-e2a4-4aad-8c43-d863853dc100,user993@example.com,Subject 3023,"<div>Your account has been suspended. Please login to verify.</div><br><p>Best regards,</p>",10/23/2025,Medium,2,5,Ham,v1.0
61a5c27b-6105-4d61-b3de-12d624648a78,user636@example.com,Subject 3024,"<div>Meeting at 5pm? Let me know.</div><br><p>Best regards,</p>",2026-04-23T20:05:05.332467,High,None,100,Ham,v1.0
cbab9f01-8c4c-4bb4-8d94-66efa5595b6c,user127@example.com,Subject 3025,¡Urgente! Necesitamos su respuesta inmediata.,01/17/2026,Low,2,100,1,v1.0
3ecd8eeb-054c-48b1-b567-8eecd8be972d,user718@example.com,Subject 3026,"Hello, we are interested in your profile.",1772071505,High,None,5,Legit,v1.0
ec1a36e1-762f-4b62-93cf-50a037196d10,user925@example.com,Subject 3027,Attached is the invoice for last month.,2025-10-06T20:05:05.332481,Low,null,1,0,v1.0
c86c0a6b-467a-4d60-a278-115eefc870c2,user553@example.com,Subject 3028,"<div>WINNER! Claim your prize now at <a href='http://malware.com'>here</a></div><br><p>Best regards,</p>",1752714305,Urgent!,0,1,Legit,v1.0
df2463a6-963c-4f13-bd75-c8ce8ea1a826,user357@example.com,Subject 3029,"<div>Hello, we are interested in your profile.</div><br><p>Best regards,</p>",1766973905,N/A,-1,1,ham,v1.0
02fa4d83-4556-45f6-ba77-56eccafb3507,user504@example.com,Subject 3030,"Hello, we are interested in your profile.",2026-03-19T20:05:05.332495,Low,2,10,spam,v1.0
8eaca578-f424-4f4d-9019-a4bd1363fad7,user619@example.com,Subject 3031,Your account has been suspended. Please login to verify.,1751072705,High,null,100,spam,v1.0
dfa06307-d114-486d-ac58-26e5f29be6b5,user919@example.com,Subject 3032,How have you been? It has been a long time.,1775351105,Low,2,5,spam,v1.0
f7824b52-80d7-47b0-9b63-a7b50fc72b10,user895@example.com,Subject 3033,"Bonjour, voici les documents demandés.",02/09/2026,Low,-1,1,ham,v1.0
5be9d388-6d28-45f1-a0e7-e229cd675756,user612@example.com,Subject 3034,¡Urgente! Necesitamos su respuesta inmediata.,1770257105,Low,-1,1,s_p_a_m,v1.0
d5fdbb17-cbbc-4c36-9e0c-f42cf9931ecd,user748@example.com,Subject 3035,Meeting at 5pm? Let me know.,04/05/2026,null,0,10,spam,v1.0
1b39ca09-467a-4200-8645-3f7105ad00ef,user720@example.com,Subject 3036,¡Urgente! Necesitamos su respuesta inmediata.,12/23/2025,Low,None,10,s_p_a_m,v1.0
a81ec917-3adb-4bb2-935f-fa3e35ba6e19,user494@example.com,Subject 3037,Attached is the invoice for last month.,16-07-2025,High,2,100,s_p_a_m,v1.0
6fae625a-2633-4fa1-a541-4ee594a10b41,user481@example.com,Subject 3038,"<div>Bonjour, voici les documents demandés.</div><br><p>Best regards,</p>",18-11-2025,Urgent!,None,1,Legit,v1.0
2655fe3b-2be3-4ba9-9ede-63bbc21df126,user837@example.com,Subject 3039,Free money!!! Just click <b>&nbsp;this link&nbsp;</b>,08/02/2025,null,2,1,Legit,v1.0
18f9e97a-8220-4309-a954-3e3cf5dec768,user318@example.com,Subject 3040,Attached is the invoice for last month.,1759107905,N/A,null,5,1,v1.0
1ba62c66-1dc1-43ed-a547-9de60a964776,user62@example.com,Subject 3041,"Bonjour, voici les documents demandés.",13-10-2025,Low,2,100,SPAM,v1.0
cd614995-528f-4a84-a3cc-785102d61086,user766@example.com,Subject 3042,Free money!!! Just click <b>&nbsp;this link&nbsp;</b>,2025-08-15T20:05:05.332554,Urgent!,1,0,1,v1.0
875b5511-7987-45fc-9a82-67c2b3520dac,user457@example.com,Subject 3043,¡Urgente! Necesitamos su respuesta inmediata.,27-03-2026,Urgent!,1,1,SPAM,v1.0
f9b1d2e6-0136-4357-9c48-7ad74f766fe6,user264@example.com,Subject 3044,¡Urgente! Necesitamos su respuesta inmediata.,07/17/2025,Urgent!,0,0,s_p_a_m,v1.0
59088598-2c33-455f-870c-76493ab2e978,user166@example.com,Subject 3045,"<div>WINNER! Claim your prize now at <a href='http://malware.com'>here</a></div><br><p>Best regards,</p>",2025-07-10T20:05:05.332569,N/A,1,100,spam,v1.0
7df293f9-cb3c-4f7d-b34d-ff7f195629e3,user326@example.com,Subject 3046,"<div>¡Urgente! Necesitamos su respuesta inmediata.</div><br><p>Best regards,</p>",2025-09-19T20:05:05.332573,Medium,-1,10,spam,v1.0
039c2f7e-e08c-40ab-82e3-753ac4f72b5d,user534@example.com,Subject 3047,Free money!!! Just click <b>&nbsp;this link&nbsp;</b>,2026-01-31T20:05:05.332578,N/A,2,10,1,v1.0
5f3b354f-16e9-4753-9d8b-dcd5db8e42e6,user458@example.com,Subject 3048,¡Urgente! Necesitamos su respuesta inmediata.,2026-04-18T20:05:05.332582,Medium,2,10,Legit,v1.0
4f549d2c-4505-4242-81ed-5babd60509cb,user617@example.com,Subject 3049,"<div>How have you been? It has been a long time.</div><br><p>Best regards,</p>",14-08-2025,null,None,100,SPAM,v1.0
4ef0ca3d-77c0-49de-b009-ce702a7e9834,user666@example.com,Subject 3050,"<div>Attached is the invoice for last month.</div><br><p>Best regards,</p>",31-12-2025,Urgent!,null,10,1,v1.0
deb63d8c-de11-48b1-8d9c-58a8016d48cc,user593@example.com,Subject 3051,Attached is the invoice for last month.,04/18/2026,High,-1,0,ham,v1.0
22eb2378-348e-47dc-ab09-056179f39750,user484@example.com,Subject 3052,"Hello, we are interested in your profile.",1776733505,Urgent!,0,5,SPAM,v1.0
e3b6143c-c70d-45a0-aae7-65942c77465a,user772@example.com,Subject 3053,¡Urgente! Necesitamos su respuesta inmediata.,20-07-2025,Low,2,5,ham,v1.0
676db281-4493-416f-abe0-fecc62857d5d,user827@example.com,Subject 3054,"<div>Bonjour, voici les documents demandés.</div><br><p>Best regards,</p>",1777338305,Urgent!,1,100,SPAM,v1.0
655ac229-55c7-46e2-b23a-918c47b85d7e,user730@example.com,Subject 3055,WINNER! Claim your prize now at <a href='http://malware.com'>here</a>,2026-01-27T20:05:05.332619,N/A,0,100,Legit,v1.0
a058f41f-f505-4a6a-ab5e-90727493bffd,user719@example.com,Subject 3056,Free money!!! Just click <b>&nbsp;this link&nbsp;</b>,2026-03-13T20:05:05.332623,Medium,null,0,1,v1.0
081e6e78-978a-447d-ad68-2b95c5fc0b77,user25@example.com,Subject 3057,Attached is the invoice for last month.,23-04-2026,N/A,0,5,Legit,v1.0
f254e93b-5ca4-4e0a-8eb7-f8639c3f830a,user843@example.com,Subject 3058,"<div>How have you been? It has been a long time.</div><br><p>Best regards,</p>",1773363905,Medium,None,10,ham,v1.0
c5ab92ce-7b55-42e0-82c2-3df834c261de,user629@example.com,Subject 3059,WINNER! Claim your prize now at <a href='http://malware.com'>here</a>,1758157505,Low,None,0,s_p_a_m,v1.0
72566d68-fe92-44e5-8fcb-db6ef6ec3398,user113@example.com,Subject 3060,"<div>Cheap meds, no prescription needed!!!</div><br><p>Best regards,</p>",01/20/2026,Low,0,100,spam,v1.0
82b1eff8-370f-496c-9d50-15cfdfb9ce2d,user953@example.com,Subject 3061,Your account has been suspended. Please login to verify.,1763085905,Low,None,5,Legit,v1.0
2786f807-7dd5-4aa9-8ca8-0ef1d70b9142,user817@example.com,Subject 3062,"<div>Meeting at 5pm? Let me know.</div><br><p>Best regards,</p>",03/11/2026,null,null,0,Ham,v1.0
0044d7d4-8e5a-44c5-a57c-ddae5937e53a,user889@example.com,Subject 3063,"<div>Cheap meds, no prescription needed!!!</div><br><p>Best regards,</p>",2025-07-11T20:05:05.332657,null,1,1,spam,v1.0
069562e0-0554-4aae-b915-30509a75e42d,user253@example.com,Subject 3064,"<div>Cheap meds, no prescription needed!!!</div><br><p>Best regards,</p>",05/25/2025,null,1,1,Legit,v1.0
dd51844b-66b6-497d-a5ea-0e80c78010e3,user821@example.com,Subject 3065,Meeting at 5pm? Let me know.,15-09-2025,Low,1,10,ham,v1.0
11fcc020-a7ff-48da-a55e-df141d52b8bb,user38@example.com,Subject 3066,"Bonjour, voici les documents demandés.",29-09-2025,null,null,100,SPAM,v1.0
09824ac0-8cd0-48bf-8115-fb6bc1bffbb3,user682@example.com,Subject 3067,¡Urgente! Necesitamos su respuesta inmediata.,19-06-2025,Low,2,10,Ham,v1.0
0938e885-c6d3-4301-a630-5b7688b60a2d,user693@example.com,Subject 3068,Meeting at 5pm? Let me know.,11/12/2025,Medium,2,10,SPAM,v1.0
96620873-84d0-4449-9d15-030fd0ccd7e3,user2@example.com,Subject 3069,How have you been? It has been a long time.,04/09/2026,Medium,null,100,0,v1.0
8d4fb263-2fff-4422-a7c1-fb7d06c8b6b7,user496@example.com,Subject 3070,"Hello, we are interested in your profile.",22-02-2026,Medium,-1,100,s_p_a_m,v1.0
30349e93-3c08-4478-b7f8-e2640f617dc2,user395@example.com,Subject 3071,"Bonjour, voici les documents demandés.",2026-02-05T20:05:05.332699,N/A,0,100,Legit,v1.0
d5365543-4f4e-4f48-8618-43c6f3ba13ac,user648@example.com,Subject 3072,Your account has been suspended. Please login to verify.,04/23/2026,Urgent!,-1,0,1,v1.0
f3a9dbb7-a1e9-4f57-8d56-958dede511ee,user53@example.com,Subject 3073,"<div>Your account has been suspended. Please login to verify.</div><br><p>Best regards,</p>",05-10-2025,High,2,0,s_p_a_m,v1.0
137e036e-c59a-4586-a39d-fcc023f9b5fb,user772@example.com,Subject 3074,Free money!!! Just click <b>&nbsp;this link&nbsp;</b>,1770516305,High,0,100,Ham,v1.0
5ac2ce58-8d41-4196-8270-d2c070d2ebaa,user721@example.com,Subject 3075,"<div>Hello, we are interested in your profile.</div><br><p>Best regards,</p>",08/28/2025,null,2,1,s_p_a_m,v1.0
018e874d-1daf-45ee-b38d-a9dabcca1de5,user293@example.com,Subject 3076,Attached is the invoice for last month.,1763863505,High,None,10,spam,v1.0
ff27b8fe-f127-4027-8220-1f2e71dda1a0,user832@example.com,Subject 3077,"Bonjour, voici les documents demandés.",1747357505,N/A,1,5,s_p_a_m,v1.0
68dbc01d-6a3f-42d2-8063-fd1fd91e1620,user499@example.com,Subject 3078,WINNER! Claim your prize now at <a href='http://malware.com'>here</a>,1750381505,null,None,100,s_p_a_m,v1.0
cd28d9b9-3f4c-4da3-ae36-1536d9f5ec99,user4@example.com,Subject 3079,How have you been? It has been a long time.,11/05/2025,High,1,10,0,v1.0
4cac0b1f-ab1f-4938-b64d-32e567ed26f0,user337@example.com,Subject 3080,Attached is the invoice for last month.,05-04-2026,Medium,1,5,SPAM,v1.0
b00c4581-ea6a-483b-895a-3122fd5d15d3,user329@example.com,Subject 3081,How have you been? It has been a long time.,1769133905,High,2,10,0,v1.0
f3d78db1-c09f-420a-a510-f868ddd7a026,user165@example.com,Subject 3082,¡Urgente! Necesitamos su respuesta inmediata.,1773277505,Low,0,5,Legit,v1.0
5deff63d-41ff-4113-81a8-49b5fe5dc9d1,user386@example.com,Subject 3083,How have you been? It has been a long time.,2026-02-16T20:05:05.332755,Urgent!,-1,1,Ham,v1.0
d39c228a-9ac4-4c28-b4bc-639bf18ecd1b,user689@example.com,Subject 3084,How have you been? It has been a long time.,1771898705,Urgent!,1,10,0,v1.0
7000042b-5a27-42a6-b77e-fc7dcede0929,user71@example.com,Subject 3085,"<div>Your account has been suspended. Please login to verify.</div><br><p>Best regards,</p>",05/29/2025,Medium,None,1,1,v1.0
8c91e27c-fd70-48f3-8f59-a4f03fe22204,user139@example.com,Subject 3086,¡Urgente! Necesitamos su respuesta inmediata.,1753146305,High,2,100,spam,v1.0
732e6c93-c198-4708-b330-959d58f79e39,user672@example.com,Subject 3087,Free money!!! Just click <b>&nbsp;this link&nbsp;</b>,2026-02-14T20:05:05.332776,null,null,10,0,v1.0
ca2102f1-e0c8-4fb4-944a-624fa2f65940,user519@example.com,Subject 3088,WINNER! Claim your prize now at <a href='http://malware.com'>here</a>,2025-07-06T20:05:05.332781,High,2,5,Legit,v1.0
575047f4-d830-402b-b10b-8cf4ab78bf1d,user242@example.com,Subject 3089,Your account has been suspended. Please login to verify.,2025-08-06T20:05:05.332786,Urgent!,-1,5,SPAM,v1.0
ad00b99e-3976-46ef-8400-580ee62c6a84,user942@example.com,Subject 3090,Meeting at 5pm? Let me know.,10/04/2025,High,-1,10,Legit,v1.0
a14760f8-ccd8-438e-b039-898c50f32620,user240@example.com,Subject 3091,"Hello, we are interested in your profile.",10/31/2025,null,-1,5,SPAM,v1.0
74ac4887-fa52-445c-ba83-1da89bccf720,user649@example.com,Subject 3092,"<div>How have you been? It has been a long time.</div><br><p>Best regards,</p>",10/26/2025,N/A,-1,0,Legit,v1.0
c6b9e436-4575-409f-bed8-7c707ed6b2c3,user355@example.com,Subject 3093,¡Urgente! Necesitamos su respuesta inmediata.,1751072705,Low,0,100,Ham,v1.0
ddf377c8-ec57-4da6-85f3-781191cff497,user375@example.com,Subject 3094,Meeting at 5pm? Let me know.,25-07-2025,N/A,-1,1,Legit,v1.0
f828b7c6-51cd-4093-b4cd-7a52c3d5b48b,user996@example.com,Subject 3095,"<div>Cheap meds, no prescription needed!!!</div><br><p>Best regards,</p>",2025-09-16T20:05:05.332815,null,2,1,1,v1.0
bd1249c0-a4a0-493f-8b54-f30dd1853c9d,user710@example.com,Subject 3096,Free money!!! Just click <b>&nbsp;this link&nbsp;</b>,1773018305,High,2,10,s_p_a_m,v1.0
71161ed2-b691-467d-8b4b-135230253a50,user347@example.com,Subject 3097,"Hello, we are interested in your profile.",1755824705,Low,None,0,s_p_a_m,v1.0
493a26d1-17ff-4ce6-9ded-dd3c7219e1b0,user460@example.com,Subject 3098,"<div>Cheap meds, no prescription needed!!!</div><br><p>Best regards,</p>",1752109505,High,2,100,spam,v1.0
77acb0f0-bc7b-4e6a-a26c-247218e3da48,user856@example.com,Subject 3099,"Hello, we are interested in your profile.",1769047505,N/A,0,0,SPAM,v1.0
0b115d13-deae-4bac-be2d-8246522f7a53,user804@example.com,Subject 3100,"<div>Meeting at 5pm? Let me know.</div><br><p>Best regards,</p>",15-02-2026,Urgent!,None,10,SPAM,v1.0
27c24be9-47a6-4c34-839c-810fc380ba6d,user152@example.com,Subject 3101,Attached is the invoice for last month.,1776215105,null,0,1,SPAM,v1.0
17153037-9d34-42a7-a88a-0c06be47ca3a,user525@example.com,Subject 3102,"Hello, we are interested in your profile.",03/26/2026,null,2,5,ham,v1.0
788f3f4e-d831-4398-bd3e-d1301ae78956,user245@example.com,Subject 3103,"<div>Hello, we are interested in your profile.</div><br><p>Best regards,</p>",1762913105,N/A,null,0,Ham,v1.0
05f6c67e-37f4-45cd-a739-83ea7f7edeb8,user727@example.com,Subject 3104,¡Urgente! Necesitamos su respuesta inmediata.,2025-10-04T20:05:05.332901,Urgent!,-1,5,spam,v1.0
5d68e8f6-cf8a-45f7-a2f3-d3a2d6df9d95,user122@example.com,Subject 3105,¡Urgente! Necesitamos su respuesta inmediata.,2026-02-11T20:05:05.332918,N/A,1,10,SPAM,v1.0
42659c17-b605-4193-975f-c8a541b0e3a2,user563@example.com,Subject 3106,¡Urgente! Necesitamos su respuesta inmediata.,2025-08-17T20:05:05.332925,Urgent!,2,100,spam,v1.0
d56cce34-8fb3-4dfb-bee6-b8ba4e858312,user431@example.com,Subject 3107,"<div>¡Urgente! Necesitamos su respuesta inmediata.</div><br><p>Best regards,</p>",06-03-2026,Low,None,100,SPAM,v1.0
dc662fb1-cc58-441b-9897-4a0e96910340,user893@example.com,Subject 3108,Free money!!! Just click <b>&nbsp;this link&nbsp;</b>,05-01-2026,Urgent!,null,0,s_p_a_m,v1.0
ca5758bb-a934-47a1-a46d-0eccd7a68821,user428@example.com,Subject 3109,"<div>WINNER! Claim your prize now at <a href='http://malware.com'>here</a></div><br><p>Best regards,</p>",06/06/2025,N/A,2,10,spam,v1.0
f0ab341b-539a-48f2-adab-b3a420deefe9,user210@example.com,Subject 3110,"Cheap meds, no prescription needed!!!",09-06-2025,High,None,10,spam,v1.0
df5c9e97-1b69-4313-a233-1537b69b5518,user866@example.com,Subject 3111,How have you been? It has been a long time.,01-05-2025,Medium,0,100,Ham,v1.0
a599c274-96f3-4cf0-af17-ef898bb21310,user906@example.com,Subject 3112,"<div>Bonjour, voici les documents demandés.</div><br><p>Best regards,</p>",06/27/2025,N/A,2,1,ham,v1.0
524839ed-f29f-49d2-9df7-87aa92d34615,user563@example.com,Subject 3113,"<div>¡Urgente! Necesitamos su respuesta inmediata.</div><br><p>Best regards,</p>",27-03-2026,Medium,2,5,Legit,v1.0
84394b91-5ba3-43de-8add-e08c683de41f,user615@example.com,Subject 3114,"Bonjour, voici les documents demandés.",10/04/2025,High,1,0,spam,v1.0
f8e3f371-3995-4e8a-bfee-5a3b4d9579f5,user877@example.com,Subject 3115,How have you been? It has been a long time.,30-09-2025,null,2,0,spam,v1.0
dbfd6349-308b-4495-a84c-d0d97fed2bd4,user882@example.com,Subject 3116,Your account has been suspended. Please login to verify.,1753232705,High,2,5,Legit,v1.0
451b8341-a408-4073-871b-fba3fea89df6,user290@example.com,Subject 3117,"<div>Bonjour, voici les documents demandés.</div><br><p>Best regards,</p>",1777251905,Urgent!,null,10,0,v1.0
3732d09f-c3a3-47ad-99fd-5604f99410d7,user337@example.com,Subject 3118,"Cheap meds, no prescription needed!!!",2025-10-27T20:05:05.332998,Medium,2,100,0,v1.0
afb576d8-7961-4b6a-9209-9fbd0ff285d4,user419@example.com,Subject 3119,WINNER! Claim your prize now at <a href='http://malware.com'>here</a>,21-04-2026,N/A,null,0,0,v1.0
4b7665f8-6ea5-4812-81b7-71ded8387982,user110@example.com,Subject 3120,"Cheap meds, no prescription needed!!!",08-03-2026,Urgent!,null,100,SPAM,v1.0
2dfa94a7-196e-4585-98a3-21f0f15891b9,user476@example.com,Subject 3121,"<div>Bonjour, voici les documents demandés.</div><br><p>Best regards,</p>",2025-08-09T20:05:05.333017,null,-1,100,Ham,v1.0
8f7a3e7f-4fdd-4bdc-8300-99720636455c,user592@example.com,Subject 3122,"<div>Hello, we are interested in your profile.</div><br><p>Best regards,</p>",1750899905,Medium,1,1,s_p_a_m,v1.0
f95c5461-964f-4c22-b2b7-3b53e5c2359d,user848@example.com,Subject 3123,"Bonjour, voici les documents demandés.",2025-06-27T20:05:05.333026,Low,0,100,ham,v1.0
1cfd3bb1-dc0c-428a-a38a-2b5b890ec100,user525@example.com,Subject 3124,"<div>Cheap meds, no prescription needed!!!</div><br><p>Best regards,</p>",24-10-2025,Low,null,0,1,v1.0
c71c5394-d249-4963-811c-05a2a1e5cba7,user52@example.com,Subject 3125,¡Urgente! Necesitamos su respuesta inmediata.,06/22/2025,High,2,1,spam,v1.0
c12f0522-7edd-4ec4-80bc-c1be0dc66a35,user252@example.com,Subject 3126,Free money!!! Just click <b>&nbsp;this link&nbsp;</b>,04/14/2026,Low,None,5,spam,v1.0
712ac25a-168e-4c2c-a5a6-b87d1f166547,user101@example.com,Subject 3127,How have you been? It has been a long time.,1763777105,N/A,-1,10,spam,v1.0
47b31e0b-ffbc-42dc-a64d-880089382c32,user268@example.com,Subject 3128,How have you been? It has been a long time.,04/08/2026,Medium,null,100,ham,v1.0
11a44154-bd8a-4b5d-86dd-0e6b49bff42f,user130@example.com,Subject 3129,"<div>Your account has been suspended. Please login to verify.</div><br><p>Best regards,</p>",2025-07-21T20:05:05.333057,Urgent!,1,5,Ham,v1.0
f3272d87-40fc-4728-a68c-6ee529c82a67,user988@example.com,Subject 3130,"Bonjour, voici les documents demandés.",30-11-2025,Urgent!,-1,100,SPAM,v1.0
48492620-ce46-41f1-9d91-61b1e67b62d8,user838@example.com,Subject 3131,Your account has been suspended. Please login to verify.,21-03-2026,null,None,0,ham,v1.0
0c89a93c-d6b5-475b-821d-721317f3da66,user245@example.com,Subject 3132,¡Urgente! Necesitamos su respuesta inmediata.,05/27/2025,null,None,10,0,v1.0
9c082606-577b-43d6-ae39-7c71cfcbaca0,user69@example.com,Subject 3133,WINNER! Claim your prize now at <a href='http://malware.com'>here</a>,02/24/2026,High,-1,1,spam,v1.0
d2b7bd29-f458-43bb-86d7-2c9195a29c0b,user600@example.com,Subject 3134,Attached is the invoice for last month.,28-01-2026,null,null,10,0,v1.0
f04d961d-ec69-45e7-abc8-1018d96796b1,user272@example.com,Subject 3135,"<div>Attached is the invoice for last month.</div><br><p>Best regards,</p>",05/27/2025,Medium,-1,10,SPAM,v1.0
af7eaeac-8bb5-494e-8b03-3499f1348990,user107@example.com,Subject 3136,"Hello, we are interested in your profile.",2025-08-25T20:05:05.333094,Urgent!,null,5,ham,v1.0
7c67c04f-94c8-4f8f-b151-1a1eb8ba640c,user168@example.com,Subject 3137,"<div>Meeting at 5pm? Let me know.</div><br><p>Best regards,</p>",03-09-2025,Urgent!,null,5,1,v1.0
69dac3c7-1b26-413a-a56d-894b4c87b4e7,user125@example.com,Subject 3138,"<div>Hello, we are interested in your profile.</div><br><p>Best regards,</p>",1760835905,Urgent!,1,5,SPAM,v1.0
138d870d-3f9e-4680-aea5-c6d4e6436352,user198@example.com,Subject 3139,Attached is the invoice for last month.,31-07-2025,N/A,null,1,ham,v1.0
25acc112-d0f0-463c-8503-e0e7fe631b82,user919@example.com,Subject 3140,Your account has been suspended. Please login to verify.,08/01/2025,N/A,null,100,Legit,v1.0
ab8cccb0-8869-4f3a-9bca-8a0f805dd651,user241@example.com,Subject 3141,Free money!!! Just click <b>&nbsp;this link&nbsp;</b>,1765591505,Medium,2,100,Legit,v1.0
53b5efaf-b347-4c92-b626-90fee58679d0,user259@example.com,Subject 3142,"<div>Your account has been suspended. Please login to verify.</div><br><p>Best regards,</p>",08/03/2025,Urgent!,1,10,Ham,v1.0
4052f2e1-8998-4f13-8e42-55b2133751c6,user432@example.com,Subject 3143,Your account has been suspended. Please login to verify.,2025-12-09T20:05:05.333131,null,2,0,ham,v1.0
2d746792-314e-40ba-ac94-35b5d35f112d,user720@example.com,Subject 3144,"<div>Your account has been suspended. Please login to verify.</div><br><p>Best regards,</p>",12-10-2025,N/A,None,1,SPAM,v1.0
8959bf2a-f214-4cd8-b4fb-6e2755e66ddc,user131@example.com,Subject 3145,"Bonjour, voici les documents demandés.",31-08-2025,Low,None,0,Legit,v1.0
387c2c6c-91ce-439c-9362-d6f586041cef,user107@example.com,Subject 3146,"<div>WINNER! Claim your prize now at <a href='http://malware.com'>here</a></div><br><p>Best regards,</p>",2026-01-19T20:05:05.333187,null,1,5,s_p_a_m,v1.0
2cb7c8c5-774e-48a4-b674-9b85a540a536,user251@example.com,Subject 3147,¡Urgente! Necesitamos su respuesta inmediata.,11/08/2025,Medium,null,0,s_p_a_m,v1.0
6fd88e76-7444-4eab-9d93-0b35cbe1fa59,user905@example.com,Subject 3148,"<div>Your account has been suspended. Please login to verify.</div><br><p>Best regards,</p>",12-01-2026,Urgent!,2,100,spam,v1.0
f9f30b74-f647-4672-bd3b-e56739054a0a,user393@example.com,Subject 3149,¡Urgente! Necesitamos su respuesta inmediata.,04/11/2026,Medium,-1,1,0,v1.0
aabccbd5-6583-4e77-aa7d-b004e1afd881,user372@example.com,Subject 3150,Your account has been suspended. Please login to verify.,23-11-2025,Low,null,1,ham,v1.0
c68451f2-60fa-410b-888f-7010483e5249,user66@example.com,Subject 3151,¡Urgente! Necesitamos su respuesta inmediata.,24-11-2025,Medium,None,1,Ham,v1.0
5a8b4a95-01b2-481b-b154-27008d2add62,user400@example.com,Subject 3152,"<div>Bonjour, voici les documents demandés.</div><br><p>Best regards,</p>",01/24/2026,Low,1,100,ham,v1.0
c4dd98f9-90c5-4567-a16a-b4469d5b4097,user559@example.com,Subject 3153,Free money!!! Just click <b>&nbsp;this link&nbsp;</b>,07/31/2025,Medium,0,0,s_p_a_m,v1.0
0348008c-6e09-44dd-ae62-133b9d4725f3,user742@example.com,Subject 3154,"<div>¡Urgente! Necesitamos su respuesta inmediata.</div><br><p>Best regards,</p>",24-02-2026,Medium,2,100,Legit,v1.0
7a105695-4099-4652-8e40-4194ed593791,user29@example.com,Subject 3155,"<div>Hello, we are interested in your profile.</div><br><p>Best regards,</p>",1770861905,High,1,0,Legit,v1.0
8be00084-e593-4d90-893f-660462b0b6df,user264@example.com,Subject 3156,Attached is the invoice for last month.,17-07-2025,High,0,5,Ham,v1.0
f813c5e8-4a83-4985-9a1b-99b4b4b9f425,user761@example.com,Subject 3157,¡Urgente! Necesitamos su respuesta inmediata.,1750899905,High,2,5,1,v1.0
4e88ba64-beef-4d3e-bc23-312250b34d60,user745@example.com,Subject 3158,How have you been? It has been a long time.,2025-10-30T20:05:05.333257,High,-1,100,s_p_a_m,v1.0
9fbfdd54-77ae-4587-ad68-4dcb905b62f0,user558@example.com,Subject 3159,"<div>WINNER! Claim your prize now at <a href='http://malware.com'>here</a></div><br><p>Best regards,</p>",13-11-2025,Urgent!,0,100,Legit,v1.0
b1e6377d-8d01-484d-bfff-357ef315b2d2,user474@example.com,Subject 3160,"Bonjour, voici les documents demandés.",2026-04-23T20:05:05.333267,Urgent!,-1,5,1,v1.0
8c4c52be-51e4-43db-b6cf-22430c7c2b09,user931@example.com,Subject 3161,"<div>¡Urgente! Necesitamos su respuesta inmediata.</div><br><p>Best regards,</p>",11/25/2025,Urgent!,-1,100,Ham,v1.0
4eee0312-826a-4dc7-8d0f-fa2ae88db76d,user24@example.com,Subject 3162,Attached is the invoice for last month.,01/25/2026,Medium,2,100,SPAM,v1.0
ae975ccd-e19a-431d-9039-04307377b0b7,user987@example.com,Subject 3163,"<div>Cheap meds, no prescription needed!!!</div><br><p>Best regards,</p>",2025-07-01T20:05:05.333283,null,1,100,spam,v1.0
2845343d-ea4c-4295-98ee-0018d789c3bc,user976@example.com,Subject 3164,"Hello, we are interested in your profile.",01/18/2026,N/A,-1,10,1,v1.0
76eaa1fe-fb70-4281-9e03-3f5e4bb24b0c,user556@example.com,Subject 3165,"<div>Cheap meds, no prescription needed!!!</div><br><p>Best regards,</p>",18-07-2025,Urgent!,2,1,1,v1.0
1af4f786-4f6b-4a37-8766-4ed6648b819f,user515@example.com,Subject 3166,"Cheap meds, no prescription needed!!!",1768529105,null,null,1,spam,v1.0
baa4de5e-7d2a-46d8-a93d-114de442a25e,user792@example.com,Subject 3167,Free money!!! Just click <b>&nbsp;this link&nbsp;</b>,1753319105,Low,null,5,s_p_a_m,v1.0
6db682d0-36a2-43e3-a74b-6fdcb9fc39ab,user651@example.com,Subject 3168,"<div>Cheap meds, no prescription needed!!!</div><br><p>Best regards,</p>",17-10-2025,Medium,-1,5,s_p_a_m,v1.0
0f101aad-1823-4b79-a0d9-e5b1c69bcc0b,user626@example.com,Subject 3169,"<div>¡Urgente! Necesitamos su respuesta inmediata.</div><br><p>Best regards,</p>",1767751505,Low,None,1,Ham,v1.0
a5337cd9-5d50-4e22-b54d-901eb25d6ac9,user376@example.com,Subject 3170,WINNER! Claim your prize now at <a href='http://malware.com'>here</a>,21-10-2025,High,None,1,s_p_a_m,v1.0
3d7f9ac0-8669-4e41-8f17-6f807dbacb1f,user491@example.com,Subject 3171,Free money!!! Just click <b>&nbsp;this link&nbsp;</b>,04/19/2026,N/A,1,10,1,v1.0
bbab7fa9-33f0-4757-8252-6098befd050c,user179@example.com,Subject 3172,Free money!!! Just click <b>&nbsp;this link&nbsp;</b>,10/15/2025,High,null,100,spam,v1.0
7ebe0f41-1382-43e7-9219-90f5cd6accce,user542@example.com,Subject 3173,Meeting at 5pm? Let me know.,1746320705,Medium,1,100,Legit,v1.0
dc2e3dd0-860f-4585-b21d-0270cbe34abe,user687@example.com,Subject 3174,"<div>Attached is the invoice for last month.</div><br><p>Best regards,</p>",10/31/2025,N/A,1,1,1,v1.0
9dcb0f18-0cf1-48cc-8ec7-4262d143220b,user536@example.com,Subject 3175,¡Urgente! Necesitamos su respuesta inmediata.,2025-11-09T20:05:05.333344,Low,1,5,0,v1.0
7bdebe6f-2135-4278-8bfe-2dfe4049360a,user48@example.com,Subject 3176,"Hello, we are interested in your profile.",02/17/2026,High,null,100,SPAM,v1.0
2b6e38c9-c86b-4635-85d2-0a941b9566f8,user989@example.com,Subject 3177,Your account has been suspended. Please login to verify.,08/06/2025,Urgent!,2,100,Legit,v1.0
171ceddf-3814-47be-992a-32ee4af2d3e5,user753@example.com,Subject 3178,"<div>Attached is the invoice for last month.</div><br><p>Best regards,</p>",2025-12-19T20:05:05.333359,Medium,0,5,0,v1.0
0fad03f7-dcbb-4323-8fde-dec91736620e,user162@example.com,Subject 3179,"Hello, we are interested in your profile.",14-07-2025,Medium,2,10,Ham,v1.0
55b486b1-9007-4167-a702-bdfe20414d6e,user582@example.com,Subject 3180,Your account has been suspended. Please login to verify.,06/22/2025,High,2,0,0,v1.0
63e43fa2-cb82-4f5d-8c2f-483b5fa6adbe,user860@example.com,Subject 3181,WINNER! Claim your prize now at <a href='http://malware.com'>here</a>,10/30/2025,N/A,1,100,1,v1.0
d98c77a2-1bc3-4a18-969a-e03f6ac6f370,user703@example.com,Subject 3182,Your account has been suspended. Please login to verify.,06-11-2025,null,2,1,Legit,v1.0
74affea4-6c2b-4d3b-85d4-6adaca160026,user134@example.com,Subject 3183,"<div>Meeting at 5pm? Let me know.</div><br><p>Best regards,</p>",23-05-2025,High,0,5,Ham,v1.0
5738e108-167f-499e-914d-61dcf7bd9337,user756@example.com,Subject 3184,"Hello, we are interested in your profile.",1751245505,Low,1,0,Legit,v1.0
c912d5ea-1841-45b6-89df-f30357fe7b7b,user294@example.com,Subject 3185,¡Urgente! Necesitamos su respuesta inmediata.,1770689105,High,None,1,Ham,v1.0
00a497e6-285b-468f-8ce1-c0715ffad0fb,user811@example.com,Subject 3186,"<div>Attached is the invoice for last month.</div><br><p>Best regards,</p>",26-10-2025,N/A,2,1,spam,v1.0
ebf85c13-1ea6-4918-b8d0-caa8956c0ad4,user879@example.com,Subject 3187,How have you been? It has been a long time.,1765591505,Low,-1,100,0,v1.0
44bb7667-cd98-4a02-ba22-48eae83e83c7,user326@example.com,Subject 3188,Free money!!! Just click <b>&nbsp;this link&nbsp;</b>,1773709505,Medium,0,10,SPAM,v1.0
d77f137a-de89-4e0b-860b-e1c8141171f3,user314@example.com,Subject 3189,¡Urgente! Necesitamos su respuesta inmediata.,2025-07-18T20:05:05.333414,N/A,-1,10,ham,v1.0
574091c8-12e2-47e9-bfb8-253ebdd2093a,user75@example.com,Subject 3190,"<div>WINNER! Claim your prize now at <a href='http://malware.com'>here</a></div><br><p>Best regards,</p>",2026-03-11T20:05:05.333420,Low,0,5,Legit,v1.0
efb56720-3423-404f-ab19-616ce2be23e9,user604@example.com,Subject 3191,Attached is the invoice for last month.,1764381905,Urgent!,None,1,s_p_a_m,v1.0
4abcd2fc-f9f9-43fa-91ef-9923872f146e,user332@example.com,Subject 3192,"<div>How have you been? It has been a long time.</div><br><p>Best regards,</p>",28-03-2026,Medium,1,0,spam,v1.0
027560ea-6ab1-4bb9-a3bb-baf3061bf3f9,user182@example.com,Subject 3193,"<div>Your account has been suspended. Please login to verify.</div><br><p>Best regards,</p>",08/11/2025,Medium,None,5,0,v1.0
4898fa61-b58c-419a-a8fc-29eee0338b90,user847@example.com,Subject 3194,Your account has been suspended. Please login to verify.,02-04-2026,N/A,2,1,0,v1.0
bffb58ec-233f-4af7-8de3-39e0b789a1b1,user96@example.com,Subject 3195,Free money!!! Just click <b>&nbsp;this link&nbsp;</b>,2025-09-24T20:05:05.333444,N/A,None,100,0,v1.0
cc2970da-58c1-488c-87bf-437afc91dd63,user63@example.com,Subject 3196,"<div>Your account has been suspended. Please login to verify.</div><br><p>Best regards,</p>",03-12-2025,N/A,None,100,spam,v1.0
58f552b9-bcf8-4101-a272-caf81e13a569,user690@example.com,Subject 3197,"Hello, we are interested in your profile.",10/25/2025,Low,-1,10,spam,v1.0
632e8d43-1d21-435b-8323-95b52b86e046,user875@example.com,Subject 3198,Free money!!! Just click <b>&nbsp;this link&nbsp;</b>,2025-12-24T20:05:05.333459,Medium,0,10,1,v1.0
20788c94-a6e2-48b8-9a0f-1527002d6e21,user501@example.com,Subject 3199,Your account has been suspended. Please login to verify.,09/13/2025,Low,null,0,Ham,v1.0
431f02d6-81f9-429e-b7cb-2aa5230c50e7,user741@example.com,Subject 3200,How have you been? It has been a long time.,1774400705,High,null,5,spam,v1.0
b176614d-b6bf-4d32-aa61-dc962cffed99,user341@example.com,Subject 3201,¡Urgente! Necesitamos su respuesta inmediata.,05/02/2025,Medium,null,100,Ham,v1.0
cc0ed25b-5d87-4182-ab39-61ae14101422,user265@example.com,Subject 3202,"<div>Hello, we are interested in your profile.</div><br><p>Best regards,</p>",1757034305,N/A,0,5,SPAM,v1.0
c90eeb70-9d83-46d4-8216-0ca355adf612,user491@example.com,Subject 3203,¡Urgente! Necesitamos su respuesta inmediata.,11/25/2025,Low,null,1,spam,v1.0
62a225c4-ec0b-47c9-9338-fde9c65ba8a5,user385@example.com,Subject 3204,"<div>Attached is the invoice for last month.</div><br><p>Best regards,</p>",2026-04-07T20:05:05.333489,N/A,2,1,ham,v1.0
47615eb0-5975-40d6-9a17-dda2519eb247,user717@example.com,Subject 3205,WINNER! Claim your prize now at <a href='http://malware.com'>here</a>,2025-08-18T20:05:05.333493,null,-1,5,Legit,v1.0
54472e88-b86b-4f68-b8c1-1c0f63919960,user477@example.com,Subject 3206,Attached is the invoice for last month.,01/09/2026,N/A,2,0,ham,v1.0
87888136-d4f7-4ccf-a844-ef3c93dfde92,user826@example.com,Subject 3207,"<div>WINNER! Claim your prize now at <a href='http://malware.com'>here</a></div><br><p>Best regards,</p>",2026-03-17T20:05:05.333503,High,null,100,spam,v1.0
0727c593-9000-4c3b-b521-c2e386eb70f5,user425@example.com,Subject 3208,Free money!!! Just click <b>&nbsp;this link&nbsp;</b>,01/12/2026,null,None,0,ham,v1.0
2e095dfc-0ad9-411a-bd8f-f00c429aa767,user242@example.com,Subject 3209,WINNER! Claim your prize now at <a href='http://malware.com'>here</a>,01/29/2026,High,0,0,1,v1.0
c47503a2-6670-4b04-bf50-1f340db5b5ef,user320@example.com,Subject 3210,How have you been? It has been a long time.,16-01-2026,High,-1,100,Ham,v1.0
34fd09ff-3f1b-4959-b399-9b14d2e6b184,user747@example.com,Subject 3211,¡Urgente! Necesitamos su respuesta inmediata.,2025-06-19T20:05:05.333529,N/A,1,1,s_p_a_m,v1.0
0367882b-6ab4-4cf3-8d2c-0281ffddc1e2,user100@example.com,Subject 3212,"Hello, we are interested in your profile.",2026-01-24T20:05:05.333537,null,0,1,s_p_a_m,v1.0
d9b938ea-95f0-4cfd-b241-31df026a3563,user800@example.com,Subject 3213,"Bonjour, voici les documents demandés.",2026-04-30T20:05:05.333543,Urgent!,-1,0,SPAM,v1.0
10f5fd50-244c-425d-a5a7-d9377649bc59,user171@example.com,Subject 3214,"Bonjour, voici les documents demandés.",1755911105,High,2,100,0,v1.0
dd91b322-2dbb-406b-bdd3-df17db61a530,user489@example.com,Subject 3215,Attached is the invoice for last month.,04/14/2026,N/A,0,0,Legit,v1.0
aa405fc2-2d8c-4f54-9cee-95cc21ffc728,user847@example.com,Subject 3216,"Cheap meds, no prescription needed!!!",04-08-2025,Medium,1,1,s_p_a_m,v1.0
0f727de5-ced2-4bbb-9dfb-5191c44d040c,user556@example.com,Subject 3217,Attached is the invoice for last month.,12/17/2025,Urgent!,2,10,ham,v1.0
9c1beeb5-2e15-48e5-8ed5-8f72e98e66f5,user937@example.com,Subject 3218,"Cheap meds, no prescription needed!!!",1747184705,Medium,1,100,1,v1.0
f71022b7-7f78-491f-aec6-80f8d105dcee,user848@example.com,Subject 3219,"<div>Your account has been suspended. Please login to verify.</div><br><p>Best regards,</p>",30-09-2025,Low,None,1,SPAM,v1.0
06d7ec3b-561c-47b5-8991-71c034ae57c6,user316@example.com,Subject 3220,"<div>Free money!!! Just click <b>&nbsp;this link&nbsp;</b></div><br><p>Best regards,</p>",04/08/2026,null,2,1,1,v1.0
0b7fa563-5abc-48de-80b3-2363004a51e4,user607@example.com,Subject 3221,"Cheap meds, no prescription needed!!!",02/25/2026,Medium,2,5,Ham,v1.0
763a615e-966f-4747-9ca8-64246662489b,user636@example.com,Subject 3222,Attached is the invoice for last month.,2026-03-13T20:05:05.333591,N/A,-1,0,SPAM,v1.0
3e6eb8b2-f6e1-4e7e-917b-bbe24b62be80,user131@example.com,Subject 3223,Attached is the invoice for last month.,09/07/2025,Low,null,1,SPAM,v1.0
4f729ec4-55d9-492b-adfa-bfeb4de3a22f,user709@example.com,Subject 3224,"<div>WINNER! Claim your prize now at <a href='http://malware.com'>here</a></div><br><p>Best regards,</p>",28-03-2026,Urgent!,2,100,0,v1.0
ec0ede3c-3975-4037-a992-5154668411ed,user463@example.com,Subject 3225,"Hello, we are interested in your profile.",11/13/2025,N/A,None,5,spam,v1.0
3eead243-d37a-4e02-8029-547dea21e570,user35@example.com,Subject 3226,"<div>Cheap meds, no prescription needed!!!</div><br><p>Best regards,</p>",21-01-2026,High,None,0,ham,v1.0
7bc6a457-f1f0-41be-ab75-4f4279231ea2,user999@example.com,Subject 3227,Your account has been suspended. Please login to verify.,2025-05-25T20:05:05.333616,High,0,1,1,v1.0
4e7bfd67-45a3-45e3-a6ad-15b79b3cc660,user938@example.com,Subject 3228,How have you been? It has been a long time.,12/31/2025,Urgent!,None,0,SPAM,v1.0
0b365a60-688a-45a4-9228-9cdd976f18ae,user664@example.com,Subject 3229,"<div>Hello, we are interested in your profile.</div><br><p>Best regards,</p>",2025-08-22T20:05:05.333626,null,None,1,Ham,v1.0
808cb738-7b5c-4074-840c-1e2f8e63d2bc,user533@example.com,Subject 3230,"<div>¡Urgente! Necesitamos su respuesta inmediata.</div><br><p>Best regards,</p>",24-08-2025,Low,None,0,1,v1.0
1fe4bf84-bd90-42cd-8b93-cc0744870dd9,user22@example.com,Subject 3231,"<div>¡Urgente! Necesitamos su respuesta inmediata.</div><br><p>Best regards,</p>",08-07-2025,Medium,2,1,SPAM,v1.0
62cd9d74-c5dd-4d6a-a815-fc6c7911d31b,user256@example.com,Subject 3232,"Cheap meds, no prescription needed!!!",13-07-2025,Low,-1,100,Legit,v1.0
4d10f04e-6082-4c1f-87c1-489fdf83dba6,user802@example.com,Subject 3233,"<div>¡Urgente! Necesitamos su respuesta inmediata.</div><br><p>Best regards,</p>",15-01-2026,High,0,10,1,v1.0
92b66ea4-50dc-4b10-8704-e8d8a7bb167e,user356@example.com,Subject 3234,"Cheap meds, no prescription needed!!!",2025-05-19T20:05:05.333652,N/A,1,1,Ham,v1.0
5700922c-e082-481f-af94-7c1eb0fd7f42,user157@example.com,Subject 3235,"Cheap meds, no prescription needed!!!",2025-10-17T20:05:05.333657,Low,null,100,1,v1.0
6f2709fb-460b-4262-a535-db4af77d6cd5,user880@example.com,Subject 3236,Free money!!! Just click <b>&nbsp;this link&nbsp;</b>,23-07-2025,N/A,2,0,Ham,v1.0
ea595600-a222-43c5-bbb7-f9f5a6014e3f,user816@example.com,Subject 3237,Free money!!! Just click <b>&nbsp;this link&nbsp;</b>,10/19/2025,N/A,1,5,1,v1.0
503ac4d4-0a62-4171-b0bb-0623e025af5a,user986@example.com,Subject 3238,Attached is the invoice for last month.,23-11-2025,High,1,10,SPAM,v1.0
0c55c79b-89fd-4319-a81a-e8d3df1a8f2f,user773@example.com,Subject 3239,Meeting at 5pm? Let me know.,2025-08-23T20:05:05.333689,Low,None,10,spam,v1.0
19348bc2-35e1-43cc-b2d3-5048b5319f16,user826@example.com,Subject 3240,Attached is the invoice for last month.,08/26/2025,N/A,-1,10,s_p_a_m,v1.0
809dc409-5b5f-454e-859d-0896c536f716,user658@example.com,Subject 3241,"<div>Your account has been suspended. Please login to verify.</div><br><p>Best regards,</p>",12/24/2025,Urgent!,1,5,ham,v1.0
9b55da35-8899-4f29-a01a-86f2576ae8fd,user621@example.com,Subject 3242,"Cheap meds, no prescription needed!!!",05/13/2025,Medium,None,100,Ham,v1.0
560ecc27-4d67-4d8c-a702-3ac478872f7c,user909@example.com,Subject 3243,Meeting at 5pm? Let me know.,2025-07-19T20:05:05.333710,High,0,100,Legit,v1.0
e450960e-ad28-434b-b3e1-eb80aeff9e0b,user451@example.com,Subject 3244,"<div>Cheap meds, no prescription needed!!!</div><br><p>Best regards,</p>",23-04-2026,Low,-1,10,1,v1.0
91c90e6b-63de-4a6a-ad4b-7c5755d29b41,user277@example.com,Subject 3245,"Cheap meds, no prescription needed!!!",2026-01-30T20:05:05.333719,Urgent!,1,1,Legit,v1.0
d310291e-7080-48f2-ac3b-0ab7817c6a9c,user465@example.com,Subject 3246,"<div>Free money!!! Just click <b>&nbsp;this link&nbsp;</b></div><br><p>Best regards,</p>",18-12-2025,N/A,0,0,ham,v1.0
30a62e8f-80b8-41cf-b7e9-5c1a52dff1a4,user858@example.com,Subject 3247,"Cheap meds, no prescription needed!!!",05/05/2025,High,None,10,Ham,v1.0
604835f0-b7f2-4963-95a9-6c8203c59c7b,user820@example.com,Subject 3248,Free money!!! Just click <b>&nbsp;this link&nbsp;</b>,1761008705,Low,2,1,Ham,v1.0
acc8c0ce-57f7-4663-ab20-2211d398c1a8,user270@example.com,Subject 3249,WINNER! Claim your prize now at <a href='http://malware.com'>here</a>,2026-04-09T20:05:05.333739,Urgent!,1,0,spam,v1.0
4982d83f-c5bf-473e-89ba-2e6bb5e66c53,user504@example.com,Subject 3250,"<div>Meeting at 5pm? Let me know.</div><br><p>Best regards,</p>",11/16/2025,Low,null,5,s_p_a_m,v1.0
38b37586-d79b-4e07-9bcf-41e893a64477,user50@example.com,Subject 3251,How have you been? It has been a long time.,27-07-2025,Medium,None,0,0,v1.0
cb633462-163f-4d57-b1ad-d8763f8c8c03,user651@example.com,Subject 3252,"Hello, we are interested in your profile.",31-05-2025,Low,None,1,SPAM,v1.0
0e01da48-6e04-4d0a-8ff3-e13cbeeb87f1,user802@example.com,Subject 3253,How have you been? It has been a long time.,1747616705,null,null,1,SPAM,v1.0
f5d87527-f1ba-4c5f-90c3-99fa3f969c6c,user115@example.com,Subject 3254,Your account has been suspended. Please login to verify.,2026-02-11T20:05:05.333763,Medium,2,0,s_p_a_m,v1.0
aceb561f-4274-48c6-9207-d0ad94a60352,user453@example.com,Subject 3255,"<div>Your account has been suspended. Please login to verify.</div><br><p>Best regards,</p>",1760144705,Low,0,1,1,v1.0
9202035a-9601-41be-9d8f-02f39f7277fb,user587@example.com,Subject 3256,WINNER! Claim your prize now at <a href='http://malware.com'>here</a>,03/11/2026,High,0,100,s_p_a_m,v1.0
b4f7083f-de5f-460b-9193-6eba6a387571,user512@example.com,Subject 3257,Free money!!! Just click <b>&nbsp;this link&nbsp;</b>,1746407105,Low,1,0,s_p_a_m,v1.0
a1b3987e-eb0f-4d0f-91f5-341740e3dbbf,user213@example.com,Subject 3258,"Hello, we are interested in your profile.",02-03-2026,Medium,None,5,SPAM,v1.0
fb1ef49e-b9f5-4936-8127-71ced507a60c,user175@example.com,Subject 3259,"<div>Free money!!! Just click <b>&nbsp;this link&nbsp;</b></div><br><p>Best regards,</p>",1772676305,Urgent!,0,5,ham,v1.0
e201eac7-a356-459c-820d-8efd9b279228,user377@example.com,Subject 3260,"<div>WINNER! Claim your prize now at <a href='http://malware.com'>here</a></div><br><p>Best regards,</p>",1750899905,Low,0,5,s_p_a_m,v1.0
bcaf85e1-4ca8-42b6-b1e6-7a0d947569b6,user403@example.com,Subject 3261,"<div>Your account has been suspended. Please login to verify.</div><br><p>Best regards,</p>",2026-01-11T20:05:05.333865,Urgent!,None,10,Ham,v1.0
ae77742a-ec54-4629-83ca-32a97a36913b,user142@example.com,Subject 3262,¡Urgente! Necesitamos su respuesta inmediata.,2025-11-07T20:05:05.333871,High,None,100,Ham,v1.0
26cd76df-9c6c-4427-8f9d-3bbe880c918a,user163@example.com,Subject 3263,Your account has been suspended. Please login to verify.,03-10-2025,null,null,5,0,v1.0
3bbcfc24-3782-4144-ade5-d1b012ccfe52,user229@example.com,Subject 3264,Attached is the invoice for last month.,1759799105,Urgent!,null,100,Ham,v1.0
111a4330-e3ab-42c2-bc57-bb64ff6d858f,user926@example.com,Subject 3265,"Hello, we are interested in your profile.",12-02-2026,Low,0,5,Ham,v1.0
70325755-055c-4a4f-8f75-c4d5ba343f1b,user959@example.com,Subject 3266,"<div>Attached is the invoice for last month.</div><br><p>Best regards,</p>",25-01-2026,Urgent!,null,1,SPAM,v1.0
5d813b13-fabf-4dab-9913-06bb5f47525b,user782@example.com,Subject 3267,"<div>WINNER! Claim your prize now at <a href='http://malware.com'>here</a></div><br><p>Best regards,</p>",1770084305,High,None,1,Ham,v1.0
214c5689-ba5d-4d4b-9e7c-5f4199d9ad74,user949@example.com,Subject 3268,"<div>Attached is the invoice for last month.</div><br><p>Best regards,</p>",1763604305,High,null,1,1,v1.0
3c543e7d-ed28-4081-83ad-6aded13198c4,user577@example.com,Subject 3269,"<div>¡Urgente! Necesitamos su respuesta inmediata.</div><br><p>Best regards,</p>",21-10-2025,N/A,0,100,0,v1.0
a0da6188-f5f4-457c-a878-707d2180761a,user589@example.com,Subject 3270,Attached is the invoice for last month.,06-09-2025,Low,0,1,Ham,v1.0
0b8ca560-b077-4f68-a618-bd5253a871f5,user484@example.com,Subject 3271,"Cheap meds, no prescription needed!!!",22-03-2026,N/A,-1,5,1,v1.0
56252ac0-a2b9-4342-832e-fb6c5021183b,user216@example.com,Subject 3272,"<div>Free money!!! Just click <b>&nbsp;this link&nbsp;</b></div><br><p>Best regards,</p>",1765505105,Urgent!,None,100,Ham,v1.0
c34bfd64-27a8-488f-a812-8f37c788a30a,user494@example.com,Subject 3273,"Bonjour, voici les documents demandés.",11/21/2025,null,2,1,Ham,v1.0
f7429ff4-4a19-4e14-b6c7-e51dd097ef99,user282@example.com,Subject 3274,How have you been? It has been a long time.,2025-11-26T20:05:05.333934,Low,None,0,spam,v1.0
2c51f0f9-26c9-4831-883e-26f33d0690d5,user881@example.com,Subject 3275,Your account has been suspended. Please login to verify.,11-03-2026,N/A,null,5,s_p_a_m,v1.0
c23613a4-eba5-4955-a671-4eb38a9ee9b6,user68@example.com,Subject 3276,"Cheap meds, no prescription needed!!!",2026-01-11T20:05:05.333944,Low,2,100,ham,v1.0
7f94786a-4108-402f-bd7d-6baeaef8b4eb,user944@example.com,Subject 3277,"<div>Hello, we are interested in your profile.</div><br><p>Best regards,</p>",2025-08-25T20:05:05.333949,High,2,5,Legit,v1.0
dadf987e-2715-4249-99ef-ee38d74331f2,user648@example.com,Subject 3278,Meeting at 5pm? Let me know.,02/04/2026,Low,1,10,Legit,v1.0
507f2ba5-f194-4d41-a393-7075a158547c,user31@example.com,Subject 3279,"<div>Meeting at 5pm? Let me know.</div><br><p>Best regards,</p>",07-09-2025,Urgent!,None,1,Legit,v1.0
2c3da997-696a-4657-b206-4e76f750fb60,user843@example.com,Subject 3280,WINNER! Claim your prize now at <a href='http://malware.com'>here</a>,03/03/2026,Urgent!,2,1,spam,v1.0
7fc2b6a7-de6a-4f95-996f-adde16b1cd50,user148@example.com,Subject 3281,Meeting at 5pm? Let me know.,2025-08-30T20:05:05.333970,High,-1,1,s_p_a_m,v1.0
7bb65508-e9ec-4cba-8616-6118a56968e9,user662@example.com,Subject 3282,Your account has been suspended. Please login to verify.,07/05/2025,Medium,2,1,1,v1.0
33ed3a9b-33b4-4759-bbc8-e42dd72cb5e5,user886@example.com,Subject 3283,"<div>¡Urgente! Necesitamos su respuesta inmediata.</div><br><p>Best regards,</p>",1775696705,Urgent!,null,5,1,v1.0
4793e049-5f9f-4dea-b7ad-1f43ec534527,user833@example.com,Subject 3284,WINNER! Claim your prize now at <a href='http://malware.com'>here</a>,11/08/2025,N/A,2,100,1,v1.0
54692e05-2974-4d0f-9e2f-6606b1ebfdec,user6@example.com,Subject 3285,How have you been? It has been a long time.,23-02-2026,Low,1,10,0,v1.0
a356f292-9b20-447f-955e-eb11d8e95986,user838@example.com,Subject 3286,Free money!!! Just click <b>&nbsp;this link&nbsp;</b>,1765937105,Urgent!,-1,100,s_p_a_m,v1.0
1854cbb0-5d7a-415c-bca3-83f37b48b65b,user818@example.com,Subject 3287,"<div>Cheap meds, no prescription needed!!!</div><br><p>Best regards,</p>",1760922305,null,2,1,0,v1.0
7fd0a0ed-0bff-401a-8235-101f5cfce1e2,user457@example.com,Subject 3288,WINNER! Claim your prize now at <a href='http://malware.com'>here</a>,23-01-2026,Low,1,0,1,v1.0
6908c461-573a-429e-a978-c4d9e54066c0,user199@example.com,Subject 3289,"<div>Your account has been suspended. Please login to verify.</div><br><p>Best regards,</p>",08/16/2025,Low,0,10,Legit,v1.0
5284839d-c300-472b-beb0-7589418ff84a,user546@example.com,Subject 3290,Attached is the invoice for last month.,1753578305,Medium,2,1,Ham,v1.0
91596644-8b05-4a72-a01a-4cf23b19512a,user59@example.com,Subject 3291,"Bonjour, voici les documents demandés.",2026-02-05T20:05:05.334019,Low,null,0,1,v1.0
84c36e0a-d593-436a-acc5-7689e6580655,user917@example.com,Subject 3292,"Hello, we are interested in your profile.",1756688705,Low,2,1,Legit,v1.0
77f8dc5a-3b1d-43c3-ac51-eca5c85574c7,user558@example.com,Subject 3293,Meeting at 5pm? Let me know.,1776301505,High,-1,10,SPAM,v1.0
7f527a09-f28e-4371-9ed6-6aaf28f8818f,user383@example.com,Subject 3294,¡Urgente! Necesitamos su respuesta inmediata.,10/19/2025,N/A,2,10,Legit,v1.0
ec8c30ba-e27b-44aa-b072-b6f47c0f04ae,user895@example.com,Subject 3295,Your account has been suspended. Please login to verify.,11-09-2025,Medium,None,10,Ham,v1.0
162d1b96-e7fe-4749-b409-e9b725486420,user677@example.com,Subject 3296,Meeting at 5pm? Let me know.,1769393105,Medium,-1,0,1,v1.0
14ab1243-40bc-404a-be0e-e72675a56ac9,user317@example.com,Subject 3297,"<div>WINNER! Claim your prize now at <a href='http://malware.com'>here</a></div><br><p>Best regards,</p>",07/09/2025,Urgent!,null,100,Legit,v1.0
e26f4678-5f7c-4389-b1e7-999402639998,user103@example.com,Subject 3298,"<div>Meeting at 5pm? Let me know.</div><br><p>Best regards,</p>",01/06/2026,Urgent!,null,10,SPAM,v1.0
2f9d557d-ba51-4ce4-bbf7-99777b9c4041,user474@example.com,Subject 3299,"Hello, we are interested in your profile.",2025-07-02T20:05:05.334056,N/A,null,10,0,v1.0
d3fa68a3-7692-495b-bae6-b54b5ab446fb,user409@example.com,Subject 3300,"<div>¡Urgente! Necesitamos su respuesta inmediata.</div><br><p>Best regards,</p>",21-01-2026,High,1,10,s_p_a_m,v1.0
e55f10ee-9a5f-4c5f-8eb6-d35cd499c132,user221@example.com,Subject 3301,"<div>Free money!!! Just click <b>&nbsp;this link&nbsp;</b></div><br><p>Best regards,</p>",1764381905,Urgent!,0,100,spam,v1.0
7266cdf9-d747-4d72-ba74-15dd5bb4cba4,user365@example.com,Subject 3302,"Bonjour, voici les documents demandés.",10/31/2025,null,None,5,1,v1.0
5fa8f11a-0997-4630-a71c-ba7dcf80bf74,user138@example.com,Subject 3303,"<div>Attached is the invoice for last month.</div><br><p>Best regards,</p>",07/20/2025,Low,2,5,0,v1.0
5b7d073a-d2b8-48e8-b73c-01b3a49784bf,user245@example.com,Subject 3304,"Hello, we are interested in your profile.",01/28/2026,N/A,None,10,Ham,v1.0
9d500467-f835-4982-b028-bdd2e66c3aa9,user117@example.com,Subject 3305,How have you been? It has been a long time.,09/14/2025,N/A,-1,10,ham,v1.0
85296b3e-3977-4b65-8f5c-e40102f603b9,user628@example.com,Subject 3306,¡Urgente! Necesitamos su respuesta inmediata.,2025-06-12T20:05:05.334094,Low,0,10,Legit,v1.0
f1dde33b-6547-4616-991c-dd3daac7e332,user754@example.com,Subject 3307,How have you been? It has been a long time.,05-05-2025,Medium,null,5,spam,v1.0
3ffeb993-49ea-49e6-9022-c2bed8978dff,user785@example.com,Subject 3308,"<div>How have you been? It has been a long time.</div><br><p>Best regards,</p>",2025-06-14T20:05:05.334103,Medium,0,10,ham,v1.0
b09faa85-96fc-42a6-99c7-cbbc8ad61b9b,user718@example.com,Subject 3309,"<div>Meeting at 5pm? Let me know.</div><br><p>Best regards,</p>",10/16/2025,Low,None,1,ham,v1.0
c4e8086d-f140-45d1-ae91-bbe8cf1de46c,user768@example.com,Subject 3310,"Cheap meds, no prescription needed!!!",03/04/2026,N/A,-1,100,1,v1.0
5e9dcf57-812e-48d3-b3e8-d0448be231a3,user895@example.com,Subject 3311,Your account has been suspended. Please login to verify.,11/22/2025,null,null,0,s_p_a_m,v1.0
480c7ac2-af5b-483c-83e5-65b42b9cc149,user849@example.com,Subject 3312,WINNER! Claim your prize now at <a href='http://malware.com'>here</a>,12/05/2025,Urgent!,null,5,ham,v1.0
d77ace5b-5055-410b-aee8-6942ae71aea3,user810@example.com,Subject 3313,Free money!!! Just click <b>&nbsp;this link&nbsp;</b>,1764295505,Urgent!,0,1,ham,v1.0
0c4b5e45-f1b1-4a47-a2b3-9b49ee3b0940,user788@example.com,Subject 3314,Free money!!! Just click <b>&nbsp;this link&nbsp;</b>,21-12-2025,null,2,5,s_p_a_m,v1.0
9a31add4-b7aa-405d-ad21-2643ef38e6a2,user502@example.com,Subject 3315,"Hello, we are interested in your profile.",2026-02-03T20:05:05.334138,Urgent!,2,5,Legit,v1.0
9cfd4fc3-3e8f-4ac1-bf31-0131a19938fe,user912@example.com,Subject 3316,Free money!!! Just click <b>&nbsp;this link&nbsp;</b>,2025-05-16T20:05:05.334142,Low,0,10,1,v1.0
54fedd94-325b-4f15-be5a-084a869cb2b2,user433@example.com,Subject 3317,"Hello, we are interested in your profile.",2025-12-20T20:05:05.334147,Low,None,10,Ham,v1.0
a226d6b1-5aab-41ae-a15d-6ab92a0dcd70,user449@example.com,Subject 3318,"Bonjour, voici les documents demandés.",2026-02-22T20:05:05.334151,Medium,None,10,ham,v1.0
98e7080f-3837-4c34-9760-24838d4e3b64,user163@example.com,Subject 3319,"<div>Meeting at 5pm? Let me know.</div><br><p>Best regards,</p>",2025-12-19T20:05:05.334156,null,None,5,s_p_a_m,v1.0
a227fd0e-4233-4035-a2c8-91e9db2c986b,user119@example.com,Subject 3320,"<div>Meeting at 5pm? Let me know.</div><br><p>Best regards,</p>",1774659905,N/A,1,10,s_p_a_m,v1.0
6cc21f3c-81cf-4ffc-ad7d-0998f713ed5b,user141@example.com,Subject 3321,Meeting at 5pm? Let me know.,2026-03-24T20:05:05.334165,null,null,0,SPAM,v1.0
b3efcff3-f96e-43fb-99b8-80e804b19209,user427@example.com,Subject 3322,"Bonjour, voici les documents demandés.",1760317505,Low,2,10,Ham,v1.0
97b0be18-40ce-4a91-b6f8-eebdef2164ca,user148@example.com,Subject 3323,"Cheap meds, no prescription needed!!!",12/11/2025,Low,None,0,SPAM,v1.0
5d4ff06e-d1d0-4df9-b60c-a030f7ec3962,user529@example.com,Subject 3324,How have you been? It has been a long time.,05/07/2025,N/A,-1,1,SPAM,v1.0
b172ef90-70cd-4f22-9039-081a7b7464bd,user819@example.com,Subject 3325,"Bonjour, voici les documents demandés.",1760403905,High,-1,100,s_p_a_m,v1.0
c0526895-052c-458e-8ce8-5915ae873db6,user536@example.com,Subject 3326,How have you been? It has been a long time.,05/25/2025,Low,None,100,Legit,v1.0
5be89045-6043-435b-8175-b7f83b8e2c93,user764@example.com,Subject 3327,"Bonjour, voici les documents demandés.",2025-07-16T20:05:05.334195,Low,null,10,Ham,v1.0
ab35ce27-b3f2-4c62-be1a-7ea1ad12bb8e,user401@example.com,Subject 3328,"<div>Your account has been suspended. Please login to verify.</div><br><p>Best regards,</p>",07/21/2025,N/A,1,100,1,v1.0
e282215f-d60a-4557-800b-f9342535020a,user492@example.com,Subject 3329,"<div>Hello, we are interested in your profile.</div><br><p>Best regards,</p>",12/06/2025,High,None,1,s_p_a_m,v1.0
d8c4307a-796c-4a7b-b3e4-598dd6c877f5,user30@example.com,Subject 3330,WINNER! Claim your prize now at <a href='http://malware.com'>here</a>,1768788305,High,-1,0,spam,v1.0
d977a091-d17f-4e67-b734-2126ea83ef48,user777@example.com,Subject 3331,Your account has been suspended. Please login to verify.,16-03-2026,Urgent!,2,1,SPAM,v1.0
847a0323-f7bd-4171-8177-29fcac58c40b,user255@example.com,Subject 3332,"<div>Cheap meds, no prescription needed!!!</div><br><p>Best regards,</p>",2025-07-31T20:05:05.334220,N/A,0,10,s_p_a_m,v1.0
5e34721f-09ca-4c7e-8678-7fc247b16e78,user369@example.com,Subject 3333,"<div>Free money!!! Just click <b>&nbsp;this link&nbsp;</b></div><br><p>Best regards,</p>",31-07-2025,High,None,0,spam,v1.0
d8962f42-e753-4eb3-8fc2-a3042d7defc6,user510@example.com,Subject 3334,Free money!!! Just click <b>&nbsp;this link&nbsp;</b>,08/26/2025,null,0,5,s_p_a_m,v1.0
b1155003-b7a3-4ea8-a310-60a29b8c9833,user902@example.com,Subject 3335,Meeting at 5pm? Let me know.,1749431105,Low,null,100,SPAM,v1.0
b67620a4-dec7-471c-a6b2-a0e1c612ceac,user320@example.com,Subject 3336,"<div>Hello, we are interested in your profile.</div><br><p>Best regards,</p>",02/05/2026,null,None,1,Legit,v1.0
f9c27c3e-7e30-49b5-9fa2-e1df4a4165e9,user853@example.com,Subject 3337,Meeting at 5pm? Let me know.,2025-05-19T20:05:05.334245,Low,null,10,spam,v1.0
dd0a364c-1de9-480e-ace5-5c7a60ca984f,user544@example.com,Subject 3338,"<div>Hello, we are interested in your profile.</div><br><p>Best regards,</p>",2025-05-31T20:05:05.334249,Urgent!,None,10,1,v1.0
8ae7409a-5e36-4a1d-9e89-3b340d3d8b4e,user412@example.com,Subject 3339,Your account has been suspended. Please login to verify.,1768097105,Medium,2,100,0,v1.0
ac936263-bb1b-4d30-a56f-fb93e80ffbd1,user659@example.com,Subject 3340,"<div>Meeting at 5pm? Let me know.</div><br><p>Best regards,</p>",08/20/2025,Urgent!,2,1,SPAM,v1.0
6cf3168a-64cc-4b27-b844-b01cb35c67e9,user355@example.com,Subject 3341,How have you been? It has been a long time.,1761440705,Medium,1,0,s_p_a_m,v1.0
cd503eb3-9fd3-4ca6-befa-c13c6881ad43,user770@example.com,Subject 3342,"Bonjour, voici les documents demandés.",15-12-2025,null,1,5,s_p_a_m,v1.0
a374830f-1f52-476f-ab7d-3a104abc22a2,user662@example.com,Subject 3343,¡Urgente! Necesitamos su respuesta inmediata.,09-04-2026,N/A,None,5,ham,v1.0
678bba30-015a-4fb5-a09e-30f8c7a270d4,user158@example.com,Subject 3344,"<div>Hello, we are interested in your profile.</div><br><p>Best regards,</p>",01/05/2026,Low,2,10,SPAM,v1.0
00e09953-e62a-4740-972c-28194df8658d,user478@example.com,Subject 3345,WINNER! Claim your prize now at <a href='http://malware.com'>here</a>,1770170705,Low,None,0,spam,v1.0
98356c48-1ac3-4522-850e-fcbd87fad57f,user438@example.com,Subject 3346,Meeting at 5pm? Let me know.,08-01-2026,Urgent!,null,0,s_p_a_m,v1.0
dabcbf97-a800-4d66-99b4-71f7d2b1b6c5,user664@example.com,Subject 3347,Attached is the invoice for last month.,04-03-2026,N/A,-1,100,SPAM,v1.0
e07b309c-0988-4c33-a762-1bf22322e5d9,user109@example.com,Subject 3348,Free money!!! Just click <b>&nbsp;this link&nbsp;</b>,1763777105,Low,1,10,ham,v1.0
5f76c274-9ae1-4ab8-93c1-dbb18bc947d9,user910@example.com,Subject 3349,Your account has been suspended. Please login to verify.,2025-09-05T20:05:05.334303,High,2,1,spam,v1.0
f26c8b33-b0ae-423f-9f33-b3f394a077ae,user503@example.com,Subject 3350,Your account has been suspended. Please login to verify.,07/29/2025,Medium,null,1,SPAM,v1.0
9e329b97-1e1c-4f89-b9d5-c6333b86193a,user561@example.com,Subject 3351,"Cheap meds, no prescription needed!!!",2025-05-16T20:05:05.334314,Urgent!,null,100,SPAM,v1.0
9b5286cb-562e-4fcf-8deb-ca92cad3729a,user257@example.com,Subject 3352,"Bonjour, voici les documents demandés.",1749603905,High,null,10,Legit,v1.0
3b85ca6e-8f39-42c6-bd67-e5a29fb71add,user224@example.com,Subject 3353,"<div>Free money!!! Just click <b>&nbsp;this link&nbsp;</b></div><br><p>Best regards,</p>",11-02-2026,Low,1,5,SPAM,v1.0
9bfd718a-edd5-4cf9-bd00-a5e3ce396328,user615@example.com,Subject 3354,WINNER! Claim your prize now at <a href='http://malware.com'>here</a>,1758589505,High,0,100,spam,v1.0
85531ca2-cb83-494e-b686-1df800626b86,user360@example.com,Subject 3355,"<div>Bonjour, voici les documents demandés.</div><br><p>Best regards,</p>",2025-08-10T20:05:05.334333,Urgent!,null,1,spam,v1.0
ce301ff9-08fc-47a1-9233-46ec85f748ff,user138@example.com,Subject 3356,"<div>Cheap meds, no prescription needed!!!</div><br><p>Best regards,</p>",19-07-2025,Urgent!,1,100,Ham,v1.0
0da9e2da-2cef-4555-9d72-ed39550ab94e,user255@example.com,Subject 3357,"<div>Cheap meds, no prescription needed!!!</div><br><p>Best regards,</p>",1767233105,Medium,2,100,1,v1.0
476ebcf6-b9f3-43f6-8e1c-43174ca92605,user840@example.com,Subject 3358,"<div>Bonjour, voici les documents demandés.</div><br><p>Best regards,</p>",23-08-2025,High,0,5,s_p_a_m,v1.0
685ebc3f-2035-4962-87cf-ba7064356df9,user592@example.com,Subject 3359,"<div>Cheap meds, no prescription needed!!!</div><br><p>Best regards,</p>",01/23/2026,Medium,0,0,1,v1.0
77910405-a5de-4c45-896d-da06a74427f3,user574@example.com,Subject 3360,"<div>Hello, we are interested in your profile.</div><br><p>Best regards,</p>",29-10-2025,Low,0,1,Ham,v1.0
9faf2f04-9383-4709-9051-f14cbd2351a8,user514@example.com,Subject 3361,"<div>Attached is the invoice for last month.</div><br><p>Best regards,</p>",05/10/2025,Urgent!,None,100,SPAM,v1.0
cc0be96c-2fb7-425c-8c97-7a5d4f059bd0,user754@example.com,Subject 3362,"<div>Meeting at 5pm? Let me know.</div><br><p>Best regards,</p>",08/15/2025,N/A,1,5,s_p_a_m,v1.0
7793cea9-ac12-4733-90c2-67c466a01924,user304@example.com,Subject 3363,"Hello, we are interested in your profile.",1772330705,Low,None,0,SPAM,v1.0
d99b5f8c-bf2f-41f9-bfa2-c273e883b800,user85@example.com,Subject 3364,Attached is the invoice for last month.,1752023105,Medium,null,1,Ham,v1.0
63b4da91-fdcb-4bc7-bac0-dcde54079e6d,user973@example.com,Subject 3365,Meeting at 5pm? Let me know.,25-04-2026,Urgent!,-1,10,ham,v1.0
6f77b564-21f7-4473-bb2d-1019cf224789,user555@example.com,Subject 3366,WINNER! Claim your prize now at <a href='http://malware.com'>here</a>,04/20/2026,Urgent!,0,10,Ham,v1.0
635ea820-86fc-464c-85b9-b5a5b7a3cc4a,user558@example.com,Subject 3367,"<div>How have you been? It has been a long time.</div><br><p>Best regards,</p>",2025-09-23T20:05:05.334393,null,1,0,ham,v1.0
6415717e-54df-489d-a909-d1317d3abe85,user182@example.com,Subject 3368,"Bonjour, voici les documents demandés.",1766109905,Medium,1,1,ham,v1.0
c742e9e5-d023-4c71-8bcc-905dd373682a,user493@example.com,Subject 3369,"<div>¡Urgente! Necesitamos su respuesta inmediata.</div><br><p>Best regards,</p>",1760576705,Low,null,0,SPAM,v1.0
4dd2a231-1dc8-4c1e-82d8-49b87a4d19a9,user541@example.com,Subject 3370,WINNER! Claim your prize now at <a href='http://malware.com'>here</a>,06/27/2025,N/A,null,10,Ham,v1.0
6b7d5665-9101-4d49-9196-5921a094642f,user191@example.com,Subject 3371,How have you been? It has been a long time.,1768097105,Medium,-1,1,Legit,v1.0
bbe107b1-0fd7-4243-89c4-4fdb6c964e28,user992@example.com,Subject 3372,"<div>Cheap meds, no prescription needed!!!</div><br><p>Best regards,</p>",1761354305,N/A,2,1,Legit,v1.0
6eb0873f-dacc-4082-b976-f1b3f56ad95e,user168@example.com,Subject 3373,¡Urgente! Necesitamos su respuesta inmediata.,31-08-2025,N/A,None,10,Legit,v1.0
06964446-6dff-423a-a975-502bd0b25f40,user729@example.com,Subject 3374,"<div>Cheap meds, no prescription needed!!!</div><br><p>Best regards,</p>",06/13/2025,High,None,5,SPAM,v1.0
abcee83d-afe2-48d0-a379-c18e27fbe6e4,user241@example.com,Subject 3375,Attached is the invoice for last month.,11/18/2025,Urgent!,1,0,s_p_a_m,v1.0
631b4341-42d7-4c0a-b779-db2e440ecfca,user927@example.com,Subject 3376,WINNER! Claim your prize now at <a href='http://malware.com'>here</a>,09/07/2025,N/A,0,100,1,v1.0
cc17515f-4746-4767-8fbf-317b0175020b,user212@example.com,Subject 3377,"Hello, we are interested in your profile.",2026-04-28T20:05:05.334487,Low,2,5,0,v1.0
aea35491-a484-4a7a-a08c-95ade216eb9f,user381@example.com,Subject 3378,Meeting at 5pm? Let me know.,12-11-2025,Urgent!,1,100,1,v1.0
6eeaf752-c9a9-4be5-ba44-d5c61ed78d52,user551@example.com,Subject 3379,"<div>WINNER! Claim your prize now at <a href='http://malware.com'>here</a></div><br><p>Best regards,</p>",1770343505,null,2,0,Legit,v1.0
d6d73325-ffe3-4b3b-86b6-df7c51960e5d,user921@example.com,Subject 3380,Attached is the invoice for last month.,01/28/2026,Urgent!,0,100,Ham,v1.0
c155293f-2ffb-4ad6-b92a-9c324d78e0cb,user105@example.com,Subject 3381,How have you been? It has been a long time.,1772071505,N/A,null,5,s_p_a_m,v1.0
7d4bbe50-6b78-4c7d-8cba-7384fe40220c,user348@example.com,Subject 3382,Free money!!! Just click <b>&nbsp;this link&nbsp;</b>,09/09/2025,Urgent!,None,5,Legit,v1.0
d1597ec1-740c-43cf-8608-8dbe35f0d8ab,user870@example.com,Subject 3383,"Bonjour, voici les documents demandés.",2025-11-04T20:05:05.334518,High,2,5,SPAM,v1.0
f5ca4e7b-377b-4f68-a31e-55aaa3823f31,user634@example.com,Subject 3384,Meeting at 5pm? Let me know.,08-05-2025,N/A,None,100,0,v1.0
4b0f2e50-55ae-43bc-9d0a-9e6cbb31a8f9,user177@example.com,Subject 3385,"Bonjour, voici les documents demandés.",18-10-2025,null,None,10,Legit,v1.0
44c896fa-6d33-4ea0-8fa1-c76b7f4fe529,user705@example.com,Subject 3386,Free money!!! Just click <b>&nbsp;this link&nbsp;</b>,29-07-2025,High,1,10,Ham,v1.0
052c7ab5-06fa-4d89-8312-5f407751f63f,user120@example.com,Subject 3387,Free money!!! Just click <b>&nbsp;this link&nbsp;</b>,10/25/2025,Medium,1,100,SPAM,v1.0
81fe75da-206b-4721-8ecf-b924495077ee,user758@example.com,Subject 3388,"<div>Cheap meds, no prescription needed!!!</div><br><p>Best regards,</p>",08-03-2026,High,None,1,s_p_a_m,v1.0
faa02af2-a694-4375-ad80-be4071a6e4ff,user69@example.com,Subject 3389,"Hello, we are interested in your profile.",1758503105,null,None,10,Legit,v1.0
c2e8763f-30fb-4b81-8677-245932174b9e,user215@example.com,Subject 3390,"<div>Attached is the invoice for last month.</div><br><p>Best regards,</p>",27-07-2025,Low,None,0,s_p_a_m,v1.0
4d4f901d-67db-4d10-ab95-b2403159e86b,user983@example.com,Subject 3391,Free money!!! Just click <b>&nbsp;this link&nbsp;</b>,1773709505,N/A,None,1,s_p_a_m,v1.0
a94b7cb9-e035-42ee-9c71-ced541e6c047,user528@example.com,Subject 3392,WINNER! Claim your prize now at <a href='http://malware.com'>here</a>,23-04-2026,null,None,5,ham,v1.0
07ffc82f-501c-4f32-af45-fb1f387b5c62,user495@example.com,Subject 3393,"<div>Meeting at 5pm? Let me know.</div><br><p>Best regards,</p>",02/23/2026,Low,2,1,Ham,v1.0
b48e906c-f16f-4d53-b7a4-6827ff2dac71,user286@example.com,Subject 3394,Attached is the invoice for last month.,2026-03-25T20:05:05.334639,null,None,100,spam,v1.0
f73d9c7c-6832-4944-a6ae-cdab0ffc106d,user945@example.com,Subject 3395,"Hello, we are interested in your profile.",09-08-2025,Urgent!,None,5,1,v1.0
c2a67bb1-8113-44d3-a7f2-366931b3d1ae,user500@example.com,Subject 3396,"<div>Free money!!! Just click <b>&nbsp;this link&nbsp;</b></div><br><p>Best regards,</p>",19-04-2026,Medium,null,0,Legit,v1.0
55d92781-0fb8-4d59-bb05-83c7cad9abfc,user51@example.com,Subject 3397,How have you been? It has been a long time.,2026-01-13T20:05:05.334660,null,null,0,1,v1.0
9b4e7065-08a0-45d3-9516-ea6d22ed6bb3,user346@example.com,Subject 3398,Free money!!! Just click <b>&nbsp;this link&nbsp;</b>,21-05-2025,High,1,100,1,v1.0
566a4247-9ce9-4c2b-888c-8df64e58514e,user242@example.com,Subject 3399,Free money!!! Just click <b>&nbsp;this link&nbsp;</b>,2026-04-13T20:05:05.334670,N/A,0,0,0,v1.0
03c4c753-f413-4760-83e9-e59c477fa304,user50@example.com,Subject 3400,Free money!!! Just click <b>&nbsp;this link&nbsp;</b>,01/19/2026,null,0,0,Legit,v1.0
7d8891f8-65a4-435f-bef4-c4c2a9272df0,user477@example.com,Subject 3401,"<div>WINNER! Claim your prize now at <a href='http://malware.com'>here</a></div><br><p>Best regards,</p>",07/04/2025,Low,null,10,1,v1.0
a91165f5-76b7-48b5-87a7-713c787ff823,user403@example.com,Subject 3402,"Bonjour, voici les documents demandés.",1777165505,Urgent!,1,100,Legit,v1.0
b5f62adc-1155-4fbb-b6d3-3b7ebb14db28,user683@example.com,Subject 3403,Attached is the invoice for last month.,2025-09-04T20:05:05.334690,Medium,null,10,1,v1.0
3c5abdfe-387c-4d6b-ba0b-9a485f3ff507,user257@example.com,Subject 3404,WINNER! Claim your prize now at <a href='http://malware.com'>here</a>,2025-11-22T20:05:05.334694,Low,null,100,Legit,v1.0
6f6348b3-5a59-4822-96d8-ad2fda442a02,user828@example.com,Subject 3405,"Hello, we are interested in your profile.",19-12-2025,High,-1,0,1,v1.0
eaa88314-e97a-4c57-a127-b026038783d1,user120@example.com,Subject 3406,"<div>WINNER! Claim your prize now at <a href='http://malware.com'>here</a></div><br><p>Best regards,</p>",12/17/2025,Low,null,10,Legit,v1.0
f3d3bc49-e526-4a99-a188-a3a160e662c1,user955@example.com,Subject 3407,"<div>¡Urgente! Necesitamos su respuesta inmediata.</div><br><p>Best regards,</p>",2026-03-13T20:05:05.334756,null,None,5,ham,v1.0
98a493d3-0a84-4f9b-899a-3955327a24e4,user999@example.com,Subject 3408,Free money!!! Just click <b>&nbsp;this link&nbsp;</b>,08/18/2025,High,null,1,0,v1.0
281f12a4-d613-4cd4-838b-75be1746b2f9,user566@example.com,Subject 3409,"Hello, we are interested in your profile.",23-06-2025,N/A,1,5,Legit,v1.0
20b4a72d-9eee-4564-a631-154aedfae5fa,user952@example.com,Subject 3410,"Hello, we are interested in your profile.",03/24/2026,Low,1,10,Ham,v1.0
dc0edfd2-260a-4735-bd97-f5c80081f040,user447@example.com,Subject 3411,¡Urgente! Necesitamos su respuesta inmediata.,1756256705,Urgent!,None,10,s_p_a_m,v1.0
479bf066-6e81-47a3-b945-770819c13d51,user538@example.com,Subject 3412,"<div>¡Urgente! Necesitamos su respuesta inmediata.</div><br><p>Best regards,</p>",1759107905,High,None,0,1,v1.0
1a6a1509-4b17-4e9b-a4b9-d04380bf21f8,user66@example.com,Subject 3413,"Bonjour, voici les documents demandés.",17-12-2025,Low,None,0,0,v1.0
bdcef7fb-10f9-48d6-80ae-77a2bed81a6b,user661@example.com,Subject 3414,Your account has been suspended. Please login to verify.,2026-04-05T20:05:05.334791,Low,2,0,Legit,v1.0
c620ba4a-d42f-46d7-b09a-ced0667d725e,user81@example.com,Subject 3415,"Cheap meds, no prescription needed!!!",1772071505,Medium,-1,10,SPAM,v1.0
37b0126d-4ba5-4d8f-b4df-08478c48a59d,user873@example.com,Subject 3416,Meeting at 5pm? Let me know.,1776128705,null,null,1,ham,v1.0
0ed9ef91-8f32-4c5d-8bac-1d2897a4c292,user582@example.com,Subject 3417,"<div>How have you been? It has been a long time.</div><br><p>Best regards,</p>",1771293905,null,null,0,Ham,v1.0
1683ee51-84aa-41b5-bee4-ee16b48b3dbd,user601@example.com,Subject 3418,Your account has been suspended. Please login to verify.,1753059905,Urgent!,1,5,ham,v1.0
5aa313e0-e29f-4473-8950-da463447719e,user332@example.com,Subject 3419,How have you been? It has been a long time.,2025-11-09T20:05:05.334814,Medium,0,5,spam,v1.0
923ca7aa-26e0-42c5-b56a-bff172118e5e,user99@example.com,Subject 3420,"<div>Hello, we are interested in your profile.</div><br><p>Best regards,</p>",2025-07-08T20:05:05.334818,N/A,2,10,Legit,v1.0
0f1bfb4f-cf00-4e15-84a0-15734b0d0b1a,user118@example.com,Subject 3421,WINNER! Claim your prize now at <a href='http://malware.com'>here</a>,02/01/2026,null,None,10,s_p_a_m,v1.0
a26901ac-8786-46ee-afbd-6743086e26ef,user494@example.com,Subject 3422,"<div>Your account has been suspended. Please login to verify.</div><br><p>Best regards,</p>",01/18/2026,Urgent!,null,1,spam,v1.0
70fb874d-089b-4feb-a4cf-6733657e5fd8,user166@example.com,Subject 3423,"Bonjour, voici les documents demandés.",2026-04-20T20:05:05.334833,N/A,2,5,Legit,v1.0
e28243a8-d4fe-4d6e-a2ed-49c46279a196,user521@example.com,Subject 3424,"<div>Hello, we are interested in your profile.</div><br><p>Best regards,</p>",30-09-2025,Low,-1,100,Ham,v1.0
277509a1-d64a-4e73-9599-19782a8910a1,user78@example.com,Subject 3425,WINNER! Claim your prize now at <a href='http://malware.com'>here</a>,29-10-2025,Urgent!,None,1,ham,v1.0
296ff351-d15f-4548-8940-aedadaf21e07,user759@example.com,Subject 3426,"<div>Hello, we are interested in your profile.</div><br><p>Best regards,</p>",03/02/2026,null,2,10,Legit,v1.0
ecd3f98f-5fb0-4242-ba63-92e30cb9bc85,user974@example.com,Subject 3427,Attached is the invoice for last month.,02-01-2026,N/A,0,10,Ham,v1.0
91ad307a-80da-4ce6-b8cd-4ad4ac02fe96,user226@example.com,Subject 3428,¡Urgente! Necesitamos su respuesta inmediata.,02/17/2026,Urgent!,-1,10,SPAM,v1.0
18db8789-99e1-44ed-9793-f48fc49599ad,user832@example.com,Subject 3429,"<div>Free money!!! Just click <b>&nbsp;this link&nbsp;</b></div><br><p>Best regards,</p>",09/06/2025,null,null,1,Legit,v1.0
657c7769-b12c-402a-b7e2-f4d01372499b,user340@example.com,Subject 3430,"Hello, we are interested in your profile.",1774314305,High,2,0,ham,v1.0
75522757-9c84-4a91-b43c-688b98e05f28,user477@example.com,Subject 3431,"Cheap meds, no prescription needed!!!",11/19/2025,Medium,1,1,0,v1.0
55c6ed03-41a2-4596-b983-319502d42e22,user365@example.com,Subject 3432,"Cheap meds, no prescription needed!!!",1750208705,null,2,10,1,v1.0
0df1fcd8-30a9-459e-9974-f820d9cdc98a,user974@example.com,Subject 3433,¡Urgente! Necesitamos su respuesta inmediata.,27-05-2025,Medium,0,100,Legit,v1.0
6e098601-0d85-4c7b-a28d-0858a56a9d73,user562@example.com,Subject 3434,Attached is the invoice for last month.,2025-12-21T20:05:05.334888,null,null,5,ham,v1.0
dd81a366-ad60-43c6-9fb6-9e7ca73ad337,user190@example.com,Subject 3435,"Cheap meds, no prescription needed!!!",04/29/2026,Medium,-1,100,0,v1.0
8aa19a7a-12c6-4e77-bda0-39a4917f9ebf,user436@example.com,Subject 3436,"Bonjour, voici les documents demandés.",2025-11-07T20:05:05.334898,Urgent!,None,0,Legit,v1.0
138e1ac7-e2e8-4516-8d31-d488465da929,user766@example.com,Subject 3437,WINNER! Claim your prize now at <a href='http://malware.com'>here</a>,1756947905,Medium,0,0,ham,v1.0
dc930420-4437-4e8c-ab6d-8df551e60be0,user348@example.com,Subject 3438,"<div>Your account has been suspended. Please login to verify.</div><br><p>Best regards,</p>",29-12-2025,Medium,None,10,SPAM,v1.0
c398e092-c391-4245-b948-da0e1f4232cb,user691@example.com,Subject 3439,¡Urgente! Necesitamos su respuesta inmediata.,10/30/2025,Low,None,5,0,v1.0
305a6277-02f6-4892-a82c-69d473e4f038,user164@example.com,Subject 3440,WINNER! Claim your prize now at <a href='http://malware.com'>here</a>,28-05-2025,Medium,None,1,ham,v1.0
37e182d5-fb72-4290-a7af-91c6da6a4aa9,user559@example.com,Subject 3441,Your account has been suspended. Please login to verify.,1750813505,Urgent!,0,5,Ham,v1.0
128a8918-d044-4ee8-aaae-de47913fb69a,user263@example.com,Subject 3442,"Hello, we are interested in your profile.",26-10-2025,Medium,None,0,s_p_a_m,v1.0
619fa482-f6c6-47f7-a9b3-9dbf023f9796,user121@example.com,Subject 3443,"<div>Attached is the invoice for last month.</div><br><p>Best regards,</p>",05/01/2025,Low,1,0,Legit,v1.0
24e7fa5b-7021-42c6-9ad0-f7adc4a59f6c,user483@example.com,Subject 3444,¡Urgente! Necesitamos su respuesta inmediata.,11/25/2025,Low,None,1,ham,v1.0
9bdcf5ee-94ec-450e-93f1-b18053684041,user256@example.com,Subject 3445,"<div>Meeting at 5pm? Let me know.</div><br><p>Best regards,</p>",1766282705,null,None,10,ham,v1.0
88b5063a-913a-4842-9435-f12033560763,user632@example.com,Subject 3446,¡Urgente! Necesitamos su respuesta inmediata.,2025-07-13T20:05:05.334949,null,1,5,s_p_a_m,v1.0
a97e218f-712d-403b-9bcb-e7240dd5d143,user904@example.com,Subject 3447,Attached is the invoice for last month.,04/28/2026,N/A,null,10,s_p_a_m,v1.0
37bb8baf-4ca1-47d8-829f-d1dc54b413ea,user512@example.com,Subject 3448,"<div>How have you been? It has been a long time.</div><br><p>Best regards,</p>",24-05-2025,High,-1,100,SPAM,v1.0
a087efab-d19b-4fb8-b80d-89570dca0097,user718@example.com,Subject 3449,WINNER! Claim your prize now at <a href='http://malware.com'>here</a>,2025-06-09T20:05:05.334964,N/A,-1,0,Legit,v1.0
3f433f1a-f960-459a-b0b6-4ceb2cf0edc2,user337@example.com,Subject 3450,WINNER! Claim your prize now at <a href='http://malware.com'>here</a>,1753578305,Medium,2,100,spam,v1.0
bd26045b-1193-49c0-b184-4ca6e388f60c,user445@example.com,Subject 3451,Free money!!! Just click <b>&nbsp;this link&nbsp;</b>,05-05-2025,Medium,0,100,1,v1.0
3737c450-abbc-40ef-ab89-e7819c8e290b,user559@example.com,Subject 3452,"Hello, we are interested in your profile.",2025-09-22T20:05:05.334978,High,-1,100,0,v1.0
bbd62d31-4177-4203-968b-d396855d2f85,user113@example.com,Subject 3453,¡Urgente! Necesitamos su respuesta inmediata.,09-06-2025,null,-1,1,1,v1.0
085a27a8-229c-4357-8e0b-c5293f47d792,user887@example.com,Subject 3454,"Hello, we are interested in your profile.",22-07-2025,null,null,0,spam,v1.0
f8aa6ad3-1ed2-4358-9641-2051fb714d6b,user451@example.com,Subject 3455,"Hello, we are interested in your profile.",27-04-2026,null,1,1,0,v1.0
733ceb98-0b5f-4857-8116-f83588c169f4,user512@example.com,Subject 3456,"<div>How have you been? It has been a long time.</div><br><p>Best regards,</p>",07/03/2025,High,0,0,ham,v1.0
2ea4ffcb-c318-4f52-aa87-edf40487b978,user794@example.com,Subject 3457,Attached is the invoice for last month.,2026-04-08T20:05:05.335005,Urgent!,2,100,Ham,v1.0
9ebca9ff-d98c-43ed-905b-07be41e132af,user854@example.com,Subject 3458,Meeting at 5pm? Let me know.,2025-09-05T20:05:05.335009,Urgent!,1,10,ham,v1.0
0b6ed95f-53c2-4661-b941-c48c7cf237d6,user103@example.com,Subject 3459,Your account has been suspended. Please login to verify.,2026-03-12T20:05:05.335014,High,2,0,Legit,v1.0
e9e50ebd-425d-4fec-be6b-ac8807f542c8,user290@example.com,Subject 3460,"<div>Your account has been suspended. Please login to verify.</div><br><p>Best regards,</p>",28-04-2026,Urgent!,0,10,Legit,v1.0
b3a42ef5-ebf3-4bee-8e27-a169a8cafd71,user691@example.com,Subject 3461,"Bonjour, voici les documents demandés.",12-07-2025,N/A,0,100,Ham,v1.0
77c2fe26-16ee-4bd1-857d-00c02b2b02f6,user553@example.com,Subject 3462,"<div>Free money!!! Just click <b>&nbsp;this link&nbsp;</b></div><br><p>Best regards,</p>",2026-01-13T20:05:05.335029,null,-1,5,SPAM,v1.0
8e7797a6-0182-4569-8fc6-ba3a8b9242fe,user305@example.com,Subject 3463,Attached is the invoice for last month.,28-11-2025,Medium,-1,100,Ham,v1.0
2a8ecb1d-6fc8-4437-bae2-cac79a789075,user209@example.com,Subject 3464,Meeting at 5pm? Let me know.,06/01/2025,Low,-1,10,0,v1.0
7a7c7935-39ed-44ff-ba26-d08e82727c4a,user656@example.com,Subject 3465,Attached is the invoice for last month.,2025-09-27T20:05:05.335045,N/A,2,1,spam,v1.0
4960b3d7-64d5-4cec-ae0a-e152c34796cf,user295@example.com,Subject 3466,"Bonjour, voici les documents demandés.",01-06-2025,Medium,1,1,Ham,v1.0
6cf6f0f2-29aa-48ad-8557-42de5c46c9c9,user511@example.com,Subject 3467,"Cheap meds, no prescription needed!!!",1763604305,Medium,0,100,Ham,v1.0
37b9d521-96e8-47c9-ad63-ed65e127a943,user631@example.com,Subject 3468,How have you been? It has been a long time.,2025-09-28T20:05:05.335058,High,-1,10,Legit,v1.0
058d5fb6-79ff-473a-8abf-6b10c8b9ec30,user417@example.com,Subject 3469,Free money!!! Just click <b>&nbsp;this link&nbsp;</b>,2025-06-01T20:05:05.335063,null,null,0,Ham,v1.0
d6256250-33c2-4680-82ef-1658ebe6e94e,user298@example.com,Subject 3470,"<div>Bonjour, voici les documents demandés.</div><br><p>Best regards,</p>",11/25/2025,Medium,-1,100,SPAM,v1.0
427388cf-f7fc-4f71-b2c5-e6342a5fe491,user342@example.com,Subject 3471,Free money!!! Just click <b>&nbsp;this link&nbsp;</b>,1758589505,N/A,1,100,1,v1.0
9b505b47-a6b3-4421-ad0c-fa09b0bc1224,user481@example.com,Subject 3472,"<div>How have you been? It has been a long time.</div><br><p>Best regards,</p>",01/19/2026,N/A,None,10,SPAM,v1.0
b6676702-d799-4bff-ae3d-7df5f63a19ce,user458@example.com,Subject 3473,¡Urgente! Necesitamos su respuesta inmediata.,15-06-2025,Medium,-1,10,SPAM,v1.0
333b337d-f349-49f3-b0a4-f2e3ee4ceb59,user161@example.com,Subject 3474,"Hello, we are interested in your profile.",06/07/2025,Medium,-1,0,0,v1.0
fef2c76e-4455-497f-859a-f9bea12c04e0,user251@example.com,Subject 3475,Free money!!! Just click <b>&nbsp;this link&nbsp;</b>,2026-04-05T20:05:05.335093,High,1,5,0,v1.0
1a2a7775-fe20-4f11-9f43-bc5b462da57a,user717@example.com,Subject 3476,WINNER! Claim your prize now at <a href='http://malware.com'>here</a>,1761267905,Low,0,5,ham,v1.0
6f40b1a2-2a7d-4a2c-81a0-c2159f137adb,user501@example.com,Subject 3477,WINNER! Claim your prize now at <a href='http://malware.com'>here</a>,2025-09-27T20:05:05.335102,High,1,10,SPAM,v1.0
8deb2dce-4594-42f8-8473-e54757f38922,user12@example.com,Subject 3478,How have you been? It has been a long time.,02/08/2026,High,1,0,ham,v1.0
fe27e457-1c47-45a3-bbca-c1b807aeab92,user292@example.com,Subject 3479,"Hello, we are interested in your profile.",1772935505,High,2,5,Legit,v1.0
6b3400fc-1fd1-4da4-b47c-ebdaf0acf091,user104@example.com,Subject 3480,Your account has been suspended. Please login to verify.,1753319105,Urgent!,1,0,spam,v1.0
66e32833-6328-432d-8693-b16f8725afaf,user831@example.com,Subject 3481,Your account has been suspended. Please login to verify.,2025-07-21T20:05:05.335120,Urgent!,null,0,spam,v1.0
4a2afaeb-ee7c-4516-91c2-e1370e6adc20,user406@example.com,Subject 3482,Free money!!! Just click <b>&nbsp;this link&nbsp;</b>,2026-02-14T20:05:05.335124,Medium,None,10,0,v1.0
d40e7822-d431-4e2f-ad97-b71916eef3c2,user10@example.com,Subject 3483,"Bonjour, voici les documents demandés.",1756083905,Medium,-1,5,0,v1.0
d2c44787-bf8e-46f5-8eb5-926dfc3beff8,user894@example.com,Subject 3484,¡Urgente! Necesitamos su respuesta inmediata.,2025-04-30T20:05:05.335133,N/A,None,10,Ham,v1.0
5f2fd8b8-b8ec-4d2c-abf0-0c4930d286e1,user715@example.com,Subject 3485,Your account has been suspended. Please login to verify.,12/16/2025,Urgent!,-1,5,s_p_a_m,v1.0
4919ed1a-3c24-401d-8a02-c12760c34638,user931@example.com,Subject 3486,How have you been? It has been a long time.,06-02-2026,null,-1,100,1,v1.0
bb6e6b0e-bc39-4ab4-90bb-b3ccf1b38b4f,user15@example.com,Subject 3487,Free money!!! Just click <b>&nbsp;this link&nbsp;</b>,2026-02-28T20:05:05.335149,Medium,-1,0,0,v1.0
ff18d27d-873b-4396-9126-de8b1ce304e5,user917@example.com,Subject 3488,"<div>Hello, we are interested in your profile.</div><br><p>Best regards,</p>",05-03-2026,null,null,5,SPAM,v1.0
74e8efb1-92e6-4d11-9d3a-c6e5b8db9944,user213@example.com,Subject 3489,How have you been? It has been a long time.,2025-11-06T20:05:05.335159,N/A,1,0,SPAM,v1.0
9b503165-1572-4275-8181-626a3226ae4c,user413@example.com,Subject 3490,Attached is the invoice for last month.,01/12/2026,High,0,0,0,v1.0
51ba7178-b552-43f4-b23e-30c847b016b1,user7@example.com,Subject 3491,"Bonjour, voici les documents demandés.",30-07-2025,Urgent!,0,10,spam,v1.0
8ceddd58-6103-4200-9751-51356e6be028,user237@example.com,Subject 3492,How have you been? It has been a long time.,16-01-2026,null,1,10,0,v1.0
f818cdbd-22e6-40a6-a311-9bd5e45748cf,user387@example.com,Subject 3493,"Cheap meds, no prescription needed!!!",05-09-2025,Medium,0,5,s_p_a_m,v1.0
7ced5b32-43a4-48df-a4ff-f642ab85c9a8,user100@example.com,Subject 3494,Meeting at 5pm? Let me know.,2025-04-30T20:05:05.335186,Urgent!,0,1,s_p_a_m,v1.0
85bad73f-d4bb-4a04-85da-bfcf2af940cc,user900@example.com,Subject 3495,¡Urgente! Necesitamos su respuesta inmediata.,02/09/2026,High,-1,1,ham,v1.0
74620433-5af3-45eb-a930-5e0cb86d4076,user63@example.com,Subject 3496,Free money!!! Just click <b>&nbsp;this link&nbsp;</b>,1774227905,Low,None,100,ham,v1.0
1a3bed58-5ae0-48e9-9af5-ec5ce29f71d1,user74@example.com,Subject 3497,WINNER! Claim your prize now at <a href='http://malware.com'>here</a>,2025-10-20T20:05:05.335199,Low,2,10,0,v1.0
47fb9903-d533-4c55-8096-cb0dda52d14b,user664@example.com,Subject 3498,"<div>Meeting at 5pm? Let me know.</div><br><p>Best regards,</p>",08/04/2025,Medium,null,1,0,v1.0
f806d88b-be26-44ca-8ac3-cab244043d20,user579@example.com,Subject 3499,"<div>How have you been? It has been a long time.</div><br><p>Best regards,</p>",02-02-2026,null,1,10,SPAM,v1.0
699d30c1-6840-4899-86f9-04cb881fc295,user52@example.com,Subject 3500,"Bonjour, voici les documents demandés.",2025-09-08T20:05:05.335214,Urgent!,null,1,0,v1.0
bcf396c6-2dfa-4130-a114-ba515fac73f3,user602@example.com,Subject 3501,How have you been? It has been a long time.,1751418305,High,null,5,Ham,v1.0
d4493e45-d40a-424f-ac48-9fae3c34c6e6,user85@example.com,Subject 3502,"Cheap meds, no prescription needed!!!",07/19/2025,null,0,5,s_p_a_m,v1.0
70b6f95f-a369-457a-84cc-f4e058fa5061,user598@example.com,Subject 3503,"Hello, we are interested in your profile.",1768788305,High,None,5,Ham,v1.0
8ed5483e-7626-4c5b-b043-bf79f6609471,user885@example.com,Subject 3504,"<div>Bonjour, voici les documents demandés.</div><br><p>Best regards,</p>",2025-07-29T20:05:05.335232,null,null,10,SPAM,v1.0
bf05ce72-e4c3-4952-8574-c2734664aa5d,user336@example.com,Subject 3505,"<div>¡Urgente! Necesitamos su respuesta inmediata.</div><br><p>Best regards,</p>",21-09-2025,Medium,null,5,0,v1.0
dcde8c19-1157-4130-9889-ccfb2ed0b011,user589@example.com,Subject 3506,Your account has been suspended. Please login to verify.,29-06-2025,Medium,None,0,1,v1.0
6897a93d-7d72-427f-b5b4-109cd9353c66,user125@example.com,Subject 3507,Meeting at 5pm? Let me know.,03/09/2026,Urgent!,2,0,SPAM,v1.0
7c19b066-2a48-4207-a37c-645129947c98,user79@example.com,Subject 3508,Meeting at 5pm? Let me know.,03/31/2026,High,-1,5,1,v1.0
e3eee8c7-ec41-4416-bbd7-256c1ab6e26c,user12@example.com,Subject 3509,Meeting at 5pm? Let me know.,24-06-2025,High,0,0,0,v1.0
335945aa-9fa5-4519-82df-6c2d3f26cd6a,user450@example.com,Subject 3510,"Hello, we are interested in your profile.",1765073105,Low,2,0,Legit,v1.0
169a7134-0e63-45d4-9ace-1e68d146da86,user688@example.com,Subject 3511,"<div>Free money!!! Just click <b>&nbsp;this link&nbsp;</b></div><br><p>Best regards,</p>",1748307905,null,0,5,spam,v1.0
9bd81ee8-18ec-406e-a29c-99f67f197fc2,user111@example.com,Subject 3512,"Hello, we are interested in your profile.",13-11-2025,Low,null,100,1,v1.0
cdb136fc-7323-4ff0-bd22-c890abc38ca0,user457@example.com,Subject 3513,¡Urgente! Necesitamos su respuesta inmediata.,10-12-2025,N/A,0,1,ham,v1.0
08235bcf-cab9-4cb1-8dfa-eebbd89798f0,user717@example.com,Subject 3514,Your account has been suspended. Please login to verify.,08-09-2025,Medium,1,1,Legit,v1.0
13d46cb5-e045-4afe-a9de-60d90fcb1635,user586@example.com,Subject 3515,Your account has been suspended. Please login to verify.,01/04/2026,High,-1,0,0,v1.0
c49190c6-a781-421a-9942-65a259921a7d,user604@example.com,Subject 3516,Your account has been suspended. Please login to verify.,24-07-2025,Low,0,10,spam,v1.0
a1107bae-a7e5-4d03-bda3-d0ce7a77b96c,user445@example.com,Subject 3517,"<div>¡Urgente! Necesitamos su respuesta inmediata.</div><br><p>Best regards,</p>",2026-04-01T20:05:05.335300,Medium,0,10,SPAM,v1.0
4149e93a-08cf-4642-940d-726c66012e9d,user274@example.com,Subject 3518,"<div>Meeting at 5pm? Let me know.</div><br><p>Best regards,</p>",10-04-2026,Urgent!,1,0,0,v1.0
379cf6e3-3ad2-4f56-a032-9d721a456a85,user385@example.com,Subject 3519,WINNER! Claim your prize now at <a href='http://malware.com'>here</a>,06/30/2025,High,None,100,spam,v1.0
2adaa940-46d9-4d42-9681-f036ab52d4b7,user514@example.com,Subject 3520,How have you been? It has been a long time.,27-12-2025,Low,1,1,SPAM,v1.0
a55567ee-00d8-40c0-93db-646536968c60,user930@example.com,Subject 3521,"Bonjour, voici les documents demandés.",2025-06-24T20:05:05.335361,High,0,10,0,v1.0
75fb82f8-295f-4769-a6c2-fbb1343d3378,user986@example.com,Subject 3522,"Hello, we are interested in your profile.",1771121105,null,1,10,1,v1.0
024e1676-04b4-4f8c-8baa-890521854757,user995@example.com,Subject 3523,"Hello, we are interested in your profile.",2026-04-08T20:05:05.335403,Low,None,10,0,v1.0
4d293057-8ee6-4b77-8986-d39ab68be568,user524@example.com,Subject 3524,"<div>Free money!!! Just click <b>&nbsp;this link&nbsp;</b></div><br><p>Best regards,</p>",02/08/2026,null,0,0,0,v1.0
931d12e5-1a04-4a61-99de-e0268ce869ba,user10@example.com,Subject 3525,"Bonjour, voici les documents demandés.",1746752705,Urgent!,-1,10,s_p_a_m,v1.0
18ace1c4-c4e6-41b0-a05b-01e5dfa4e7a0,user252@example.com,Subject 3526,"Hello, we are interested in your profile.",08/28/2025,High,1,5,Legit,v1.0
35277b49-2cab-4fb6-97c2-2b7ec127db5a,user929@example.com,Subject 3527,Attached is the invoice for last month.,16-04-2026,Low,2,1,ham,v1.0
ba3787db-731c-41ee-b2a3-3e96862c8ff3,user589@example.com,Subject 3528,"<div>Free money!!! Just click <b>&nbsp;this link&nbsp;</b></div><br><p>Best regards,</p>",2026-03-11T20:05:05.335447,N/A,2,5,1,v1.0
adff0d44-468e-4404-b5cd-593117aad6a6,user468@example.com,Subject 3529,Meeting at 5pm? Let me know.,10/28/2025,Urgent!,null,10,SPAM,v1.0
f80f47ff-66c7-4e91-bc36-789a9e07ced2,user400@example.com,Subject 3530,"<div>Hello, we are interested in your profile.</div><br><p>Best regards,</p>",30-06-2025,High,-1,1,Legit,v1.0
d8431643-1973-4e34-8060-6709557cd8e3,user579@example.com,Subject 3531,"Hello, we are interested in your profile.",2025-07-12T20:05:05.335464,null,-1,100,SPAM,v1.0
10e59c70-70c0-4b04-ba64-a8300903b07d,user813@example.com,Subject 3532,Free money!!! Just click <b>&nbsp;this link&nbsp;</b>,10-09-2025,Low,-1,5,Ham,v1.0
9b3ecc7e-ad17-4ae9-9363-a47cda1ba1c0,user254@example.com,Subject 3533,¡Urgente! Necesitamos su respuesta inmediata.,21-11-2025,Urgent!,1,0,s_p_a_m,v1.0
f3f1e407-302d-4219-9b2e-32398eb27439,user641@example.com,Subject 3534,WINNER! Claim your prize now at <a href='http://malware.com'>here</a>,02-03-2026,N/A,0,0,spam,v1.0
afc6357a-b61f-46ca-96d8-f0b4af9fb531,user44@example.com,Subject 3535,Attached is the invoice for last month.,2025-10-10T20:05:05.335486,Low,None,10,1,v1.0
192000c3-f939-4a90-894e-06644127095a,user25@example.com,Subject 3536,"Hello, we are interested in your profile.",2025-05-21T20:05:05.335491,null,-1,0,SPAM,v1.0
67d0854e-552a-4f1a-866a-bbca5f746bc0,user732@example.com,Subject 3537,Your account has been suspended. Please login to verify.,2025-06-19T20:05:05.335496,High,null,0,spam,v1.0
a459b0cf-bb94-45a1-a1ee-ef57fcbf2e52,user65@example.com,Subject 3538,"Cheap meds, no prescription needed!!!",15-12-2025,Low,2,10,1,v1.0
b290ccba-c629-4d54-a8b7-4ed51606293f,user114@example.com,Subject 3539,Meeting at 5pm? Let me know.,2026-02-28T20:05:05.335506,Medium,-1,5,1,v1.0
cfa07487-421e-4cfd-a5b7-c7bfb57d62e4,user627@example.com,Subject 3540,"Bonjour, voici les documents demandés.",07/28/2025,Medium,1,5,s_p_a_m,v1.0
9344161e-6e8d-4fba-a19a-963a0039f76d,user491@example.com,Subject 3541,"Cheap meds, no prescription needed!!!",1754528705,High,-1,10,0,v1.0
ddf41394-cc15-4654-86c8-8d9e16c109d2,user770@example.com,Subject 3542,WINNER! Claim your prize now at <a href='http://malware.com'>here</a>,11/03/2025,Urgent!,null,10,spam,v1.0
0e3c6d7f-a347-47ca-87d1-87eeb79c5659,user722@example.com,Subject 3543,Meeting at 5pm? Let me know.,2025-10-08T20:05:05.335525,null,null,0,spam,v1.0
ff6fa181-3ea0-4039-a99f-540e1703d6aa,user441@example.com,Subject 3544,WINNER! Claim your prize now at <a href='http://malware.com'>here</a>,2026-03-28T20:05:05.335575,Urgent!,0,100,Legit,v1.0
feb18c73-22f2-4472-88b2-ace7ceac9231,user371@example.com,Subject 3545,"<div>How have you been? It has been a long time.</div><br><p>Best regards,</p>",07/17/2025,null,null,10,Legit,v1.0
a63692ec-819e-40f6-a592-94ac8851e810,user549@example.com,Subject 3546,"<div>How have you been? It has been a long time.</div><br><p>Best regards,</p>",2025-11-04T20:05:05.335604,Medium,null,100,Legit,v1.0
9a690b73-22d4-40da-83a4-49db3196a874,user274@example.com,Subject 3547,"Bonjour, voici les documents demandés.",2025-12-01T20:05:05.335609,Medium,-1,100,0,v1.0
76230c7f-c3e6-4893-8d06-4b99ffba59d9,user904@example.com,Subject 3548,"Hello, we are interested in your profile.",11-10-2025,Low,2,100,spam,v1.0
07236d20-81e9-48a3-a9bf-bbaa886b69f0,user488@example.com,Subject 3549,"Bonjour, voici les documents demandés.",2026-01-19T20:05:05.335621,N/A,1,10,ham,v1.0
96b6c55a-3e05-4f41-ba38-859412f57a17,user278@example.com,Subject 3550,"Cheap meds, no prescription needed!!!",21-12-2025,null,null,100,SPAM,v1.0
f46046d0-5b4b-4f63-911d-89277abab544,user1@example.com,Subject 3551,Meeting at 5pm? Let me know.,05/15/2025,Urgent!,None,1,0,v1.0
ebc15dab-2bb1-4ef5-a52b-236d3a2a3b24,user564@example.com,Subject 3552,"Cheap meds, no prescription needed!!!",1752627905,Urgent!,2,10,ham,v1.0
fb7479fe-9d00-49d2-9e6d-2238717fdde1,user254@example.com,Subject 3553,"Bonjour, voici les documents demandés.",09/30/2025,Medium,-1,5,s_p_a_m,v1.0
6bce0ff8-0029-4f00-9dc6-3646f4661cb4,user791@example.com,Subject 3554,"<div>Attached is the invoice for last month.</div><br><p>Best regards,</p>",29-11-2025,Medium,0,5,s_p_a_m,v1.0
fbba7424-6d83-48b5-b6cf-54cef298bb24,user886@example.com,Subject 3555,How have you been? It has been a long time.,02/14/2026,null,null,0,s_p_a_m,v1.0
2a3ec304-ece0-4bf6-8da5-9e31736c843e,user487@example.com,Subject 3556,Meeting at 5pm? Let me know.,17-08-2025,Medium,2,0,SPAM,v1.0
d782c86b-f1f6-4995-a382-c81a447c5fc8,user33@example.com,Subject 3557,WINNER! Claim your prize now at <a href='http://malware.com'>here</a>,1759626305,Urgent!,-1,10,0,v1.0
3ba14c8a-78a0-4ab7-a781-c85086d99077,user10@example.com,Subject 3558,"<div>WINNER! Claim your prize now at <a href='http://malware.com'>here</a></div><br><p>Best regards,</p>",2025-07-02T20:05:05.335670,N/A,null,0,0,v1.0
3256159e-f208-469f-8b0e-a6f6bae776b5,user450@example.com,Subject 3559,WINNER! Claim your prize now at <a href='http://malware.com'>here</a>,2025-08-02T20:05:05.335675,null,1,1,s_p_a_m,v1.0
47fef404-e57c-4e71-974b-d3d43a5ee753,user446@example.com,Subject 3560,Meeting at 5pm? Let me know.,1766801105,Medium,0,0,s_p_a_m,v1.0
418db072-bf24-4691-8b34-d9cf16701e1e,user121@example.com,Subject 3561,"Bonjour, voici les documents demandés.",1776128705,null,0,10,ham,v1.0
3dc64b4a-ae7b-4cf8-bad4-b7b7e8e4f81b,user87@example.com,Subject 3562,"<div>Cheap meds, no prescription needed!!!</div><br><p>Best regards,</p>",1774746305,Urgent!,null,0,spam,v1.0
dd519ec4-e89a-4137-8218-170fb5a386bb,user395@example.com,Subject 3563,Free money!!! Just click <b>&nbsp;this link&nbsp;</b>,2025-05-17T20:05:05.335694,Urgent!,-1,1,1,v1.0
b07a159a-5398-4982-a085-c2ca5ffbd32e,user735@example.com,Subject 3564,"<div>Meeting at 5pm? Let me know.</div><br><p>Best regards,</p>",08-01-2026,null,-1,10,SPAM,v1.0
fad7dae7-77a1-4d50-8667-2ab93c3121fc,user528@example.com,Subject 3565,Attached is the invoice for last month.,02/15/2026,Medium,0,100,SPAM,v1.0
00098218-ab2c-486d-97bc-9247a1d6773c,user666@example.com,Subject 3566,¡Urgente! Necesitamos su respuesta inmediata.,28-12-2025,Low,null,100,ham,v1.0
bbbb82d2-3d73-4eed-88a9-b5eedf18d79a,user114@example.com,Subject 3567,Meeting at 5pm? Let me know.,04/15/2026,Urgent!,None,5,1,v1.0
1cff45a5-e8da-42c4-b32a-c8374ec92046,user555@example.com,Subject 3568,Your account has been suspended. Please login to verify.,2025-08-13T20:05:05.335720,High,2,0,Legit,v1.0
986ecb62-3062-43b9-b187-89ef96c4f920,user714@example.com,Subject 3569,¡Urgente! Necesitamos su respuesta inmediata.,12/31/2025,null,0,1,ham,v1.0
b90f931b-32d3-4115-ab02-12d191e50839,user138@example.com,Subject 3570,"Hello, we are interested in your profile.",1765245905,High,-1,100,spam,v1.0
8b586971-5183-466a-b1e9-f3469e44a6bc,user62@example.com,Subject 3571,"Bonjour, voici les documents demandés.",07-02-2026,null,0,1,Legit,v1.0
c58533e2-316d-4740-9a26-8347b0eb2772,user234@example.com,Subject 3572,Your account has been suspended. Please login to verify.,1768961105,null,null,100,SPAM,v1.0
011a4a1b-81b4-4581-b7eb-d7a3dd2025b6,user22@example.com,Subject 3573,"<div>Your account has been suspended. Please login to verify.</div><br><p>Best regards,</p>",2026-03-30T20:05:05.335744,Low,null,1,SPAM,v1.0
1233bf3a-ff81-4ad8-ab2f-9e334926f42d,user506@example.com,Subject 3574,"Cheap meds, no prescription needed!!!",2025-07-03T20:05:05.335749,High,1,5,Legit,v1.0
a7a58b29-baea-4a6c-83ca-a39a5fcb4162,user796@example.com,Subject 3575,"<div>Meeting at 5pm? Let me know.</div><br><p>Best regards,</p>",1747703105,High,None,100,spam,v1.0
c7c330bd-bcc7-4438-9462-7eece7370cff,user969@example.com,Subject 3576,"<div>Hello, we are interested in your profile.</div><br><p>Best regards,</p>",11/10/2025,null,-1,1,spam,v1.0
fabec3ef-ad90-444f-bd15-450852a572df,user72@example.com,Subject 3577,"Cheap meds, no prescription needed!!!",1753405505,null,null,1,s_p_a_m,v1.0
0b216b3d-7b5f-4f8c-9e0a-b92ec3c42919,user758@example.com,Subject 3578,Attached is the invoice for last month.,1776474305,Low,1,10,SPAM,v1.0
35fa4cbe-f06f-418b-af71-fb51d7727b9c,user683@example.com,Subject 3579,Meeting at 5pm? Let me know.,1772157905,Low,None,10,s_p_a_m,v1.0
82cfc6d6-7331-4e83-8ce4-3109a2c06c2d,user455@example.com,Subject 3580,Your account has been suspended. Please login to verify.,2026-01-05T20:05:05.335777,Low,0,1,0,v1.0
6c1cffc3-c79b-4086-91e2-f92edb89f1e0,user467@example.com,Subject 3581,Attached is the invoice for last month.,11/21/2025,N/A,-1,0,SPAM,v1.0
29445743-2c36-4ef1-9e04-198091315d05,user48@example.com,Subject 3582,"Bonjour, voici les documents demandés.",08/01/2025,High,null,5,0,v1.0
4a550ced-2132-4baf-90b6-f38673f022b0,user639@example.com,Subject 3583,"<div>Meeting at 5pm? Let me know.</div><br><p>Best regards,</p>",2025-08-15T20:05:05.335792,null,1,1,s_p_a_m,v1.0
0524989f-2b07-4a2a-93f6-08b22fe18d9b,user508@example.com,Subject 3584,WINNER! Claim your prize now at <a href='http://malware.com'>here</a>,2026-02-19T20:05:05.335797,High,None,5,0,v1.0
91725f7d-75cb-47f4-af40-1311de19663b,user839@example.com,Subject 3585,"<div>How have you been? It has been a long time.</div><br><p>Best regards,</p>",09/12/2025,Low,-1,100,0,v1.0
4c9e3218-8b4a-459d-909c-ce75499a8087,user925@example.com,Subject 3586,"<div>How have you been? It has been a long time.</div><br><p>Best regards,</p>",04/13/2026,Medium,1,1,Ham,v1.0
9680c824-7295-41ed-881e-1507eb2a1918,user490@example.com,Subject 3587,Free money!!! Just click <b>&nbsp;this link&nbsp;</b>,1773536705,High,2,1,1,v1.0
d4ff0d28-c459-42b4-924d-ae76206886d7,user408@example.com,Subject 3588,Your account has been suspended. Please login to verify.,20-12-2025,Medium,1,10,Ham,v1.0
17147cd6-7cd6-48aa-b776-4d3d5134d228,user583@example.com,Subject 3589,How have you been? It has been a long time.,1767233105,null,None,10,s_p_a_m,v1.0
11e9d781-d09f-43ee-8965-a22f3d289e6f,user154@example.com,Subject 3590,Free money!!! Just click <b>&nbsp;this link&nbsp;</b>,06/12/2025,Urgent!,-1,100,1,v1.0
e5631831-3d6a-4c2e-99c0-855d58c18e14,user757@example.com,Subject 3591,"Bonjour, voici les documents demandés.",24-09-2025,High,1,0,ham,v1.0
c657fbe1-ea3a-40e7-aa46-4ec29adbc826,user268@example.com,Subject 3592,Attached is the invoice for last month.,07/02/2025,Medium,1,5,0,v1.0
55956dc3-0ef5-4c47-a08a-f75c396b48ac,user379@example.com,Subject 3593,Attached is the invoice for last month.,2025-11-06T20:05:05.335842,Low,-1,10,1,v1.0
4d81ae79-6669-403d-ad42-be271edd3b82,user647@example.com,Subject 3594,Your account has been suspended. Please login to verify.,06/03/2025,N/A,2,1,1,v1.0
cec8a50f-e940-409b-976d-b1cc3a770cc5,user343@example.com,Subject 3595,WINNER! Claim your prize now at <a href='http://malware.com'>here</a>,11/11/2025,null,null,100,Ham,v1.0
849627a4-9027-4d9f-91d0-fa424ac8ade0,user956@example.com,Subject 3596,"<div>Hello, we are interested in your profile.</div><br><p>Best regards,</p>",1760749505,N/A,2,1,spam,v1.0
c58b6661-c3f5-4618-b338-3999e307d76a,user807@example.com,Subject 3597,"<div>Bonjour, voici les documents demandés.</div><br><p>Best regards,</p>",05/08/2025,N/A,None,100,ham,v1.0
ecce8a78-a6e9-4ef1-ad97-080a167b906c,user983@example.com,Subject 3598,Your account has been suspended. Please login to verify.,1772244305,Urgent!,-1,5,Legit,v1.0
52750f65-4bef-41f9-9fdd-dda0f0246352,user484@example.com,Subject 3599,"<div>¡Urgente! Necesitamos su respuesta inmediata.</div><br><p>Best regards,</p>",1769565905,High,2,10,1,v1.0
b56a9745-f621-43a4-bc93-a77154edaeaa,user681@example.com,Subject 2525,"<div>Cheap meds, no prescription needed!!!</div><br><p>Best regards,</p>",1758071105,Medium,1,0,Ham,v1.0
b67f7a33-4062-43ef-a4cc-beb21b50891c,user100@example.com,Subject 24,"<div>Free money!!! Just click <b>&nbsp;this link&nbsp;</b></div><br><p>Best regards,</p>",22-03-2026,Low,None,5,spam,v1.0
9f8e5b0a-961b-40ab-b865-34f3b17a05f9,user221@example.com,Subject 1545,How have you been? It has been a long time.,07/12/2025,null,1,100,ham,v1.0
041a99e0-6bc5-492b-9680-57ef749bf0b3,user153@example.com,Subject 2470,Free money!!! Just click <b>&nbsp;this link&nbsp;</b>,2025-11-29T20:05:05.329306,High,1,100,0,v1.0
5d4ea149-3b18-4774-a100-cee05ec00da4,user202@example.com,Subject 146,Meeting at 5pm? Let me know.,2025-12-05T20:05:05.315494,High,null,1,0,v1.0
d8e05c5b-5fa7-4281-b592-689743e35a73,user712@example.com,Subject 1683,Meeting at 5pm? Let me know.,2025-05-18T20:05:05.324821,null,0,100,spam,v1.0
21b731d1-1c21-4aed-bcdc-c4e8ded9c360,user150@example.com,Subject 1552,Free money!!! Just click <b>&nbsp;this link&nbsp;</b>,10/12/2025,Urgent!,-1,1,s_p_a_m,v1.0
6c5a91cb-0e7a-48e0-afca-f4864cd1fc67,user418@example.com,Subject 77,"<div>Meeting at 5pm? Let me know.</div><br><p>Best regards,</p>",2025-12-09T20:05:05.315070,N/A,2,1,SPAM,v1.0
c533fbfb-a190-4151-b68d-1b44f8047a3a,user661@example.com,Subject 1299,"<div>How have you been? It has been a long time.</div><br><p>Best regards,</p>",07/14/2025,Low,null,100,s_p_a_m,v1.0
fdeceae5-b1ef-4dbb-b002-6881b2c14c07,user25@example.com,Subject 2193,"<div>WINNER! Claim your prize now at <a href='http://malware.com'>here</a></div><br><p>Best regards,</p>",13-02-2026,High,0,5,Legit,v1.0
7d8343da-99d2-4edf-b035-b3514e94978a,user31@example.com,Subject 2706,"Cheap meds, no prescription needed!!!",2025-07-30T20:05:05.330663,null,0,1,SPAM,v1.0
1b4bca6e-e6aa-4882-9d9b-b9bf9107c7e1,user102@example.com,Subject 588,"<div>Bonjour, voici les documents demandés.</div><br><p>Best regards,</p>",12/17/2025,null,None,0,Ham,v1.0
37e182d5-fb72-4290-a7af-91c6da6a4aa9,user559@example.com,Subject 3441,Your account has been suspended. Please login to verify.,1750813505,Urgent!,0,5,Ham,v1.0
8c91e27c-fd70-48f3-8f59-a4f03fe22204,user139@example.com,Subject 3086,¡Urgente! Necesitamos su respuesta inmediata.,1753146305,High,2,100,spam,v1.0
cd9b1a29-7398-4f06-9096-e46f0cc100e2,user807@example.com,Subject 993,"<div>Your account has been suspended. Please login to verify.</div><br><p>Best regards,</p>",01/28/2026,N/A,0,10,Legit,v1.0
4b911396-8fd9-49fe-8b19-837719ef8aa6,user758@example.com,Subject 880,Attached is the invoice for last month.,2025-08-06T20:05:05.319902,null,2,1,s_p_a_m,v1.0
8e65c4d8-c8fa-4bd4-85fa-1af6b736ba16,user924@example.com,Subject 267,"Bonjour, voici les documents demandés.",11/24/2025,N/A,None,1,ham,v1.0
9c082606-577b-43d6-ae39-7c71cfcbaca0,user69@example.com,Subject 3133,WINNER! Claim your prize now at <a href='http://malware.com'>here</a>,02/24/2026,High,-1,1,spam,v1.0
a3133030-7cb4-4be9-ad8f-b764bde03fe6,user319@example.com,Subject 1411,"Hello, we are interested in your profile.",2025-09-23T20:05:05.323204,High,1,0,ham,v1.0
c58533e2-316d-4740-9a26-8347b0eb2772,user234@example.com,Subject 3572,Your account has been suspended. Please login to verify.,1768961105,null,null,100,SPAM,v1.0
ecd3f98f-5fb0-4242-ba63-92e30cb9bc85,user974@example.com,Subject 3427,Attached is the invoice for last month.,02-01-2026,N/A,0,10,Ham,v1.0
1efce435-93eb-4236-ab05-e88ff7cae5ba,user982@example.com,Subject 718,Attached is the invoice for last month.,30-07-2025,N/A,-1,10,0,v1.0
d9e0950d-4e1f-4150-a335-0c5e13ce3414,user737@example.com,Subject 540,"<div>Your account has been suspended. Please login to verify.</div><br><p>Best regards,</p>",1775264705,Medium,1,100,SPAM,v1.0
ca1a5454-a714-4c69-b659-bac8dce196a1,user300@example.com,Subject 676,¡Urgente! Necesitamos su respuesta inmediata.,2026-04-26T20:05:05.318677,Medium,None,100,Legit,v1.0
b5f62adc-1155-4fbb-b6d3-3b7ebb14db28,user683@example.com,Subject 3403,Attached is the invoice for last month.,2025-09-04T20:05:05.334690,Medium,null,10,1,v1.0
8d4fb263-2fff-4422-a7c1-fb7d06c8b6b7,user496@example.com,Subject 3070,"Hello, we are interested in your profile.",22-02-2026,Medium,-1,100,s_p_a_m,v1.0
089880f8-4bf7-4d2d-b493-2731a488f853,user815@example.com,Subject 1971,Free money!!! Just click <b>&nbsp;this link&nbsp;</b>,2025-06-25T20:05:05.326412,N/A,0,0,Legit,v1.0
62bd44c3-fe76-420c-ae3c-0ead3a19a8db,user977@example.com,Subject 2472,"Hello, we are interested in your profile.",2025-09-11T20:05:05.329315,N/A,-1,5,1,v1.0
5030b7c7-b71c-4a25-8242-38e730ad973a,user223@example.com,Subject 61,"<div>Cheap meds, no prescription needed!!!</div><br><p>Best regards,</p>",23-07-2025,Medium,None,5,spam,v1.0
19348bc2-35e1-43cc-b2d3-5048b5319f16,user826@example.com,Subject 3240,Attached is the invoice for last month.,08/26/2025,N/A,-1,10,s_p_a_m,v1.0
7eae09b0-e52b-49ca-8345-ec38a124fd6e,user715@example.com,Subject 640,"<div>Bonjour, voici les documents demandés.</div><br><p>Best regards,</p>",27-06-2025,N/A,None,10,0,v1.0
6908c461-573a-429e-a978-c4d9e54066c0,user199@example.com,Subject 3289,"<div>Your account has been suspended. Please login to verify.</div><br><p>Best regards,</p>",08/16/2025,Low,0,10,Legit,v1.0
9612e45d-75eb-4713-b336-4d87adac214a,user471@example.com,Subject 2428,"<div>¡Urgente! Necesitamos su respuesta inmediata.</div><br><p>Best regards,</p>",07-07-2025,null,null,10,Legit,v1.0
54e842c8-e113-40d5-a09e-51e2b6189019,user549@example.com,Subject 1137,"Bonjour, voici les documents demandés.",1773536705,Urgent!,2,10,Ham,v1.0
d56efeab-a7ad-494a-8b3c-22f6f74911f8,user619@example.com,Subject 2187,Attached is the invoice for last month.,2025-08-29T20:05:05.327713,null,2,5,spam,v1.0
bcec9ecb-c662-46c9-8950-cf3e0c16b217,user395@example.com,Subject 700,"<div>Meeting at 5pm? Let me know.</div><br><p>Best regards,</p>",10/14/2025,null,-1,100,Ham,v1.0
a45e2ff2-28df-4e4e-a193-97c8347afb1a,user746@example.com,Subject 276,Your account has been suspended. Please login to verify.,22-11-2025,Urgent!,None,1,spam,v1.0
8df99848-873f-47be-8e72-8983363a743b,user987@example.com,Subject 859,How have you been? It has been a long time.,2026-01-22T20:05:05.319796,Low,1,0,Legit,v1.0
4d9f61c7-3c3f-467f-9146-6fc40c60dc10,user620@example.com,Subject 2080,"<div>WINNER! Claim your prize now at <a href='http://malware.com'>here</a></div><br><p>Best regards,</p>",27-10-2025,null,-1,10,SPAM,v1.0
994ab275-d295-4d3b-8f47-7e35298a1f23,user475@example.com,Subject 444,Free money!!! Just click <b>&nbsp;this link&nbsp;</b>,1766369105,Medium,-1,100,ham,v1.0
161f8758-f011-4807-bd1b-55cbaafd6045,user732@example.com,Subject 827,Meeting at 5pm? Let me know.,2025-07-18T20:05:05.319589,N/A,1,10,Legit,v1.0
3b85ca6e-8f39-42c6-bd67-e5a29fb71add,user224@example.com,Subject 3353,"<div>Free money!!! Just click <b>&nbsp;this link&nbsp;</b></div><br><p>Best regards,</p>",11-02-2026,Low,1,5,SPAM,v1.0
f232f610-a93d-4a20-9d66-56cae222d22a,user988@example.com,Subject 826,"Hello, we are interested in your profile.",11/26/2025,Urgent!,0,0,Legit,v1.0
cc0be96c-2fb7-425c-8c97-7a5d4f059bd0,user754@example.com,Subject 3362,"<div>Meeting at 5pm? Let me know.</div><br><p>Best regards,</p>",08/15/2025,N/A,1,5,s_p_a_m,v1.0
3328f169-402a-476c-9c11-072d6b70ca11,user316@example.com,Subject 212,Your account has been suspended. Please login to verify.,1760403905,High,2,0,1,v1.0
169f622a-2a6b-4760-b9b8-ffe53dc14c9f,user250@example.com,Subject 87,Free money!!! Just click <b>&nbsp;this link&nbsp;</b>,15-02-2026,Medium,None,10,spam,v1.0
a599c274-96f3-4cf0-af17-ef898bb21310,user906@example.com,Subject 3112,"<div>Bonjour, voici les documents demandés.</div><br><p>Best regards,</p>",06/27/2025,N/A,2,1,ham,v1.0
d35dc457-8d0a-41f8-ab0d-accdc4f8ac2e,user336@example.com,Subject 2231,Free money!!! Just click <b>&nbsp;this link&nbsp;</b>,2026-04-15T20:05:05.327928,N/A,-1,0,spam,v1.0
0a02e88e-2f60-45fb-8a7d-bd843bf7e804,user877@example.com,Subject 1374,"Hello, we are interested in your profile.",05/24/2025,Medium,0,1,SPAM,v1.0
a5a18799-0ce8-4c0a-9c63-5e095635dbde,user642@example.com,Subject 2722,¡Urgente! Necesitamos su respuesta inmediata.,06/05/2025,N/A,2,0,Ham,v1.0
2cb2668c-c324-4e68-b860-65511d6f0e4c,user120@example.com,Subject 1240,WINNER! Claim your prize now at <a href='http://malware.com'>here</a>,12/08/2025,Low,0,10,Ham,v1.0
61101d47-dc07-41b5-ac8b-452a10810f8d,user719@example.com,Subject 2650,"<div>How have you been? It has been a long time.</div><br><p>Best regards,</p>",12-04-2026,N/A,1,1,Ham,v1.0
c18ee0ba-7f4d-41d1-a2da-9996158cac83,user837@example.com,Subject 1460,"<div>Cheap meds, no prescription needed!!!</div><br><p>Best regards,</p>",2025-11-13T20:05:05.323464,Low,2,0,spam,v1.0
b27800ba-0207-4865-af67-d54bd9fd0ccf,user51@example.com,Subject 2056,WINNER! Claim your prize now at <a href='http://malware.com'>here</a>,01/12/2026,Urgent!,-1,0,ham,v1.0
f8eca4f7-1568-4568-89ed-ea483282d134,user277@example.com,Subject 2504,Meeting at 5pm? Let me know.,1759626305,Low,None,100,Ham,v1.0
580fa87f-58f0-4493-86d1-33339cce356a,user105@example.com,Subject 788,"<div>Bonjour, voici les documents demandés.</div><br><p>Best regards,</p>",2026-01-16T20:05:05.319400,N/A,2,5,1,v1.0
88a6c1a8-655d-4884-b080-4f0684b856ff,user899@example.com,Subject 1480,Meeting at 5pm? Let me know.,2026-03-30T20:05:05.323638,null,null,10,0,v1.0
55ef7bb6-e56c-4f3e-a1e7-1e2a91eb6d49,user895@example.com,Subject 1550,"<div>Hello, we are interested in your profile.</div><br><p>Best regards,</p>",28-06-2025,N/A,2,5,0,v1.0
250a88b2-6469-4c11-ba99-c9ebc9f75e39,user523@example.com,Subject 368,Attached is the invoice for last month.,08-11-2025,High,2,0,0,v1.0
3a02edf2-cf91-496b-b5e3-49931900bb1e,user546@example.com,Subject 2589,Attached is the invoice for last month.,19-11-2025,High,2,0,SPAM,v1.0
839e4d05-b9d5-4b04-b1f7-6aae8c528f43,user122@example.com,Subject 799,"<div>Meeting at 5pm? Let me know.</div><br><p>Best regards,</p>",2025-12-29T20:05:05.319454,Urgent!,null,5,s_p_a_m,v1.0
a0aa58dd-d227-45c9-a29e-a6a2c4e97f41,user420@example.com,Subject 2679,Meeting at 5pm? Let me know.,1748826305,Urgent!,2,1,spam,v1.0
65071993-4ee1-42f6-aae2-0ff11bfb31c6,user500@example.com,Subject 1105,"<div>Bonjour, voici les documents demandés.</div><br><p>Best regards,</p>",08-11-2025,High,1,10,Ham,v1.0
7507498b-262e-4d09-ad80-ed29950f094c,user307@example.com,Subject 2310,¡Urgente! Necesitamos su respuesta inmediata.,1773277505,High,0,10,Ham,v1.0
9a31add4-b7aa-405d-ad21-2643ef38e6a2,user502@example.com,Subject 3315,"Hello, we are interested in your profile.",2026-02-03T20:05:05.334138,Urgent!,2,5,Legit,v1.0
676db281-4493-416f-abe0-fecc62857d5d,user827@example.com,Subject 3054,"<div>Bonjour, voici les documents demandés.</div><br><p>Best regards,</p>",1777338305,Urgent!,1,100,SPAM,v1.0
2e203b0f-184a-4a30-be86-06d95660c705,user838@example.com,Subject 1311,¡Urgente! Necesitamos su respuesta inmediata.,1758675905,N/A,0,0,1,v1.0
e92988e9-861b-42b5-999e-7ac52e2f50a5,user268@example.com,Subject 2950,How have you been? It has been a long time.,04/20/2026,null,None,0,0,v1.0
947b5e81-cdba-4fca-a9f6-7e0550726a2c,user61@example.com,Subject 2476,WINNER! Claim your prize now at <a href='http://malware.com'>here</a>,1750640705,null,-1,1,SPAM,v1.0
2cfe3b29-3a4d-4351-b538-c807bb6f7a41,user254@example.com,Subject 738,"<div>WINNER! Claim your prize now at <a href='http://malware.com'>here</a></div><br><p>Best regards,</p>",2026-03-28T20:05:05.318986,N/A,null,100,Legit,v1.0
353de490-f08d-4f99-9c52-14f390dbf507,user732@example.com,Subject 1934,How have you been? It has been a long time.,25-11-2025,Urgent!,1,100,Ham,v1.0
ad497548-29c2-4341-aebb-6963af9bc903,user548@example.com,Subject 1699,"Cheap meds, no prescription needed!!!",2025-05-18T20:05:05.324901,Medium,None,0,1,v1.0
c0803734-a378-4870-ac9d-cbc60db8b04b,user128@example.com,Subject 2217,"<div>Your account has been suspended. Please login to verify.</div><br><p>Best regards,</p>",27-06-2025,Urgent!,0,0,0,v1.0
5ae83b55-f457-4093-bfce-e8ff7fb365ef,user448@example.com,Subject 1452,WINNER! Claim your prize now at <a href='http://malware.com'>here</a>,12/04/2025,High,None,100,spam,v1.0
a50a06c2-7985-45a5-83dc-f81ee72908ef,user360@example.com,Subject 2712,"Hello, we are interested in your profile.",1748480705,null,null,100,s_p_a_m,v1.0
30dadb21-301a-45a2-9eb8-c1267ff7d03e,user250@example.com,Subject 755,WINNER! Claim your prize now at <a href='http://malware.com'>here</a>,2025-09-20T20:05:05.319068,Medium,null,5,Ham,v1.0
d9729ce5-8c24-4026-8aa1-72298f62e019,user312@example.com,Subject 1546,Free money!!! Just click <b>&nbsp;this link&nbsp;</b>,2025-08-21T20:05:05.323977,Medium,2,1,1,v1.0
cd614995-528f-4a84-a3cc-785102d61086,user766@example.com,Subject 3042,Free money!!! Just click <b>&nbsp;this link&nbsp;</b>,2025-08-15T20:05:05.332554,Urgent!,1,0,1,v1.0
4ced6090-f557-4d0a-8296-3f2934b2657c,user94@example.com,Subject 1112,"<div>¡Urgente! Necesitamos su respuesta inmediata.</div><br><p>Best regards,</p>",06/04/2025,Urgent!,null,0,ham,v1.0
b377dc71-00cd-4477-8196-27138d73d9ed,user36@example.com,Subject 730,"Bonjour, voici les documents demandés.",1761095105,null,1,5,0,v1.0
934b0ad5-3d52-449d-b089-5b8527d139f5,user648@example.com,Subject 1253,"<div>Free money!!! Just click <b>&nbsp;this link&nbsp;</b></div><br><p>Best regards,</p>",15-08-2025,null,-1,100,ham,v1.0
fbba7424-6d83-48b5-b6cf-54cef298bb24,user886@example.com,Subject 3555,How have you been? It has been a long time.,02/14/2026,null,null,0,s_p_a_m,v1.0
5aabac2c-d93a-4b9d-99f6-2448f2cf11d1,user725@example.com,Subject 2626,"Cheap meds, no prescription needed!!!",10/10/2025,null,null,10,spam,v1.0
9710714e-27d4-4df9-882c-83217be03d3e,user39@example.com,Subject 1261,"Hello, we are interested in your profile.",02/03/2026,Low,0,1,SPAM,v1.0
fa21771d-233a-4791-8e85-e106cbf37566,user583@example.com,Subject 2627,Meeting at 5pm? Let me know.,2025-12-29T20:05:05.330210,N/A,null,5,SPAM,v1.0
523b5456-1593-4178-b3fc-cdf24053cbba,user601@example.com,Subject 490,"Bonjour, voici les documents demandés.",1757207105,Urgent!,2,10,1,v1.0
d90f2cb7-2c25-4c4e-964e-a19354c19b84,user525@example.com,Subject 1576,Your account has been suspended. Please login to verify.,11/09/2025,High,0,0,SPAM,v1.0
2db80636-5e11-467d-866d-99e3fa0a28e1,user393@example.com,Subject 819,How have you been? It has been a long time.,07/26/2025,Low,-1,100,s_p_a_m,v1.0
58f552b9-bcf8-4101-a272-caf81e13a569,user690@example.com,Subject 3197,"Hello, we are interested in your profile.",10/25/2025,Low,-1,10,spam,v1.0
98e7080f-3837-4c34-9760-24838d4e3b64,user163@example.com,Subject 3319,"<div>Meeting at 5pm? Let me know.</div><br><p>Best regards,</p>",2025-12-19T20:05:05.334156,null,None,5,s_p_a_m,v1.0
ea83e972-23f1-4d7c-b1a1-d71213cb651f,user453@example.com,Subject 2110,"Bonjour, voici les documents demandés.",1751331905,Urgent!,None,5,Legit,v1.0
74e8efb1-92e6-4d11-9d3a-c6e5b8db9944,user213@example.com,Subject 3489,How have you been? It has been a long time.,2025-11-06T20:05:05.335159,N/A,1,0,SPAM,v1.0
fe89ae9f-89c0-4ca5-986b-a3b53adf5058,user538@example.com,Subject 2300,"<div>Your account has been suspended. Please login to verify.</div><br><p>Best regards,</p>",19-11-2025,N/A,None,5,SPAM,v1.0
f4f055f4-0f53-4ed5-85fa-709557403ac6,user763@example.com,Subject 1318,Free money!!! Just click <b>&nbsp;this link&nbsp;</b>,03-07-2025,N/A,None,100,1,v1.0
5b1e8cf4-209f-4669-9478-c062c6d936c8,user824@example.com,Subject 2661,"Hello, we are interested in your profile.",1763777105,N/A,None,10,0,v1.0
e282215f-d60a-4557-800b-f9342535020a,user492@example.com,Subject 3329,"<div>Hello, we are interested in your profile.</div><br><p>Best regards,</p>",12/06/2025,High,None,1,s_p_a_m,v1.0
939b58a5-98ec-42b3-a2b3-6f28d58e3ff7,user533@example.com,Subject 1791,Free money!!! Just click <b>&nbsp;this link&nbsp;</b>,2026-04-10T20:05:05.325434,Medium,null,100,ham,v1.0
aaee907a-cbe2-48d1-a099-65cf71acdbb1,user409@example.com,Subject 647,"<div>WINNER! Claim your prize now at <a href='http://malware.com'>here</a></div><br><p>Best regards,</p>",2026-03-05T20:05:05.318534,Urgent!,-1,0,spam,v1.0
bfb574c5-6c59-4c07-8e66-a10ea2ddc8f2,user389@example.com,Subject 6,How have you been? It has been a long time.,1753664705,Medium,1,100,s_p_a_m,v1.0
b792a64f-9eb2-4ffa-b5a2-d4bcd31d76b4,user328@example.com,Subject 568,"Hello, we are interested in your profile.",1771898705,Medium,0,1,ham,v1.0
