Date,Close,SPY_Close,Split_Factor,Open,High,Low,Volume,SMA_50,SMA_200,RSI,Volatility_20d,ATR,Relative_Strength_SPY,Date_Str
2021-05-03 20:13:29.409162,51.858441209579354,300.821971144885,1.0,51.568192696257164,51.924015427131074,51.16164406519972,56000000.0,,,,,,0.17238914103319516,2021-05-03
2021-05-04 20:13:29.409162,51.53464070879038,298.33252638796205,1.0,51.35054532574949,52.01236791585323,51.30776473398294,78000000.0,,,,,,0.17274227967275996,2021-05-04
2021-05-05 20:13:29.409162,51.11511614456272,297.55658053584165,1.0,51.23801059212661,52.174159963748515,50.33405602102163,55000000.0,,,,,,0.17178284564405974,2021-05-05
2021-05-06 20:13:29.409162,48.64610830139467,293.68182105722946,1.0,48.579219918502346,49.669900458744905,48.442979952676126,48000000.0,,,,,,0.16564221825604608,2021-05-06
2021-05-07 20:13:29.409162,46.07156233460483,290.7027446551104,1.0,45.67493327457435,46.70279069275834,44.502600534039004,31000000.0,,,,,,0.15848341022464066,2021-05-07
2021-05-10 20:13:29.409162,44.43298371269708,297.1638380623038,1.0,43.74853857686819,45.402435040908095,43.56714836261524,93000000.0,,,,,,0.14952352211637945,2021-05-10
2021-05-11 20:13:29.409162,43.32923825837122,298.8055158012342,1.0,44.13938090879172,44.79358471930747,42.91379200886521,41000000.0,,,,,,0.14500816071679842,2021-05-11
2021-05-12 20:13:29.409162,44.0220813061585,300.15056385754116,1.0,43.7043721017812,44.603809680207696,42.771550861074225,89000000.0,,,,,,0.14666666202583734,2021-05-12
2021-05-13 20:13:29.409162,44.677388968698615,300.2352572457161,1.0,44.279724166284126,44.762464991110896,43.693767867878925,24000000.0,,,,,,0.14880793607838705,2021-05-13
2021-05-14 20:13:29.409162,43.035482693948374,302.77344785784857,1.0,43.03433353218757,43.88100976030225,41.81817900605744,67000000.0,,,,,,0.14213757183276332,2021-05-14
2021-05-17 20:13:29.409162,41.769793560408154,300.9208228569363,1.0,41.704772265555256,41.90001994171076,41.297784825746604,26000000.0,,,,,,0.13880659092929018,2021-05-17
2021-05-18 20:13:29.409162,40.0072567162791,302.531448720807,1.0,39.96145538715924,40.72477460012135,39.43139475815116,80000000.0,,,,,,0.1322416459030679,2021-05-18
2021-05-19 20:13:29.409162,42.03104318154321,299.4133153667076,1.0,41.4453552585924,42.69124171194566,41.35130504151681,42000000.0,,,,,,0.14037800266185735,2021-05-19
2021-05-20 20:13:29.409162,41.6763200083983,300.397474932807,1.0,41.57412943827324,42.71406892252792,41.38354121380373,18000000.0,,,19.921647534171456,,1.4270810409821,0.13873725142902907,2021-05-20
2021-05-21 20:13:29.409162,42.52904193872316,302.9882391409495,1.0,41.73062614167595,42.9515189460831,41.675256810736435,44000000.0,,,23.762451425587372,,1.4637875247974788,0.1403653226254064,2021-05-21
2021-05-24 20:13:29.409162,40.760484898066736,304.0624507315736,1.0,40.628377303868206,41.29322908441467,40.44218879458659,10000000.0,,,21.97656417856237,,1.4742473182230351,0.13405300391415348,2021-05-24
2021-05-25 20:13:29.409162,,,,,41.59442029209239,40.4409073422187,49000000.0,,,22.64226730838533,,1.4252051044478067,0.13369051351919223,2021-05-25
2021-05-26 20:13:29.409162,39.06222681399705,304.907809927962,1.0,39.597375604154465,40.349484338112305,39.03984839886204,62000000.0,,,23.552177010021495,,1.4311133496750554,0.12811159813592823,2021-05-26
2021-05-27 20:13:29.409162,38.1608497564468,305.2326766513651,1.0,37.91116175341867,39.5131134824762,37.350834524422716,68000000.0,,,25.94840990852471,,1.4284054067703518,0.12502216399338492,2021-05-27
2021-05-28 20:13:29.409162,38.15352247962314,305.6168904345206,1.0,38.53230278919753,38.716566608129874,37.643014522456305,93000000.0,,,28.805723114668496,,1.3739957930118314,0.12484101394192301,2021-05-28
2021-05-31 20:13:29.409162,38.79535820304393,309.592146172004,1.0,38.85452057512449,40.756778730206484,38.695336759927365,92000000.0,,,34.204863503254714,0.4471421917548574,1.3869707401430358,0.1253111833834761,2021-05-31
2021-06-01 20:13:29.409162,37.6007619904059,312.96791983672694,1.0,37.76204489444387,37.95335713795495,37.410584975577386,62000000.0,,,28.38506224854669,0.4499565935406402,1.2948645503747567,0.12014254371509368,2021-06-01
2021-06-02 20:13:29.409162,37.26646318417035,314.19353544096964,1.0,36.86659955975923,38.881283152565715,36.59476545986825,22000000.0,,,24.502907093087472,0.44980715380388986,1.3818517339080063,0.11860989797854046,1622664809
2021-06-03 20:13:29.409162,36.93632592459973,313.49083867477157,1.0,36.72883221150101,37.03283159717294,35.75454761977416,12000000.0,,,26.934029941350474,0.4328862677959767,1.3258126784190043,0.11782266454975741,1622751209
2021-06-04 20:13:29.409162,36.19422254916913,312.2925936271806,1.0,36.66829959083584,37.30120318199775,36.09795890960007,87000000.0,,,28.04466134234798,0.4080204565694941,1.368741903878542,0.11589843399353338,2021-06-04
2021-06-07 20:13:29.409162,36.663636001067786,309.7519627855852,1.0,36.811066683909125,37.12382356554389,36.65879413230204,86000000.0,,,35.34066213753451,0.40670329071811084,1.3095740175408028,0.11836449936056381,2021-06-07
2021-06-08 20:13:29.409162,38.49066607675636,300.817413560042,1.0,38.54843012065363,39.16029874008748,38.40100755619397,79000000.0,,,34.20553223136284,0.45253346146883033,1.2680993399311358,0.12795358360819686,2021-06-08
2021-06-09 20:13:29.409162,38.51118960981068,301.2399411226835,1.0,38.45373577899651,39.42159148960536,37.365205385632606,34000000.0,,,35.44560141995977,0.4460698059873388,1.3199463681631762,0.12784224252031223,2021-06-09
2021-06-10 20:13:29.409162,38.87370969362283,305.94093871650756,1.0,38.764801165757795,39.06424796104201,38.27402292054658,46000000.0,,,32.39793405915523,0.4430367017421244,1.2852294328166596,0.12706279145480484,2021-06-10
2021-06-11 20:13:29.409162,38.490472663940814,302.83490477841536,1.0,37.4578819453822,38.72926902182065,36.87618298701623,89000000.0,,,37.38591656752732,0.4287896289138367,1.3568041288863983,0.12710051601252614,1623442409
2021-06-14 20:13:29.409162,37.46540489670402,300.5945957860804,1.0,37.52060641524888,37.911819259939925,36.88641751386993,50000000.0,,,33.27858568792658,0.42681940642677946,1.347653328614706,0.12463765291165269,2021-06-14
2021-06-15 20:13:29.409162,39.10021845873498,301.37428008097606,1.0,38.723225858940474,39.164507081881666,37.70384346284243,69000000.0,,,50.19237676095316,0.4364573876204306,1.3584410200282042,0.12973973242915476,2021-06-15
2021-06-16 20:13:29.409162,39.119748724187225,299.44663751429994,1.0,39.379757882501764,39.497309904755376,38.34975926918153,64000000.0,,,55.33169841800856,0.3922337562808188,1.2859604255653727,0.13064013357745277,2021-06-16
2021-06-17 20:13:29.409162,37.36946083067894,303.01505385975946,1.0,37.44992755039941,37.867464722011455,37.197886607062316,87000000.0,,,46.3482403486427,0.4188171265994608,1.2571051419421992,0.12332542675577486,2021-06-17
2021-06-18 20:13:29.409162,39.16031832132473,306.0053587463864,1.0,39.62924326000399,39.833723445898144,39.10570023457503,33000000.0,,,51.53545657397921,0.4511508202215838,1.161860944873913,0.12797265538666708,2021-06-18
2021-06-21 20:13:29.409162,39.962819416345845,307.6563378348764,1.0,39.90864517843083,40.35592502112819,39.54134114380915,64000000.0,,,60.2766764184203,0.43562218019698135,1.181276067369733,0.1298943480169567,2021-06-21
2021-06-22 20:13:29.409162,40.72376157046692,312.19541077646807,1.0,39.98330337888808,40.9942468838915,39.63292699579848,65000000.0,,,64.50334981065745,0.44118897838320464,1.1151905098979868,0.1304431781017599,2021-06-22
2021-06-23 20:13:29.409162,40.77886013367641,312.95295833577705,1.0,40.94186654561805,42.13906968111825,40.5014206704969,97000000.0,,,66.50016539358879,0.41101112204973866,1.1408594408424564,0.13030348187321972,2021-06-23
2021-06-24 20:13:29.409162,39.45490722804886,310.7627313001398,1.0,39.437925861751765,39.50162804940813,39.31266784163175,78000000.0,,,63.335287319543966,0.4200058661884894,1.0684105790837921,0.12696151518227794,1624565609
2021-06-25 20:13:29.409162,37.92145459079953,312.29158100122356,1.0,37.82484356577202,38.04241868494302,37.26660598532237,79000000.0,,,54.732265213622064,0.44440826809918094,1.0906093838251354,0.12142964107204335,1624652009
2021-06-28 20:13:29.409162,36.290110296309244,315.8661238582589,1.0,36.20475712057467,36.63991492010954,36.002169423915625,83000000.0,,,41.597166431582544,0.4647799327070158,1.08192754898945,0.11489079567327705,2021-06-28
2021-06-29 20:13:29.409162,36.3226748079029,316.00964675610726,1.0,36.43513804520521,36.730097711851975,36.24401932680841,19000000.0,,,41.650822629542915,0.45304444118077525,0.9697627119230791,0.11494166453702072,2021-06-29
2021-06-30 20:13:29.409162,37.74486332561961,316.01722692396226,1.0,38.100534066732386,38.3937192555944,37.04325965990521,93000000.0,,,46.01560347784943,0.47403930013053663,1.0097794658654904,0.11943925871706197,2021-06-30
2021-07-01 20:13:29.409162,36.95600734987784,322.1991622527845,1.0,36.08649568604014,36.98698335619946,35.04345712978641,70000000.0,,,44.73468834538576,0.4792789111439035,1.016239479551821,0.11469926579412904,2021-07-01
2021-07-02 20:13:29.409162,37.89081407610811,325.24604548852375,1.0,38.005204189974506,38.19063877704995,37.79120955692934,58000000.0,,,51.468832967920406,0.4805441599101303,0.971527156269722,0.11649892320503272,2021-07-02
2021-07-05 20:13:29.409162,40.43420893104376,325.56028947809256,1.0,39.71207354117841,40.719609974049675,39.638949806561875,87000000.0,,,54.334014701933754,0.5315898536593933,0.9443840525874764,0.1241988357851139,2021-07-05
2021-07-06 20:13:29.409162,39.790013686368724,329.92292337032336,1.0,39.394287549606986,40.189531728105194,38.670189972163804,42000000.0,,,52.092688980320915,0.509541667895482,0.9709405611851584,0.1206039679810495,2021-07-06
2021-07-07 20:13:29.409162,40.01317211005974,326.4650192648765,1.0,39.566243242282326,40.73650717606664,39.17352045429241,15000000.0,,,59.12422892812747,0.5096468882584742,1.0347554616726649,0.12256496025258731,2021-07-07
2021-07-08 20:13:29.409162,40.246179619501184,325.191652300595,1.0,40.409175872508804,41.26116624796413,39.79695165027324,72000000.0,,,54.19917386912651,0.5091508202287135,1.0873405606989341,0.1237614167976831,2021-07-08
2021-07-09 20:13:29.409162,41.78993535372463,323.9446255889709,1.0,42.012617820500786,42.51570663659701,41.672275575199215,14000000.0,40.600688848366055,,56.68258949640523,0.5225674382593739,1.0894010738474162,0.12900332974422843,2021-07-09
2021-07-12 20:13:29.409162,41.594624518423544,322.78211700852796,1.0,41.75152357086738,41.78978009300143,41.10719825763891,65000000.0,40.39541251454294,,53.32261420936965,0.5108244015293427,1.0409197843666662,0.12886285307226175,2021-07-12
2021-07-13 20:13:29.409162,43.59322935601748,320.79046315598447,1.0,43.57054456023919,43.9077896911338,43.186661967435555,79000000.0,40.23658428748748,,59.35093806028682,0.5153887760413223,0.9754539781578728,0.13589315881507444,2021-07-13
2021-07-14 20:13:29.409162,41.58520983879184,319.963032144969,1.0,41.87120779308174,43.66205619218435,41.115391063398185,19000000.0,40.04598616137206,,56.770319393486574,0.5474268328111775,1.1438614725157146,0.12996879533242575,1626293609
2021-07-15 20:13:29.409162,39.5080987437694,315.8990262806307,1.0,39.27846295783275,40.48086041087592,39.08193079207263,23000000.0,39.86322597021956,,54.87408806272328,0.5538026125189707,1.1883698238859028,0.12506559203089204,2021-07-15
2021-07-16 20:13:29.409162,40.51154734321966,317.3319467323046,1.0,40.523568894291685,40.652632312578156,40.41047575460961,34000000.0,39.75202567039185,,63.488379031546934,0.5352247331539373,1.1601134711555194,0.1276629969354912,2021-07-16
2021-07-19 20:13:29.409162,41.76948623671315,309.51213983643646,1.0,42.13206132633466,42.67627650865688,41.58915383948055,18000000.0,39.69875572087217,,66.13985134688643,0.5412795021264704,1.2030452057364316,0.13495265891278604,2021-07-19
2021-07-20 20:13:29.409162,39.44361124717014,303.10952076106724,1.0,39.72116300829075,40.011634383473584,39.423257032768895,71000000.0,39.62104318064815,,54.7778076878064,0.5753917683911715,1.1486107596661104,0.1301298987512254,2021-07-20
2021-07-21 20:13:29.409162,40.00320133067618,300.963105402545,1.0,40.29591923227145,40.695950678599544,39.35505931479986,26000000.0,39.54066558113851,,58.68234624921156,0.5778776523235886,1.1055654123365843,0.13291729322493195,2021-07-21
2021-07-22 20:13:29.409162,38.74440535533788,297.04445544855406,1.0,39.100299336180036,40.09211229601682,38.46135278206335,75000000.0,39.42200590887129,,52.38804110384178,0.5771510426623575,1.1935175761817887,0.13043301985499653,1626984809
2021-07-23 20:13:29.409162,41.148176401344806,296.1976171028334,1.0,41.04325988593524,41.95856496922171,40.60429401477486,23000000.0,39.38425978301922,,52.01315138064557,0.5984299551117122,1.2130612038217212,0.13892136204140712,2021-07-23
2021-07-26 20:13:29.409162,41.562231345849575,296.5429920192115,1.0,41.582734699693525,41.609676641385946,41.23210530612096,90000000.0,39.38010853872805,,55.06277241323984,0.5712599558136222,1.1315061737734067,0.14015583731331938,1627330409
2021-07-27 20:13:29.409162,41.805305157301426,300.3388779881672,1.0,41.505065221925705,41.83889452862002,41.47659689421243,97000000.0,39.4160695075485,,55.11384672177865,0.5707803951346355,1.0457426675329324,0.13919378482511505,2021-07-27
2021-07-28 20:13:29.409162,42.52948288182212,303.4743689606976,1.0,42.620436735907404,42.9688415688542,42.261303319199826,54000000.0,39.42603830155408,,56.337745863192936,0.5599650339333054,0.9916943569588962,0.14014192706775191,2021-07-28
2021-07-29 20:13:29.409162,41.81890684427083,303.3144920351229,1.0,41.82333471119798,41.92936385071928,41.26336269082585,80000000.0,39.428890038271525,,50.08431578303209,0.5574290931688077,0.979020792565727,0.13787309193069588,1627589609
2021-07-30 20:13:29.409162,40.50902765004312,300.1739545640699,1.0,40.43863576640898,40.71253393399907,40.34345947805927,18000000.0,39.388489752497925,,47.03306420234499,0.5686100979021814,0.9566274083212468,0.1349518405381729,2021-07-30
2021-08-02 20:13:29.409162,41.865349010508965,300.56419982048726,1.0,42.28804038393334,42.83033769678368,41.864923727824305,67000000.0,39.41058703474677,,45.105885000684154,0.5302871348698932,0.9740764258398988,0.13928920688329866,2021-08-02
2021-08-03 20:13:29.409162,41.95261170247377,294.36837048457,1.0,41.60952967920926,42.165341139599605,40.275410509959165,90000000.0,39.433576872757435,,51.167698795876575,0.5259225995464559,0.9271668187580612,0.1425173894648196,2021-08-03
2021-08-04 20:13:29.409162,,,,,41.893520057477396,40.76475484779856,13000000.0,39.48974338789299,,58.59898089913353,0.5261433205706271,0.9078693609634578,0.14011170259165276,2021-08-04
2021-08-05 20:13:29.409162,40.12271416173838,303.63268225186954,1.0,40.10329587510937,40.59771003326299,39.82196943556654,41000000.0,39.528980675998824,,48.657456572336926,0.5491030317439083,0.9459825066583082,0.132142277518254,2021-08-05
2021-08-06 20:13:29.409162,41.26591304907187,307.11348624670507,1.0,41.16227649172276,41.51894770023817,40.86316023856018,42000000.0,39.5912284873878,,48.24740163252269,0.5411205590091681,0.9151728489798556,0.1343669845091819,2021-08-06
2021-08-09 20:13:29.409162,41.94784554160179,310.8320582946361,1.0,42.653122923126084,43.04313693092451,41.64368890811102,37000000.0,39.65427823415896,,59.84172936542798,0.5439569491086499,0.9731064684161989,0.13495340786837257,2021-08-09
2021-08-10 20:13:29.409162,41.40996689741125,311.6565999185164,1.0,42.07467571398487,42.49617802767884,41.28601601509655,55000000.0,39.73046233229907,,55.53808938272276,0.5163117857116953,0.9637686576149562,0.13287049562960648,2021-08-10
2021-08-11 20:13:29.409162,42.69478384843033,314.6603559734102,1.0,42.235270537665095,42.761021347647606,41.782776483143124,67000000.0,39.839028745584265,,65.51987013802949,0.5014756125813419,0.9171604683685999,0.1356852969810985,2021-08-11
2021-08-12 20:13:29.409162,42.359201007034656,310.86473684055073,1.0,43.137367249445596,43.55474155085097,42.055876212647895,67000000.0,39.947486247232966,,55.68094576228686,0.4647909975527042,0.9274886386369013,0.13626248328308016,1628799209
2021-08-13 20:13:29.409162,41.25175284955846,307.8664528031269,1.0,41.43768393025202,41.71958143356244,40.27861172025698,25000000.0,40.048636853240744,,48.63249987212601,0.46915679415499756,1.0034456656397919,0.13399236088882327,2021-08-13
2021-08-16 20:13:29.409162,42.02650499787654,308.67047250426447,1.0,41.54757795111661,42.09468156035568,41.327621391387495,11000000.0,40.15589423317692,,50.93068396771826,0.4607909407365561,1.032357275251263,0.13615330503404702,2021-08-16
2021-08-17 20:13:29.409162,43.77307103886076,305.83652682843984,1.0,43.96272294305387,44.56890025770846,43.26602066362335,10000000.0,40.26154233241901,,54.81782608821261,0.43129510212975686,1.074881656996315,0.14312571324554518,2021-08-17
2021-08-18 20:13:29.409162,43.75411490364067,304.9262556961696,1.0,43.716362674740566,44.15698903276628,43.26568308986557,40000000.0,40.36640083829561,,57.92176984245852,0.4305422268157466,1.09097485578255,0.1434908083062468,2021-08-18
2021-08-19 20:13:29.409162,45.71913411358623,304.3601192561907,1.0,45.81252830756011,45.924777162719764,45.372890081015925,13000000.0,40.50330932669488,,70.24186090784481,0.43048031882032944,1.1040329004799818,0.15021394466961294,1629404009
2021-08-20 20:13:29.409162,45.59749022307606,304.8091119746427,1.0,45.795694608791216,45.87306362939309,44.97230845236557,70000000.0,40.645449677877586,,66.03848493596023,0.38267136324086304,1.099414415341992,0.14959359294635965,2021-08-20
2021-08-23 20:13:29.409162,45.55972731384273,307.4977104747231,1.0,45.4181721002065,46.47442012223839,44.70506425634036,52000000.0,40.807336126220356,,65.56743065795729,0.38287240503443226,1.0908019322175346,0.14816281800442163,2021-08-23
2021-08-24 20:13:29.409162,45.024486155920805,308.8186536224158,1.0,46.008753790558885,46.64685848992711,44.73438375534167,21000000.0,40.925821480164075,,63.09921279244178,0.38734944993121817,1.146781183996578,0.14579587608386838,2021-08-24
2021-08-25 20:13:29.409162,43.156821355225674,312.5901637521016,1.0,43.50083963989584,44.02304455440907,43.06919859809263,62000000.0,41.006562932784846,,62.47734552207751,0.41572132578465915,1.1595029953265765,0.1380619941369973,2021-08-25
2021-08-26 20:13:29.409162,44.04075237567575,316.0810672286593,1.0,44.531102386672565,46.33843130330284,43.807595811634556,39000000.0,41.13998876368478,,61.659776145175364,0.41560219414007255,1.29343499746874,0.13933372461000898,2021-08-26
2021-08-27 20:13:29.409162,45.22271554065451,314.95601237360705,1.0,45.60555051908869,46.36890264981491,45.00561238114053,12000000.0,41.26123670807137,,63.20594412839877,0.4031401296661475,1.2908523007445178,0.14358422688883435,2021-08-27
2021-08-30 20:13:29.409162,45.86911338966247,318.02750380030955,1.0,45.82868316117008,47.032480615240964,45.661080120703296,31000000.0,41.379362587537706,,67.82553944348575,0.39125950765346107,1.302369335169902,0.14423002049050396,1630354409
2021-08-31 20:13:29.409162,45.494195021252985,319.18141151827115,1.0,45.75802014811758,45.89132249981892,44.05442155994484,19000000.0,41.47477125655343,,62.068666732616855,0.39391204211462616,1.363701911982016,0.14253397403328646,2021-08-31
2021-09-01 20:13:29.409162,42.836040364188946,318.5431793698271,1.0,42.54443281727271,43.386873806127625,41.28871618932811,43000000.0,41.51591486116368,,51.71273343021156,0.45254888658318654,1.4065085033103328,0.1344748314778905,2021-09-01
2021-09-02 20:13:29.409162,43.18511153963048,313.0399433864619,1.0,42.89529985269157,43.341112092944044,42.314854105932504,49000000.0,41.59051894739531,,57.344447816258906,0.4229596407892914,1.3768862371464816,0.13795399741149492,2021-09-02
2021-09-03 20:13:29.409162,42.978712735480315,309.93337460373766,1.0,43.06456905730653,43.5386311120039,42.24271255333483,48000000.0,41.69166411028893,,53.7804956263832,0.4138208643686583,1.4146618364108303,0.1386708120428474,2021-09-03
2021-09-06 20:13:29.409162,43.52303561422471,313.5759878013367,1.0,43.8247533373314,44.61240412442114,42.9668198312395,50000000.0,41.83632261664724,,48.90252991517426,0.4122923168045854,1.4391407434891543,0.13879581762427023,2021-09-06
2021-09-07 20:13:29.409162,43.27450313697524,319.08376426291534,1.0,43.51798676541815,44.15140583980391,43.258907343348554,59000000.0,41.97535918322869,,47.936447622029554,0.4096270543333019,1.4392259258859141,0.1356211377189294,2021-09-07
2021-09-08 20:13:29.409162,41.56348123263742,319.8330574365771,1.0,41.94618672310053,42.13826278409652,40.69177465274678,76000000.0,42.05173154136904,,31.72057834097464,0.4209288968721799,1.5031260008606213,0.1299536751008906,2021-09-08
2021-09-09 20:13:29.409162,41.596232270096735,321.21475074968663,1.0,41.856311926730825,41.96705178967691,41.40061728663883,16000000.0,42.14453603977342,,32.26099020565418,0.4201797435789708,1.4792459527185184,0.12949664413920853,2021-09-09
2021-09-10 20:13:29.409162,40.952781386569434,319.5371950921461,1.0,40.77569150210375,42.04410956479266,40.653467373085846,49000000.0,42.20577538598264,,30.616729899511995,0.41321398925353225,1.4521949759905743,0.128162799247079,2021-09-10
2021-09-13 20:13:29.409162,41.79177502504928,316.6588909879113,1.0,41.65151533860285,42.04358070656886,41.250758064197676,20000000.0,42.23292670786276,,36.73767442846669,0.414287396740632,1.3722198265466987,0.13197726706699264,2021-09-13
2021-09-14 20:13:29.409162,42.00391309480136,316.67688970456334,1.0,42.82812673399497,42.97126869941804,41.9436263399458,91000000.0,42.27720469603141,,44.526665245334456,0.3850072385272297,1.3774909982006847,0.13263965404607825,2021-09-14
2021-09-15 20:13:29.409162,,,,,44.099109422698994,42.48816289645918,18000000.0,42.33490112694904,,44.580072419381025,0.3936355203584264,1.3117846435272225,0.13587424028155018,2021-09-15
2021-09-16 20:13:29.409162,43.6086347491694,313.8378880745,1.0,44.21456646324048,44.391582536760474,43.28263745936412,52000000.0,42.4021502295424,,41.98639121107893,0.3616411279769718,1.2936171298645063,0.1389527409094004,1631823209
2021-09-17 20:13:29.409162,42.62021117548627,317.35565417761103,1.0,43.03047354174515,43.410570588661315,42.193571887597734,58000000.0,42.418755745977634,,34.3996269631382,0.36894365354630254,1.282588430330643,0.13429794180264856,2021-09-17
2021-09-20 20:13:29.409162,43.3456711973283,318.3724815702564,1.0,42.24621253161852,43.41285664170478,42.101857065090904,71000000.0,42.45377667955573,,40.0193447958779,0.3757847328541303,1.2450240472406284,0.13614766886742707,1632168809
2021-09-21 20:13:29.409162,41.5200345025837,317.9411586731649,1.0,41.13638089179894,41.71627075660936,40.96026606969207,45000000.0,42.41231278248705,,43.37420154056975,0.4006416742902425,1.14915598082047,0.13059031009340064,2021-09-21
2021-09-22 20:13:29.409162,42.065191936266665,319.0074945079632,1.0,42.02041622044614,42.31787487546604,42.014362487931116,61000000.0,42.42191242443655,,44.47062999845667,0.37869833412052584,1.0975312951435687,0.1318627074926499,2021-09-22
2021-09-23 20:13:29.409162,41.52901559407077,321.1030545582951,1.0,40.87941479448783,41.908561682573136,40.60981234773679,17000000.0,42.46233076144257,,43.068151835412316,0.3720015857387329,1.0977334934412315,0.129332359205357,2021-09-23
2021-09-24 20:13:29.409162,41.36763082566665,314.71794249695154,1.0,41.22170576859727,41.398241928419964,41.13660057535682,61000000.0,42.47945243109152,,39.30197933482644,0.35529305311265086,0.99888042628991,0.131443509376868,2021-09-24
2021-09-27 20:13:29.409162,40.52684619566696,314.9189341383538,1.0,40.41464764427183,40.568016126083386,39.42830714526856,29000000.0,42.45459963027059,,37.11967460821668,0.3526304076638741,1.0165383180298722,0.128689773152421,2021-09-27
2021-09-28 20:13:29.409162,41.83737095056917,315.2312434279027,1.0,42.10414387252791,42.24917788919315,41.3211644609444,49000000.0,42.50247482433857,,51.33401664037877,0.3776497108177086,0.9795044106655156,0.1327196203511404,2021-09-28
2021-09-29 20:13:29.409162,43.0104364981363,317.369714607641,1.0,42.98800429376572,43.299164682492375,42.6109259564759,94000000.0,42.56261952768777,,56.19943184936642,0.3343249965058853,0.9882047123068293,0.1355215526828368,1632946409
2021-09-30 20:13:29.409162,41.697900902352956,317.62407977700195,1.0,41.432866506245155,42.23387944492806,40.34383199009541,85000000.0,42.621689438628074,,53.08538032134699,0.3502548603728003,1.023876516815817,0.131280666540233,2021-09-30
2021-10-01 20:13:29.409162,42.410525529403316,325.1430827487183,1.0,42.99452755500248,43.77940969138138,42.309065509837765,96000000.0,42.646936421189245,,52.58921027778398,0.35610783268456603,1.0722709124709908,0.13043649943547966,2021-10-01
2021-10-04 20:13:29.409162,42.23839995865288,323.3053828535584,1.0,42.45051846128316,43.03325828835217,42.1795056637749,24000000.0,42.66045979344531,,50.98452566262109,0.35288813465254887,1.0598502171213506,0.1306455202998733,2021-10-04
2021-10-05 20:13:29.409162,43.16524523932336,322.97282712957156,1.0,42.25232137424042,43.34555142890369,42.05501372867575,12000000.0,42.68765859508576,,51.11901409454493,0.3618030846568737,1.0369638724062165,0.13364977364490838,2021-10-05
2021-10-06 20:13:29.409162,43.93453283666438,324.35669750498744,1.0,44.276678571743034,44.39835862722489,43.47074798704602,23000000.0,42.7157595941826,,51.3579050271823,0.33468206635392966,1.0240114126049673,0.13545128919679184,2021-10-06
2021-10-07 20:13:29.409162,42.307602777152525,321.4693091053559,1.0,41.89615536453016,43.09397353065476,41.710479043498516,78000000.0,42.72553351284023,,48.76327319082319,0.36365146784029656,1.0359039687544431,0.13160697329052634,2021-10-07
2021-10-08 20:13:29.409162,42.661984991126445,319.03792310487876,1.0,42.18227567140482,42.702705691350424,42.11565249709806,31000000.0,42.7685926596619,,47.21341604548502,0.359064043454154,0.984193512871478,0.13372073318412991,2021-10-08
2021-10-11 20:13:29.409162,43.97199876602654,323.13518606537264,1.0,43.796238563330064,44.08166753685754,42.477892931979376,88000000.0,42.81072565477225,,60.43225843649028,0.36766261645032655,1.04474850701154,0.13607926546609714,2021-10-11
2021-10-12 20:13:29.409162,,,,,42.291469734126984,41.54617056969684,20000000.0,42.81261280610848,,49.93061578948732,0.4028678451377621,1.0763047053611987,0.12789585893711408,2021-10-12
2021-10-13 20:13:29.409162,40.90852640515593,329.2061779279272,1.0,40.94726697336,42.48479109313789,40.33732502003973,95000000.0,42.7933722827961,,47.74104325798601,0.4061114896434398,1.1369273295227573,0.12426415161052051,2021-10-13
2021-10-14 20:13:29.409162,40.831617923887606,333.97203650389247,1.0,40.6162285085993,40.98272002338571,39.779715595807694,13000000.0,42.80755035803909,,48.036510925833824,0.4001259863543178,1.2041675491309627,0.12226058909399652,1634242409
2021-10-15 20:13:29.409162,39.9156902269357,334.62032567387604,1.0,39.57510492315505,40.24480776393806,39.191138413515255,55000000.0,42.78054590159636,,47.77350877641805,0.39997416381078266,1.1980218612458187,0.11928650821360412,2021-10-15
2021-10-18 20:13:29.409162,37.38632965222671,332.5718623033693,1.0,37.15926406180473,37.88131872584459,36.741027349953306,57000000.0,42.689315583808856,,35.10707852985705,0.4458443922638142,1.213184571791714,0.11241579306587042,2021-10-18
2021-10-19 20:13:29.409162,38.05287544868825,331.0023581606343,1.0,38.133856682673645,39.648806136024795,37.12731941721301,20000000.0,42.6221737548344,,32.83031477395407,0.4338142948506681,1.3441308569913792,0.11496255090189213,2021-10-19
2021-10-20 20:13:29.409162,37.18991882825188,333.7790728557929,1.0,37.15690490948022,37.80550812179009,37.03836824229806,43000000.0,42.512076454430826,,33.88553873908056,0.43369116567651583,1.263923173038478,0.11142076257225253,2021-10-20
2021-10-21 20:13:29.409162,36.059142639895434,333.1129761094252,1.0,35.88772796381096,36.685142642534046,35.72016003807031,72000000.0,42.38607528708804,,27.955056452671542,0.44190471884224203,1.2278259175327721,0.10824898825931738,2021-10-21
2021-10-22 20:13:29.409162,35.294078497983925,333.92861699985554,1.0,35.25100928598601,35.35592645782303,34.99957126622248,86000000.0,42.266921800056565,,26.84990170291266,0.4447324757132187,1.192297529463006,0.105693482682256,2021-10-22
2021-10-25 20:13:29.409162,34.35013045400924,336.79824920551454,1.0,34.369967202426096,34.521287729197745,34.09590195289812,88000000.0,42.11339430917921,,20.646759660664443,0.4477558555911285,1.1305009634681267,0.10199022867559138,2021-10-25
2021-10-26 20:13:29.409162,34.7133691213377,342.1704810174737,1.0,35.199048595819065,35.35056985273739,34.41529808358648,73000000.0,41.932200270828744,,18.44126022317674,0.42807973038784614,1.1310481869661295,0.10145050799856982,2021-10-26
2021-10-27 20:13:29.409162,35.21762639954265,348.66470748411416,1.0,34.881781928169055,35.74228465949225,34.2311862290483,67000000.0,41.76147050074678,,23.715228497858504,0.4150883292291301,1.140162754343823,0.10100714423798467,2021-10-27
2021-10-28 20:13:29.409162,36.45611805750934,348.30585001180924,1.0,36.18742366142378,37.05338233428783,35.566760645378004,19000000.0,41.57621017962525,,28.40830960691818,0.4361678476724591,1.2044176468193564,0.1046669702971492,2021-10-28
2021-10-29 20:13:29.409162,37.658640060731365,345.3372196016531,1.0,37.61638267937915,37.830510096175814,37.26839375387583,88000000.0,41.41743317637835,,27.868783257351694,0.450889761519764,1.1300134852066297,0.10904888880547152,2021-10-29
2021-11-01 20:13:29.409162,37.42653689981571,347.766085499508,1.0,37.2707178286214,37.65269649412887,36.22129654039041,74000000.0,41.25476936809781,,31.62198599997204,0.4508601301844009,1.1790206844429376,0.10761985846336548,2021-11-01
2021-11-02 20:13:29.409162,37.866922394316134,346.29434881767287,1.0,38.08875628479413,39.41656694735692,37.621483119332055,78000000.0,41.11161809286572,,37.19053422978453,0.44399683432525966,1.153850524080559,0.10934894699726508,2021-11-02
2021-11-03 20:13:29.409162,39.77061314495592,345.5485457666986,1.0,39.71235773699516,40.22623263406405,39.11147311157314,14000000.0,41.043893928660324,,46.127512896754475,0.48066435263072427,1.147547316574337,0.1150941412782201,1635970409
2021-11-04 20:13:29.409162,41.39094303018409,343.82787120134526,1.0,41.17070439204693,41.63086062509579,40.34478260431268,19000000.0,40.990897741750494,,55.12110030368565,0.4900992901521526,1.1641479358857876,0.1203827452543706,2021-11-04
2021-11-05 20:13:29.409162,41.78718607988535,354.40470512223425,1.0,41.79393577937909,41.861115940516264,41.62503725528651,67000000.0,40.92218715253511,,67.93259244844668,0.4904096334780042,1.09956131512425,0.11790810188446268,2021-11-05
2021-11-08 20:13:29.409162,42.852629222883806,352.4936572407027,1.0,42.971673275273005,43.47445060005929,42.657101526766745,63000000.0,40.86185746919954,,68.94223404270883,0.486332990529587,0.9778371975871616,0.1215699299622336,2021-11-08
2021-11-09 20:13:29.409162,43.48232721966862,351.144632180673,1.0,43.71714757113358,45.456514334984895,43.21647699281058,54000000.0,40.82162011316785,,75.29877579795527,0.4615194542492146,1.0830441592073252,0.12383024894794871,2021-11-09
2021-11-10 20:13:29.409162,43.61533528396257,345.7336190364653,1.0,43.81064248058673,44.527862310606096,43.029930623994694,56000000.0,40.837206011563325,,83.02986968134795,0.4484795208180984,1.1211119507893013,0.12615300590528444,2021-11-10
2021-11-11 20:13:29.409162,43.84289634365159,349.55498413409254,1.0,43.546673471831866,44.84630855678476,43.4661426645995,80000000.0,40.85036170764375,,89.21145025070206,0.4480388015113307,1.1942412865453522,0.12542489260239828,2021-11-11
2021-11-12 20:13:29.409162,46.21691432738931,349.33722430554826,1.0,45.992935639041804,47.08063699668096,45.53805862651486,85000000.0,40.91512573948193,,98.11772487658135,0.47016002891596836,1.2740407575358144,0.1322988536914853,2021-11-12
2021-11-15 20:13:29.409162,46.84073132295558,349.4890144674965,1.0,46.34616258595834,48.032344717448595,44.96847878554592,41000000.0,40.98147965365654,,98.15667793505303,0.3878668893457617,1.4260831977323691,0.1340263338300492,2021-11-15
2021-11-16 20:13:29.409162,48.547785707245176,344.7809890700288,1.0,48.28662954902434,48.87407180438713,48.05413486891787,91000000.0,41.086945305061946,,98.31740605440585,0.39733380662310835,1.376714519519891,0.140807606121765,2021-11-16
2021-11-17 20:13:29.409162,,,,,49.34162380669031,47.38659962652856,63000000.0,41.22468661963463,,97.39714713493119,0.3793959354377239,1.4101718403235997,0.14139264113117922,2021-11-17
2021-11-18 20:13:29.409162,46.733088867481236,346.49935083206054,1.0,47.23719330677195,47.695722433286846,45.39816334763794,16000000.0,41.32742375158233,,84.45631520275693,0.38748538953010914,1.534132036277094,0.1348720820262996,2021-11-18
2021-11-19 20:13:29.409162,44.40188769290191,342.51791788688786,1.0,44.51172478707883,44.61172582662329,43.62914903037342,39000000.0,41.39640587770898,,72.84431686717826,0.43216741328097263,1.5020732393136238,0.1296337662182247,1637352809
2021-11-22 20:13:29.409162,46.63852243239672,343.2796042471078,1.0,46.01867429094328,47.61573610705947,45.72828203564468,48000000.0,41.493340825855924,,75.7029726197479,0.4273827269253595,1.5086711138414752,0.13586161792130316,2021-11-22
2021-11-23 20:13:29.409162,46.78628755612406,340.6317671884925,1.0,47.0170832686291,47.16119657787436,46.57839902767203,45000000.0,41.58898831508237,,72.91585157304,0.42937665645316986,1.470673830106577,0.13735150993781015,2021-11-23
2021-11-24 20:13:29.409162,49.55055739783236,338.8143184272088,1.0,50.179291544485984,51.003364101313736,49.224018337228415,57000000.0,41.72203958992021,,74.79913323864969,0.4564733688168316,1.5059072403424487,0.14624694029416543,2021-11-24
2021-11-25 20:13:29.409162,48.188701653930096,344.26006034502564,1.0,47.75611918162942,48.25617289242889,47.61397561120063,42000000.0,41.81364092801541,,68.37718059156519,0.4781698073813741,1.5349157114851992,0.13997761345197648,2021-11-25
2021-11-26 20:13:29.409162,51.983876455010034,344.0422861162242,1.0,51.228002985187814,53.1283713694655,50.55133735853561,63000000.0,42.00091423360589,,72.66183151098548,0.5267969795957824,1.6606074927450092,0.1510973463228554,2021-11-26
2021-11-29 20:13:29.409162,53.69822733368039,343.26950243315906,1.0,54.1113184439741,54.53559147292975,53.019676586538814,55000000.0,42.20796535633293,,74.05846162393573,0.522505975020206,1.6088844601890533,0.15643168691962792,2021-11-29
2021-11-30 20:13:29.409162,54.76943232646779,342.4070174556875,1.0,54.8500449879653,55.239586858114855,53.492412385964165,36000000.0,42.4729533128106,,75.15628326347158,0.5218680728763533,1.6266875162990024,0.15995417597875536,2021-11-30
2021-12-01 20:13:29.409162,52.91320280823276,346.89080210828934,1.0,53.78167027966446,55.61168539221993,52.692407159176696,72000000.0,42.68991353024993,,69.05664847591089,0.5404399916832572,1.7366241120745722,0.1525356177985797,2021-12-01
2021-12-02 20:13:29.409162,53.676595658508994,347.0480188276776,1.0,54.30353252010506,54.33128236536325,52.55665895529912,99000000.0,42.93286513153869,,66.81043743368548,0.5317690912337442,1.7531987577815744,0.15466619241863888,2021-12-02
2021-12-03 20:13:29.409162,52.28576678327095,348.32675481981624,1.0,53.093288454825895,53.68683647482527,51.43483928944082,34000000.0,43.15122785069079,,61.86041421732062,0.5499465969028999,1.6952081330302724,0.15010551460601276,2021-12-03
2021-12-06 20:13:29.409162,53.793485695074914,347.50493876559466,1.0,54.13643409591736,54.7347075440433,53.50727043755318,27000000.0,43.416560640678945,,61.52631340403032,0.5511733145986554,1.7243152881031913,0.15479919763488792,2021-12-06
2021-12-07 20:13:29.409162,52.63022613227971,344.61976924622735,1.0,52.044057945830865,53.271631571545214,51.6709957980544,96000000.0,43.63241774431315,,58.77297052715232,0.5637525395631744,1.6990018304838388,0.15271969523801737,2021-12-07
2021-12-08 20:13:29.409162,54.5390166932604,347.1644284970767,1.0,54.8475248752787,55.28692062107747,54.313825377116686,56000000.0,43.862989348215635,,66.25376387391171,0.5704696590696146,1.6043972703632587,0.15709851648501957,2021-12-08
2021-12-09 20:13:29.409162,56.42892672926254,344.02744698314933,1.0,56.19530288836751,56.623607779241155,55.24450671919039,96000000.0,44.15760986475382,,75.51194658968807,0.5754804033873966,1.6327204320633224,0.16402449055765736,2021-12-09
2021-12-10 20:13:29.409162,56.91980555806233,340.15294843320163,1.0,58.277038611956804,58.37825053933194,56.61009532809904,47000000.0,44.447795465327005,,73.55323277697471,0.5549577873307843,1.6241990849074728,0.16733591703451042,1639167209
2021-12-13 20:13:29.409162,56.19770351233444,347.6326320943952,1.0,55.7113538160079,57.466340377428885,55.68745965161226,68000000.0,44.726981536400636,,71.00765543087351,0.5611708279119008,1.7096335974513512,0.1616583091574518,1639426409
2021-12-14 20:13:29.409162,58.10418926382741,345.53380191595903,1.0,58.59502471532309,60.16296606938372,56.56695837151507,24000000.0,45.025760416890726,,69.85321479241138,0.5596497675255043,1.8393951641501605,0.1681577574802929,2021-12-14
2021-12-15 20:13:29.409162,57.11773327378087,341.96121212827467,1.0,56.45804075333124,57.91207638998676,55.96841144761075,23000000.0,45.28942442563305,,71.09208415158156,0.5662558702899936,1.932357139946428,0.16702985966828066,2021-12-15
2021-12-16 20:13:29.409162,55.8002670029366,342.11284078513756,1.0,56.24816526455925,57.143596177496676,55.61728597492444,54000000.0,45.55927771014873,,60.21021782211426,0.554999692405586,1.857305439349453,0.16310486000723284,2021-12-16
2021-12-17 20:13:29.409162,55.323115215022824,331.6229217040731,1.0,54.87234279188184,55.503887104831804,54.6468677063743,53000000.0,45.81250031462666,,54.655338723843975,0.5142615907606167,1.8102414759256362,0.16682536578213653,2021-12-17
2021-12-20 20:13:29.409162,55.76175807416243,331.9114420757532,1.0,55.359221349155604,56.018946243894725,54.01500528567971,41000000.0,46.04829550078937,,52.94995906666003,0.4934063485734218,1.828581939215945,0.16800191558757938,2021-12-20
2021-12-21 20:13:29.409162,56.9195465005937,332.8292353356864,1.0,57.427547967916816,58.641868625878615,56.19757444526442,80000000.0,46.345747045415536,,62.42595159898815,0.4943994712948828,1.7946545068995847,0.1710172678886983,2021-12-21
2021-12-22 20:13:29.409162,57.791032365950635,334.95250824782585,1.0,57.405108930117244,59.31573802319801,56.643811877035766,28000000.0,46.68339716463143,,62.67621352185927,0.46036315477442297,1.8587475594780212,0.17253500404657965,2021-12-22
2021-12-23 20:13:29.409162,56.52306735307502,338.6331086290022,1.0,57.78875997408525,58.3090103807942,55.77900446551012,24000000.0,46.99722615321519,,63.154333039199834,0.4550675722729033,1.8786053258994235,0.1669153603494815,2021-12-23
2021-12-24 20:13:29.409162,55.055194958480605,337.6425424339219,1.0,55.27101084179721,56.12595877921682,54.78185087528004,43000000.0,47.30001624784608,,53.92658162260799,0.3870475936544833,1.8869389542884707,0.16305763652178146,2021-12-24
2021-12-27 20:13:29.409162,53.76841282675559,339.0593828555847,1.0,53.323464845921684,53.90610642661162,52.93854615371899,79000000.0,47.62765791133666,,53.51513991468026,0.3811011724258622,1.8417192756743148,0.15858110863623298,2021-12-27
2021-12-28 20:13:29.409162,55.467731677721034,336.17977668407514,1.0,54.831794136238834,56.08449446067813,54.33482791883176,39000000.0,47.975955035917316,,52.905810970766915,0.3911688854500129,1.8971886540947136,0.16499425463610448,2021-12-28
2021-12-29 20:13:29.409162,53.661749227025524,338.4469487536604,1.0,53.2022790026614,54.98004550444518,52.306772713616766,35000000.0,48.30539164389278,,41.29620160581106,0.38962150213284336,1.9896294920074027,0.158552911836364,2021-12-29
2021-12-30 20:13:29.409162,52.94905342226497,332.0620939398467,1.0,53.28239428787071,53.57077933963971,52.06791320732588,68000000.0,48.64318985954017,,37.682392546129044,0.3893593018782589,1.9706802720846122,0.15945527775855298,2021-12-30
2021-12-31 20:13:29.409162,51.02181807697932,331.0071604256942,1.0,51.106469168698766,51.918597147018644,49.87101971390597,47000000.0,48.95774465112008,,35.060938770353204,0.40010433242233684,1.9898728940343295,0.15414113099959026,2021-12-31
2022-01-03 20:13:29.409162,51.503492881281545,334.0471777121787,1.0,51.193156849759816,51.90345143019897,50.695383621352974,19000000.0,49.30081189966553,,29.241158249316115,0.38666928757708796,1.81930575910414,0.15418029643003875,2022-01-03
2022-01-04 20:13:29.409162,51.52729305906203,324.252663744337,1.0,51.34203168655137,52.01263588267059,50.02806830392266,68000000.0,49.63709037842002,,31.28517742616455,0.37960327863134136,1.8222273759878485,0.1589109321849386,2022-01-04
2022-01-05 20:13:29.409162,52.680332721256974,319.8770602134424,1.0,52.729277018469816,53.03086808724921,52.355011504634405,34000000.0,49.98634450485431,,39.43929902396669,0.3645217408269081,1.761480688848032,0.16468931121883293,2022-01-05
2022-01-06 20:13:29.409162,52.71410632436911,324.10910555326734,1.0,52.16381338416464,52.9239703025294,51.73391581691038,44000000.0,50.3115042701915,,40.895454911366116,0.3388969840861866,1.7852689093595688,0.1626430896916148,2022-01-06
2022-01-07 20:13:29.409162,50.05772625113182,323.99187217032943,1.0,49.77621479684757,50.26404779389598,48.85645520067533,20000000.0,50.55948599399951,,32.76289546744725,0.3744643706225193,1.7426725975742576,0.15450303094274973,2022-01-07
2022-01-10 20:13:29.409162,50.151194527705,325.69614497907133,1.0,49.61142543599942,51.0493491848779,48.62367268911196,46000000.0,50.8139791465573,,28.140480116297056,0.37465177809525263,1.741342762942239,0.15398154169410766,2022-01-10
2022-01-11 20:13:29.409162,51.68102637781734,322.9309893096511,1.0,51.89011881571479,52.04741088854569,51.13488731261874,92000000.0,51.09026122622732,,31.071641994026066,0.3700577449859654,1.6156711507825758,0.16003737048679953,2022-01-11
2022-01-12 20:13:29.409162,50.553728563207855,322.1603566606153,1.0,50.357000130707576,51.11306608585062,49.886879050365884,48000000.0,51.30592353459236,,31.344829003318182,0.3724232904551228,1.5225412307969084,0.15692101004365488,2022-01-12
2022-01-13 20:13:29.409162,48.24581715096357,320.8460975935368,1.0,48.679563793656,48.733232428890425,48.007489681989604,72000000.0,51.44302101700795,,29.78116258977812,0.39428246108028225,1.4783722910086254,0.15037059048816506,2022-01-13
2022-01-14 20:13:29.409162,47.09980499865464,321.001338391523,1.0,47.57210293284788,47.83374382857476,47.04476924373231,95000000.0,51.54927339538333,,30.03222185603154,0.3987678477349808,1.4656161704336124,0.14672775270864244,2022-01-14
2022-01-17 20:13:29.409162,47.3956405824814,316.95698107309653,1.0,46.676342855191415,47.64127845736193,45.554280501577935,70000000.0,51.640133622575284,,23.61188858153946,0.3979527632786463,1.489711271429157,0.1495333544067011,2022-01-17
2022-01-18 20:13:29.409162,47.027054263274096,318.3226127216834,1.0,46.19362579501833,47.5150624158458,45.71745888933665,86000000.0,51.71102816344739,,26.061070056150484,0.38341885591931807,1.427163466834924,0.14773394155441574,2022-01-18
2022-01-19 20:13:29.409162,50.57611455818716,313.25689340368916,1.0,50.345612124911824,51.030007730228014,48.825833253058974,57000000.0,51.85024374893189,,42.89279971571058,0.48141002583539916,1.4772569200388677,0.16145251907676467,2022-01-19
2022-01-20 20:13:29.409162,51.87068379125529,309.50383078195506,1.0,51.98757344613759,52.80799334248099,51.683272176081445,38000000.0,52.01079949788395,,52.64259063377209,0.4903026384342009,1.4113386152736445,0.1675930267493138,2022-01-20
2022-01-21 20:13:29.409162,49.565776618714914,304.79415002015844,1.0,49.22188287505002,50.916152264447376,49.042326548297474,76000000.0,52.07777674371047,,44.58268578903261,0.5055047078187404,1.4588927515096377,0.162620498508376,2022-01-21
2022-01-24 20:13:29.409162,48.59701807234742,300.8805625945067,1.0,48.65059504190688,48.65731676535915,48.14956598147128,86000000.0,52.11290247869831,,42.21889702355542,0.5038152017095557,1.3534058375910623,0.16151597714818508,2022-01-24
2022-01-25 20:13:29.409162,47.67595620758928,302.61839921601603,1.0,46.964258537224865,47.71026423409163,46.21944446517839,63000000.0,52.095465888705185,,36.54553343514204,0.48736525633721395,1.4116174937552362,0.15754480339299223,2022-01-25
2022-01-26 20:13:29.409162,48.90992720127675,299.4789715117318,1.0,49.67959610102116,49.75560018438529,47.68460593678047,47000000.0,52.10465349350528,,40.39234753099942,0.49100436490234045,1.4745417624685078,0.1633167329057718,2022-01-26
2022-01-27 20:13:29.409162,47.36007810948191,307.07357726488726,1.0,47.81802814321812,48.090153259920655,47.17343879671338,98000000.0,52.1171932783453,,42.783610468004156,0.49980085113064815,1.4394790388961236,0.15423039172344108,2022-01-27
2022-01-28 20:13:29.409162,48.116401376655574,303.8246313788806,1.0,49.05086019416068,50.014579755059145,47.73100025496531,44000000.0,52.19148355202037,,44.7432166045368,0.4907853063902683,1.4293292534909736,0.1583689945027947,2022-01-28
2022-01-31 20:13:29.409162,44.35757812090578,307.56802339171423,1.0,44.434240084689904,44.44782694175252,44.22418457846051,81000000.0,52.14586466579056,,33.03419484413753,0.5565908961012194,1.3801234525884776,0.1442203829635846,2022-01-31
2022-02-01 20:13:29.409162,44.85621250359501,307.9167330556102,1.0,44.77757305357128,45.41122450640876,43.724933565995876,68000000.0,52.10726316473997,,36.40490236172698,0.5597761125289421,1.4129880172262024,0.14567643680310777,2022-02-01
2022-02-02 20:13:29.409162,43.380467606798966,309.3693413536949,1.0,43.5420105825475,44.12556154154487,42.46550521304342,25000000.0,51.98386136891931,,37.91045520936763,0.5565767936839514,1.4797247016262471,0.14022225802007662,2022-02-02
2022-02-03 20:13:29.409162,43.83753605060116,308.19359051021206,1.0,43.76407894713444,44.14037612706508,43.71196422010579,37000000.0,51.89683805685273,,41.60645167804576,0.5599667426423671,1.453970224634593,0.14224025872189122,2022-02-03
2022-02-04 20:13:29.409162,45.31021867863464,311.1934589004515,1.0,45.136876539071935,45.52075810916503,45.043239269611526,40000000.0,51.76336490132522,44.195930932318696,44.94076221024828,0.5561449228520944,1.3390074306181294,0.14560144946082895,2022-02-04
2022-02-07 20:13:29.409162,45.40013075943688,313.53604372432295,1.0,45.63790621056752,45.958476182985194,44.99598771305583,76000000.0,51.59740296984035,44.16363938006799,45.998981348178894,0.5561625459712424,1.2793563551481444,0.14480035602973612,2022-02-07
2022-02-08 20:13:29.409162,44.86281671398481,310.573322205291,1.0,45.39225945227427,45.96548479078694,43.63011347107656,17000000.0,51.3992706575907,44.13028026009396,33.5062839822868,0.5410417472642237,1.2887275581868114,0.14445161096074505,2022-02-08
2022-02-09 20:13:29.409162,45.097950124313364,312.64961831945703,1.0,45.526143244609216,46.05284678547808,44.14502812388622,63000000.0,51.242965603912296,44.100194429992705,29.173871483771975,0.5394036741070163,1.3446630935576909,0.1442443792726255,2022-02-09
2022-02-10 20:13:29.409162,45.10137290757736,309.8607892599362,1.0,45.43470760903444,46.720369026048786,44.45435587727629,15000000.0,51.07146114889367,44.08247075302363,34.00852582955049,0.5178472516422031,1.3726764816021617,0.1455536630346045,2022-02-10
2022-02-11 20:13:29.409162,,,,,47.111036296731896,46.519865325685764,50000000.0,50.962331098148894,44.08625926258077,43.99451709896039,0.5313172116042626,1.3786350663991804,0.15088725997098798,2022-02-11
2022-02-14 20:13:29.409162,46.82448274323556,315.6925532152383,1.0,46.46131980145164,47.13365550580501,45.512941073174765,10000000.0,50.82295103911211,44.09821675773346,46.915298160310215,0.530838569743088,1.3879132566646806,0.14832305122924697,2022-02-14
2022-02-15 20:13:29.409162,46.77349983011002,313.80663152150873,1.0,46.85245291255717,46.86875468632096,45.45482460708268,14000000.0,50.70581651306872,44.11543806559215,41.534586010144544,0.530081501941912,1.340980101781357,0.14905198020617388,2022-02-15
2022-02-16 20:13:29.409162,45.16587938127158,313.25173727122524,1.0,45.82409777820727,45.91172161076913,44.285314056062205,54000000.0,50.51835376682895,44.121157055967714,41.34529554702223,0.46246747624477497,1.391672465459903,0.14418397093250673,2022-02-16
2022-02-17 20:13:29.409162,44.475563612147134,318.2665333125322,1.0,44.6741719458338,45.41031523862583,44.39380676554558,95000000.0,50.279286504486635,44.12014792918496,35.56406386259552,0.44889284317627887,1.3011673921017899,0.13974313651279477,2022-02-17
2022-02-18 20:13:29.409162,43.23754628115758,317.71024927291967,1.0,43.82307018050222,43.992417464930156,42.82899906434335,17000000.0,50.00564131894855,44.121158247121,44.44952970725886,0.4342964859615583,1.368294251908561,0.13609112825320166,2022-02-18
2022-02-21 20:13:29.409162,43.90248393322398,317.43009737857915,1.0,44.27827991310799,44.91175533164041,42.653668172652154,60000000.0,49.75973692736633,44.131821698985085,45.350308006951444,0.43800083549013635,1.409136838949659,0.13830599018738987,2022-02-21
2022-02-22 20:13:29.409162,45.94800330636076,317.9136481058574,1.0,46.152849971853755,46.343598753350754,45.11257894562182,14000000.0,49.516613208216995,44.161525431935495,61.85863031110939,0.47031048947112486,1.378491373180194,0.14452982305138787,2022-02-22
2022-02-23 20:13:29.409162,44.84586605157132,314.4520428719075,1.0,44.56171717206014,45.390359383094044,44.10930189026452,42000000.0,49.271175863772804,44.17559954628564,54.39525385215014,0.46519815893961475,1.439394629313782,0.1426159157434361,2022-02-23
2022-02-24 20:13:29.409162,44.398683031428135,318.4072605691593,1.0,43.875740473921994,44.61482269277627,42.90091447403555,15000000.0,49.043144184342644,44.18921136140079,45.636568188131335,0.4542602641368746,1.5277081563985833,0.1394399202834276,2022-02-24
2022-02-25 20:13:29.409162,45.950014612657256,317.55772533917417,1.0,45.94733955177009,46.666143590900006,45.825888594289275,94000000.0,48.85568217229533,44.206316224770454,52.309157894985276,0.4694115052911533,1.5189771940186811,0.1446981476000289,2022-02-25
2022-02-28 20:13:29.409162,47.4622852273737,317.86471216116377,1.0,47.557844136576556,48.06735799963725,45.624454338650686,79000000.0,48.68969271535955,44.23982522641699,60.089894165647976,0.388759817611439,1.526658075538409,0.14931599328745046,2022-02-28
2022-03-01 20:13:29.409162,46.30147358352901,318.3778667247045,1.0,46.66628872535772,48.459762823022956,45.08828445005747,51000000.0,48.47733125701826,44.267316995324926,54.35831100674889,0.4000295475413842,1.631205197779382,0.14542931033445564,2022-03-01
2022-03-02 20:13:29.409162,47.921795319660056,322.6025429961108,1.0,47.9772694506426,48.10012854549371,47.550961566222526,66000000.0,48.279946516092444,44.31161483785324,59.14289441979359,0.39427878514597664,1.5085733285292886,0.14854748159947948,2022-03-02
2022-03-03 20:13:29.409162,49.9593670227893,320.8131403329057,1.0,49.66089633738055,50.84479009800035,49.446585671171974,19000000.0,48.14867250948673,44.37060742418495,59.947063870895505,0.41569463489374175,1.5662185753708775,0.15572730895918663,2022-03-03
2022-03-04 20:13:29.409162,50.16319653302155,314.7971854426494,1.0,50.031621760090104,50.65140002070975,49.91876040292854,23000000.0,48.05083254097755,44.43065579445195,60.477452791623584,0.40356368627107925,1.502784660024518,0.15935084191583543,2022-03-04
2022-03-07 20:13:29.409162,53.36930503947319,314.49587218461295,1.0,53.31795653492782,53.51486504537966,52.76404271598216,35000000.0,48.0428503852319,44.5035255286341,67.27738226232063,0.4533965456011595,1.4554198207501763,0.16969795078310201,2022-03-07
2022-03-08 20:13:29.409162,53.7139735818066,310.5664531645578,1.0,54.324822014775776,54.53987755522401,52.4623330030402,26000000.0,48.00777522331361,44.58409158659109,73.97779123957534,0.44712037747528405,1.4876438919985253,0.17295484761628627,2022-03-08
2022-03-09 20:13:29.409162,55.540631746632464,312.22220885804046,1.0,55.746138752888825,56.630533329402915,55.46964482923953,12000000.0,48.04535287370576,44.6754624294034,79.17792885939247,0.4551453179346073,1.4979567510758922,0.177888151998455,2022-03-09
2022-03-10 20:13:29.409162,54.5411836048045,317.30136975412364,1.0,55.29583239370026,56.313662987039464,54.2110871347088,81000000.0,48.07719547735655,44.76348671780443,80.18682800190112,0.4652294944592223,1.5650394262004537,0.17189079154328385,2022-03-10
2022-03-11 20:13:29.409162,56.86363953339756,314.5442516625756,1.0,55.59714884390038,57.40877962086599,54.80738775444237,81000000.0,48.194031906484916,44.86683380272558,81.798220835642,0.4689145907289208,1.589561191017266,0.1807810482399071,2022-03-11
2022-03-14 20:13:29.409162,57.32343158239984,313.48405485758167,1.0,58.03486458073024,59.687498791152024,57.282019029477105,49000000.0,48.31043068050728,44.97013278063223,80.26250970652738,0.4674353519067278,1.6734511877276934,0.18285916203438907,2022-03-14
2022-03-15 20:13:29.409162,55.32978779530047,313.14761685070454,1.0,55.24190674457601,56.821877587427494,55.09456015494456,33000000.0,48.38648057523204,45.054328389224956,76.62773338552549,0.49317289857331514,1.705326897702937,0.17668915494790227,2022-03-15
2022-03-16 20:13:29.409162,56.820601043195985,311.91059454207567,1.0,55.97673500645321,57.447339931522684,55.353301405933095,93000000.0,48.469285941670826,45.14587544639188,79.96160807126361,0.46928612369959116,1.732479062477856,0.18216951279457447,2022-03-16
2022-03-17 20:13:29.409162,58.83495573874092,313.36194166639984,1.0,58.81355377808218,59.03506661886694,58.499276442659465,24000000.0,48.59170292995827,45.245681676617465,80.3994105930416,0.4647622875829858,1.7107315753061951,0.18775399279780977,2022-03-17
2022-03-18 20:13:29.409162,56.90727745680996,315.5689484606445,1.0,56.33590053864998,57.34170020348609,56.07516038546934,47000000.0,48.72869395407182,45.33776570058181,71.85515565550459,0.4710025894095631,1.6267055865226372,0.18033231005270162,2022-03-18
2022-03-21 20:13:29.409162,56.85174718596217,320.69729352247987,1.0,56.89826081992558,57.20688104295301,56.749440695285344,28000000.0,48.86270500723696,45.43469741202811,75.72876688229928,0.47404834780895344,1.4185600132870786,0.17727541932615978,2022-03-21
2022-03-22 20:13:29.409162,57.270257637644086,320.3316720494268,1.0,57.47720274327749,58.45113976200409,57.23265260050088,36000000.0,48.9744896324335,45.525547607922654,74.21748009860879,0.4578220450252109,1.4663685977322234,0.1787842496848309,2022-03-22
2022-03-23 20:13:29.409162,,,,,57.56149424988284,55.97771727054021,38000000.0,49.10893554387644,45.61632898497849,71.1840516841413,0.4407484301546218,1.4796237800546699,0.17561034238756212,1648066409
2022-03-24 20:13:29.409162,53.34119635793454,328.58640552561786,1.0,53.16895697105058,54.26333740116968,53.13733786129917,97000000.0,49.21084312801587,45.696187662614776,57.56657388600671,0.522482862683676,1.5077209173467625,0.16233537194762568,2022-03-24
2022-03-25 20:13:29.409162,50.476888427309255,328.3943168692253,1.0,50.90931419344568,51.1462139256791,49.87552956308181,59000000.0,49.27838479658896,45.7527705131447,42.9994365388707,0.5592103963075751,1.5448539197181756,0.15370816678112734,2022-03-25
2022-03-28 20:13:29.409162,49.074306358254944,333.09340127611347,1.0,48.5623233728022,49.543330118918334,48.33700019014116,10000000.0,49.31195811210443,45.79832794785424,39.317580759642645,0.5609672213795575,1.4826243037605589,0.14732896590039452,2022-03-28
2022-03-29 20:13:29.409162,49.753820110431064,334.2254235199832,1.0,49.106626469135506,49.881748801050044,48.77955255458623,26000000.0,49.366493429047566,45.843478240554056,35.933325952814485,0.5531880038159058,1.4784319999248747,0.1488630624996614,2022-03-29
2022-03-30 20:13:29.409162,50.343392742118176,338.2854859339929,1.0,50.186716723159535,51.24170780661625,50.023874396348305,71000000.0,49.36183899272619,45.89130090359627,39.58847633081674,0.5420785048158486,1.415236111206109,0.14881925129930434,2022-03-30
2022-03-31 20:13:29.409162,50.002962633262314,340.8346368499181,1.0,50.28351523601151,50.42594610946137,49.76966975865019,62000000.0,49.32448456956634,45.94404118062234,31.128473395202974,0.5223235331048619,1.276299288662363,0.1467073977439694,2022-03-31
2022-04-01 20:13:29.409162,49.506172306923716,343.49129495798525,1.0,49.12260036897471,50.66931115835809,48.92171324794557,54000000.0,49.323292483330505,46.00196476920296,28.540899439127486,0.5234392008948417,1.229307727857906,0.14412642484281632,1648844009
2022-04-04 20:13:29.409162,48.31345123174398,351.9121185546503,1.0,49.16614275409265,50.08140200185346,48.08336989655429,76000000.0,49.31762114651844,46.062081473880134,29.853627323321035,0.4712169894383607,1.2486444902019234,0.13728839867798168,2022-04-04
2022-04-05 20:13:29.409162,48.81975830045194,349.1148280877507,1.0,49.39848339913119,49.44239732590107,47.923540406440154,36000000.0,49.34049718837569,46.12456689134287,25.650085574683274,0.4726758352232908,1.207560089764161,0.1398386845034866,2022-04-05
2022-04-06 20:13:29.409162,51.08148639183422,345.62841864596254,1.0,51.42203975251114,52.27947929289318,50.90334740743428,10000000.0,49.383928372186844,46.191250006673954,26.75298177720731,0.48771702123165284,1.2675844975678336,0.14779307382174064,2022-04-06
2022-04-07 20:13:29.409162,51.880736164213474,348.8489384708223,1.0,51.33840855918433,52.148975563247404,50.588440363237595,50000000.0,49.474341533281475,46.265873650745625,33.83524014888455,0.48927683593708104,1.2885841677101948,0.1487197765073686,2022-04-07
2022-04-08 20:13:29.409162,51.00920417815772,348.9696918374833,1.0,50.21250193985624,53.207924857017765,49.75190053503035,29000000.0,49.532197589311515,46.33146560125588,32.14800690941594,0.462096271434455,1.5027687373044627,0.14617087205932178,2022-04-08
2022-04-11 20:13:29.409162,51.382707531786565,348.60332374975013,1.0,51.11751425945735,52.01148248781508,51.008883987703896,54000000.0,49.67270017752912,46.386208094259594,31.960872117933334,0.46181711894885125,1.4873481186336035,0.14739591974938362,2022-04-11
2022-04-12 20:13:29.409162,49.97305014625428,344.54890398018284,1.0,49.214549951025525,50.27383706366189,48.19618183662585,34000000.0,49.77503693038232,46.43712327655902,29.396580724303803,0.4562483393976778,1.52262513632599,0.14503906287024074,2022-04-12
2022-04-13 20:13:29.409162,48.36037131583439,338.34001751530786,1.0,48.90579083790604,49.30922785317494,47.697191384297476,24000000.0,49.874635004563025,46.47885927258789,33.82909325799517,0.4501870501621388,1.5573420598264869,0.14293423423862764,2022-04-13
2022-04-14 20:13:29.409162,49.639994365745814,342.53053879701923,1.0,49.77163897901756,49.836241328754475,49.33869620450866,90000000.0,49.99068417086592,46.525828346319116,46.97126246745052,0.4397833934072064,1.5021178285156676,0.1449213682963377,2022-04-14
2022-04-15 20:13:29.409162,48.64790253470808,343.2473713227093,1.0,48.62072618149098,48.99498571915895,48.268363664162734,16000000.0,50.05743784798739,46.56011818222403,48.409581784279794,0.4325547081576584,1.4678529803884561,0.14172840522344746,2022-04-15
2022-04-18 20:13:29.409162,51.23557881667151,348.855817540364,1.0,51.900175248060755,51.97775159688418,49.097727327741225,74000000.0,50.17414680913208,46.608322953715266,54.838060296690806,0.4830937195994602,1.5948406962941095,0.14686749149809822,2022-04-18
2022-04-19 20:13:29.409162,52.965741190606174,355.7982019661681,1.0,52.94258425731052,53.94051370530109,52.17574696544274,97000000.0,50.33620529866451,46.65518551288821,57.96865290458068,0.5006452983346057,1.6339073626934244,0.14886455552027367,2022-04-19
2022-04-20 20:13:29.409162,54.10183726294433,353.24991344677323,1.0,53.279372377566375,55.21959098269825,52.77203133856237,28000000.0,50.51628304143713,46.71776865000898,61.880921725591534,0.508315123377338,1.761856169359474,0.1531545662249575,2022-04-20
2022-04-21 20:13:29.409162,54.86782688312153,351.76009875236105,1.0,54.578226748540224,54.991225619798485,53.34517124364525,74000000.0,50.711612120948004,46.79456729070574,65.30238437367014,0.4461743135481528,1.7546030597695252,0.15598081498649013,2022-04-21
2022-04-22 20:13:29.409162,52.49534549938991,352.6218034829846,1.0,52.129510820254794,52.79427209837909,51.92881432098166,88000000.0,50.824933746015155,46.85448628148659,61.182266746677904,0.43018313500021016,1.6737048934908292,0.1488715246217695,1650658409
2022-04-25 20:13:29.409162,51.23679891871606,348.3775679424717,1.0,52.385563937920196,53.66270242168283,50.8724471640526,19000000.0,50.91318006952477,46.90182284489661,56.213147277423104,0.42684564270600417,1.764519060502923,0.14707261211254824,2022-04-25
2022-04-26 20:13:29.409162,53.41071220987885,349.52780138186574,1.0,52.89186441248993,53.88987108332812,52.64850620681524,20000000.0,51.045924317120146,46.971658349710154,56.014567839930365,0.44843404262269493,1.7548928455782071,0.15280819436599447,2022-04-26
2022-04-27 20:13:29.409162,54.26824650957654,348.2552631646008,1.0,54.20177092293985,54.93385687517069,53.431925377275434,65000000.0,51.22797165968623,47.04298357560466,56.1465695867293,0.44966604703228447,1.750706866855739,0.15582893426057706,2022-04-27
2022-04-28 20:13:29.409162,55.04169601484894,347.1127927884975,1.0,54.90356806500463,55.15176891830848,54.80997387080759,25000000.0,51.43929430774028,47.12447002890221,60.434217144182085,0.44909540571418666,1.52826191867813,0.15857005895022402,2022-04-28
2022-04-29 20:13:29.409162,55.345442941889026,349.9990064794685,1.0,55.483167452939256,56.109296475406566,54.46403497675117,85000000.0,51.681452240954904,47.195456361604926,60.29086936362111,0.4455281058719289,1.5741664185741453,0.15813028585021335,2022-04-29
2022-05-02 20:13:29.409162,54.06832424888507,349.4333854030975,1.0,53.67806852016133,55.27734841113982,53.19190832980463,56000000.0,51.88476904726813,47.2579868261201,60.70877781785116,0.44463191195888063,1.5747224795955128,0.15473142094454778,2022-05-02
2022-05-03 20:13:29.409162,51.99578653327502,350.2599279818166,1.0,52.03914689636699,52.83975635794538,50.77621917722589,64000000.0,52.005724711806415,47.308939232999975,59.28303260329194,0.4711006003306567,1.606972530441372,0.14844914413382262,2022-05-03
2022-05-04 20:13:29.409162,50.727354551011494,349.6235620719796,1.0,50.077964951782796,51.94535793681075,50.00579526895362,71000000.0,52.123354481795225,47.34992859134592,52.77816198373081,0.45249211767631503,1.709973783556466,0.1450913498231789,2022-05-04
2022-05-05 20:13:29.409162,51.41320975534474,351.66347628713993,1.0,51.2102492169764,51.437059488058146,50.38804725636992,58000000.0,52.26364501627355,47.39790010590129,57.17756764985203,0.45158136850324315,1.733001653320181,0.14620002707749175,2022-05-05
2022-05-06 20:13:29.409162,50.71260297715373,359.628079800198,1.0,51.014789131909545,51.490198808936846,49.37356894422508,56000000.0,52.35889678356348,47.44891798253684,48.49516090824687,0.4501609953576073,1.6784734815750961,0.14101402483735034,2022-05-06
2022-05-09 20:13:29.409162,51.19637785427793,356.12168094143067,1.0,51.46403404035832,51.714971613401275,51.113158561512236,41000000.0,52.433578636101565,47.49557312675569,44.51533093804043,0.4507019672073803,1.5954053610058594,0.1437609126154212,2022-05-09
2022-05-10 20:13:29.409162,50.75179856314116,357.2711609210238,1.0,50.26879514737394,50.89997139524528,50.02187690880947,77000000.0,52.52258513569381,47.53956906105902,39.15042152431567,0.44024656345820057,1.4833007068844262,0.14205400299398932,2022-05-10
2022-05-11 20:13:29.409162,50.8893095917619,362.2991981307435,1.0,50.11287549182839,52.581930272550274,49.581997110303604,98000000.0,52.58193542113585,47.58466284616396,36.56821819649663,0.42217832884707057,1.5800063344625284,0.14046210936795228,2022-05-11
2022-05-12 20:13:29.409162,50.81857742812311,364.99671739255683,1.0,51.032205086465936,52.42840965663081,50.61221400198192,96000000.0,52.599119629242516,47.63814216249588,43.29739879915234,0.4130285027037849,1.647916182837633,0.1392302314145673,2022-05-12
2022-05-13 20:13:29.409162,49.49251586856188,362.8130418575863,1.0,49.66510658716309,49.870242174735466,48.43243175984466,94000000.0,52.58570601595332,47.67927517659333,43.06495151369207,0.4177835832293728,1.5513129797848169,0.13641327669799974,2022-05-13
2022-05-16 20:13:29.409162,50.67392722118439,365.99661048018413,1.0,50.67584014276117,51.124270893419286,50.566254055407896,12000000.0,52.53179845958754,47.72290558499125,38.18655802039762,0.380694963008655,1.5025024056061393,0.13845463528938334,2022-05-16
2022-05-17 20:13:29.409162,49.039429830727556,366.65190611542755,1.0,50.77463102512777,51.9374205729577,47.984552588336825,84000000.0,52.438307584565976,47.76105289965783,28.848367118750375,0.37446940424915487,1.677569297515112,0.13374928375604628,2022-05-17
2022-05-18 20:13:29.409162,48.588381431741574,370.15167644149284,1.0,48.97291607797317,50.552781580310686,47.11764974195294,34000000.0,52.29926257826814,47.790520887574374,23.19587544481429,0.3629261106485156,1.898521925433459,0.1312661390564351,2022-05-18
2022-05-19 20:13:29.409162,46.48933727246886,372.06496696086487,1.0,46.10468656748923,46.628526106218274,45.852650056304924,11000000.0,52.13822565162144,47.81117156890154,17.989695491459386,0.3792781582407738,1.8364229648090276,0.12494951527473097,2022-05-19
2022-05-20 20:13:29.409162,44.935872237942284,375.88964529946395,1.0,45.51785662589198,46.615011550010436,44.18847652898398,96000000.0,51.89967030571233,47.82959216584347,17.637353702372792,0.36861731593967867,1.8607868890726895,0.11954538466241268,2022-05-20
2022-05-23 20:13:29.409162,42.660192359564945,381.62962515622047,1.0,42.37544805210886,43.8857883488105,41.76356843643117,45000000.0,51.60640552125564,47.832760602651916,17.38702424656705,0.39560478992145165,1.8649785127626777,0.1117842786500182,2022-05-23
2022-05-24 20:13:29.409162,43.67678862392539,372.8461292134003,1.0,43.25889551770809,43.795918742070256,42.5633445626393,83000000.0,51.37334553782813,47.83227919057724,24.928403271065065,0.36820851645334246,1.814479335017951,0.11714427266838211,2022-05-24
2022-05-25 20:13:29.409162,44.26647308627215,366.3872264398227,1.0,44.2385458255225,44.3543966357088,43.84845031606832,85000000.0,51.12226297868966,47.834840981490395,24.411407204910745,0.36593872285059237,1.7756889127288262,0.12081882197807106,2022-05-25
2022-05-26 20:13:29.409162,46.11705992577008,367.0225752513623,1.0,46.59547086830713,47.023072170492,45.58256764719367,57000000.0,50.86790506243024,47.83683061055132,34.79774209327448,0.40138963294553287,1.727394245485009,0.12565183461585694,2022-05-26
2022-05-27 20:13:29.409162,43.83807395248564,371.5294358025622,1.0,43.7623131623246,66.90672842122628,21.793690732462807,67000000.0,50.60652099234376,47.82803352919836,28.242594714834652,0.42274161846497654,1.7570578952947378,0.11799354163631337,2022-05-27
2022-05-30 20:13:29.409162,43.106924775705295,371.2734006815265,1.0,42.317053169888474,43.69857580501526,41.88482464039797,85000000.0,50.33162454413861,47.81576951650767,27.771946679651506,0.42097389205052893,1.823890515164843,0.11610561030382528,2022-05-30
2022-05-31 20:13:29.409162,44.25993719755117,375.45605229439343,1.0,44.51429249215145,44.54252734679548,43.25703608146689,51000000.0,50.07141813533676,47.81194677171582,31.799393951097528,0.42810740192101693,1.7014303796706944,0.11788313686004227,2022-05-31
2022-06-01 20:13:29.409162,46.41989508808516,379.8575183317741,1.0,46.7103008753991,47.2494692290208,45.9881719777318,43000000.0,49.85429555439136,47.82826214038012,39.16643720668095,0.4672438536992006,1.6617947794307015,0.12220343904721988,1654114409
2022-06-02 20:13:29.409162,46.207998057091984,383.4664332837436,1.0,45.975834537120875,47.019755081907064,44.832856509529755,72000000.0,49.7116315883745,47.839098368787205,41.440780148968784,0.4626296522745932,1.7153010763940233,0.12050076368196917,2022-06-02
2022-06-03 20:13:29.409162,47.78038139383058,384.9655262040142,1.0,47.8842085271326,48.48613581211806,47.31476444432064,47000000.0,49.65770144770493,47.851886698053086,42.610206449145004,0.48128172433702604,1.7591121142358825,0.12411600037274285,2022-06-03
2022-06-06 20:13:29.409162,46.237138169919604,376.0145446790392,1.0,45.572188673106695,47.373774578342164,45.14204306465844,23000000.0,49.600958083938224,47.85372682195437,42.809745215241726,0.4901905480642841,1.6361737948832291,0.12296635548868723,2022-06-06
2022-06-07 20:13:29.409162,47.64482146989528,378.48923251071625,1.0,46.70087799352829,48.69779511136558,46.093744598363514,57000000.0,49.55877811112751,47.86447995419758,47.69225913254561,0.5053390341302665,1.5768108430721088,0.12588157701037453,2022-06-07
2022-06-08 20:13:29.409162,49.3668828826568,380.44326401016747,1.0,50.23284233405556,50.39894754256867,48.674482873774544,32000000.0,49.53924791393828,47.897134166789925,57.170064342729034,0.5236641282265054,1.6445671729921645,0.12976148496438475,2022-06-08
2022-06-09 20:13:29.409162,48.46910618245966,383.5191251097221,1.0,48.12584557364059,48.583594489725435,46.66307151959055,64000000.0,49.50857078492222,47.92355414000407,59.10125426867088,0.5272122351213459,1.6084234550713379,0.12637989348925688,2022-06-09
2022-06-10 20:13:29.409162,46.01604091515183,380.68735967348755,1.0,46.354468847276756,47.17977074028327,45.36847168666526,34000000.0,49.4387681570868,47.938740780902414,58.56604626419797,0.5489084389432715,1.5862148223026722,0.12087619865975957,1654892009
2022-06-13 20:13:29.409162,46.90530077965091,379.3035408386929,1.0,46.580586022668854,47.49979906573302,46.55070433356739,93000000.0,49.41060514804492,47.95565210672956,58.294933828089114,0.546180448691882,1.5659662903551492,0.12366164754469931,2022-06-13
2022-06-14 20:13:29.409162,48.140209449739665,375.9926068002195,1.0,48.247004342639364,48.26743012848609,48.102831611744286,99000000.0,49.39701417103069,47.97998063829337,59.63329834351091,0.5445614972031168,1.5415843044338153,0.1280349894627544,2022-06-14
2022-06-15 20:13:29.409162,47.300917955506264,372.5057755648604,1.0,46.9011708903827,47.869167668881275,46.425248060896514,69000000.0,49.32140280230412,48.00866782190772,53.09996892437632,0.5471127315921993,1.5418282390542746,0.12698036126763426,2022-06-15
2022-06-16 20:13:29.409162,48.49090963984259,370.9032911033966,1.0,49.23725493749362,49.73873882292647,47.846451831033406,73000000.0,49.25360627181671,48.04314120875645,62.92046539316831,0.5303582328308161,1.6043412992448336,0.13073733990223557,2022-06-16
2022-06-17 20:13:29.409162,51.54671794826397,378.8990650829495,1.0,51.53485888049561,52.17511122832736,51.41941164495006,16000000.0,49.26435654721883,48.09611089156492,70.75664480046326,0.5533656747074213,1.5287661862991204,0.1360434023160739,2022-06-17
2022-06-20 20:13:29.409162,49.79730872174753,378.39715506849547,1.0,49.99727134216392,50.8916874017449,49.704893969342244,82000000.0,49.23264857101805,48.13613856004842,63.2303746531798,0.5328990532307252,1.5217163410901253,0.13160064248562725,2022-06-20
2022-06-21 20:13:29.409162,48.59152895225315,378.8368908931688,1.0,48.88671388630917,49.30013776082562,48.52249850572046,85000000.0,49.20501814713803,48.16907663933567,55.4365437916422,0.5415469628799011,1.4871693413627085,0.12826503996928815,2022-06-21
2022-06-22 20:13:29.409162,47.93839768752123,385.16802800589267,1.0,48.13639283814032,48.91098139439689,46.95657483426202,83000000.0,49.19657867457177,48.19427865949358,54.23830981846058,0.5449637793273643,1.4705627690596772,0.1244609993610057,2022-06-22
2022-06-23 20:13:29.409162,48.197302166305555,382.04667255117033,1.0,47.557892260681356,49.00583723990432,47.50981804039203,76000000.0,49.167724830582955,48.217221996579255,51.091397654388636,0.5269801241883656,1.4937518998964536,0.12615553446509897,2022-06-23
2022-06-24 20:13:29.409162,46.942336137725796,376.9585528710453,1.0,47.60849887643185,48.82843765410532,46.54875943353286,41000000.0,49.13361350264332,48.23883262139045,51.874326395887444,0.5022495595466054,1.4971766646742206,0.12452917112557045,1656101609
2022-06-27 20:13:29.409162,50.15347802873428,382.113264000818,1.0,50.671420895892,50.75261590648016,49.66659157239888,12000000.0,49.11197148688457,48.272871655547476,56.08439532917572,0.5450015114035611,1.388746223322736,0.13125291046852253,2022-06-27
2022-06-28 20:13:29.409162,50.737984915360435,378.3590367538965,1.0,50.22255844606128,51.55160638312543,50.20678210686945,71000000.0,49.06741636137966,48.31896140761137,53.51962765226547,0.5407888429021018,1.3616290524271544,0.13410010066275474,2022-06-28
2022-06-29 20:13:29.409162,51.886220225197356,375.0770286656832,1.0,51.853291322293,52.40726878354508,51.39829721258546,37000000.0,49.023104020624714,48.36806654905602,58.66039318372294,0.5218621791073057,1.2965182382003495,0.13833483860576548,2022-06-29
2022-06-30 20:13:29.409162,51.98588857037137,375.35657927080774,1.0,52.588714912229456,53.02916426005754,50.69754968926499,17000000.0,48.96546525436972,48.420350913937526,67.17941452680354,0.5206121167672664,1.3336836322842456,0.1384973421043067,2022-06-30
2022-07-01 20:13:29.409162,50.53627209889072,373.6204435178254,1.0,50.319436665692486,51.110841729487696,49.76721765992021,43000000.0,48.926283786359726,48.46619412030364,60.12238213728359,0.5234361221281421,1.3618642992415206,0.13526099274190181,2022-07-01
2022-07-04 20:13:29.409162,50.59680220565912,376.0315651300644,1.0,50.961308865962266,51.779922066802094,50.34615035547894,21000000.0,48.91348385209859,48.5165439003536,57.32830828020729,0.5064335101648664,1.4525195274259026,0.1345546674736158,2022-07-04
2022-07-05 20:13:29.409162,50.72493431215413,375.10727687442835,1.0,51.56016647181225,51.6530873118327,50.04353745606319,69000000.0,48.8597682941441,48.56098171716153,60.666836001734865,0.4974409105308904,1.4643502594105275,0.13522780665525427,2022-07-05
2022-07-06 20:13:29.409162,50.111952945604386,380.3494301487719,1.0,49.53415916489505,50.28458694227733,49.506575994439565,75000000.0,48.776642422864654,48.596489299398876,55.238360524933604,0.48489047075751346,1.3847591134065773,0.1317524070589598,2022-07-06
2022-07-07 20:13:29.409162,49.13655076910186,376.00064743145015,1.0,49.35867064954131,50.454601389034494,48.37667370142366,94000000.0,48.65853951794971,48.633682548732615,41.001739037767145,0.4855887714144964,1.4792039779946866,0.1306820908548039,2022-07-07
2022-07-08 20:13:29.409162,49.29259383584024,380.04807360297997,1.0,49.557983966027514,50.420799005954095,49.07206252090749,87000000.0,48.53748253582874,48.668092890264795,47.861203465763744,0.44546184003881234,1.4907713388978259,0.12970094380042593,1657311209
2022-07-11 20:13:29.409162,47.86314107372212,378.24038770828247,1.0,47.8351023450703,49.31472903117591,47.17317837215956,18000000.0,48.41337887232548,48.69621659584015,46.970783868503936,0.45604299864604214,1.5881935820343394,0.1265415926726379,2022-07-11
2022-07-12 20:13:29.409162,46.68054664913846,388.2750825073369,1.0,46.63744994785046,47.1081933102682,46.4113010396399,43000000.0,48.30707407464274,48.71379310288922,44.989509801409824,0.455018235999742,1.4983711327838698,0.12022545033714951,2022-07-12
2022-07-13 20:13:29.409162,48.27267867219429,385.2378148874595,1.0,48.44043120519497,49.91147284009643,48.24662476180347,18000000.0,48.2579805570664,48.735483832066876,50.27142354484029,0.46718012725857916,1.5104303384110607,0.1253061792137314,2022-07-13
2022-07-14 20:13:29.409162,49.209261718142216,382.4434381934737,1.0,49.37373214044965,49.90978500994717,48.991903086541726,58000000.0,48.21390159632235,48.769992126771825,58.354545004267855,0.46373541553209124,1.4131591743277023,0.1286706916729679,2022-07-14
2022-07-15 20:13:29.409162,47.401383516421916,384.8252080931813,1.0,47.48594602717384,47.71404896145169,47.21601717945895,39000000.0,48.14767720710772,48.793689119398294,38.68731645930412,0.4203341905602169,1.3711597063213776,0.12317639936140613,2022-07-15
2022-07-18 20:13:29.409162,47.56041973975064,385.66761354587516,1.0,47.38579638368915,48.437628677652526,46.99350861621886,64000000.0,48.074958044817166,48.81163122426692,36.4649520565103,0.40551687291927396,1.3782522624054978,0.12331971383978638,1658175209
2022-07-19 20:13:29.409162,48.76883494694639,384.88560611219606,1.0,48.58957827082221,48.982501563533226,47.746885742502556,37000000.0,48.03529877249327,48.84524055265522,36.78902239048415,0.40769565370897753,1.394441137410573,0.1267099475077019,2022-07-19
2022-07-20 20:13:29.409162,49.598893928902804,389.70901530901904,1.0,49.15191141255158,51.13837945941816,49.04285135179781,53000000.0,48.00949045923608,48.88869239027395,40.47401211196288,0.40822684218373195,1.377577818612559,0.1272716103053799,2022-07-20
2022-07-21 20:13:29.409162,54.226743993052295,387.5698010664076,1.0,53.26496874195292,54.329935853973566,52.55137318922819,92000000.0,48.077653790534676,48.955668020619775,61.74779017383209,0.5214480664486245,1.4086448611252658,0.13991478139897925,2022-07-21
2022-07-22 20:13:29.409162,55.65791566829543,388.78384189624677,1.0,55.31740764349725,57.38879678741477,54.79728377624387,85000000.0,48.20096178652935,49.03437914782658,64.81787412551104,0.5112891858675269,1.4913406682572474,0.143159024811398,2022-07-22
2022-07-25 20:13:29.409162,54.99865847121468,385.5116986353822,1.0,55.78258892480754,56.072291624653964,54.70481524930924,11000000.0,48.28745641152996,49.12244079192152,62.13515533903683,0.4649395529238283,1.4740497053697628,0.1426640453866811,2022-07-25
2022-07-26 20:13:29.409162,54.23972857646968,376.23588277241294,1.0,54.33190157981653,54.45988822514695,53.37572328931121,17000000.0,48.39146238644479,49.20337505756042,61.62439025322869,0.4688836289036579,1.495917847369618,0.144164156211755,2022-07-26
2022-07-27 20:13:29.409162,55.44389899453712,374.17581283779185,1.0,55.77501060926742,57.1320575702982,53.771617349209905,18000000.0,48.528572737700706,49.29464495839184,67.53641548379741,0.46865647057350984,1.587525885475151,0.14817606347680332,2022-07-27
2022-07-28 20:13:29.409162,55.435548473610154,377.6262836442856,1.0,55.582735815722984,55.79020107431031,54.34244946630838,11000000.0,48.70749696172353,49.391526987560425,67.22077749262385,0.46881987542064024,1.5945983942576742,0.14680002657290941,2022-07-28
2022-07-29 20:13:29.409162,52.43305210662616,384.4067789744882,1.0,52.002233230469336,53.81628639180379,51.850752934338146,35000000.0,48.85744055909721,49.47722185560364,61.772705625570026,0.5004527737645649,1.5820257370040527,0.1363999153357958,2022-07-29
2022-08-01 20:13:29.409162,55.51374029950853,386.9197489471352,1.0,55.32880689666191,55.8647826252588,54.8527453698809,98000000.0,49.114511517896084,49.58303990483113,70.728366693225,0.5389807674629975,1.6045360930575956,0.1434761095823345,2022-08-01
2022-08-02 20:13:29.409162,55.276370391411,390.6263392519666,1.0,56.41729758014416,56.95231292404623,54.5812155052451,37000000.0,49.34650315324579,49.685854911181494,67.55112743868827,0.5399661033025195,1.654982474522465,0.14150702304730137,2022-08-02
2022-08-03 20:13:29.409162,54.428271178469586,389.7137694589984,1.0,54.551909073364136,55.10779763802309,52.92357117091588,42000000.0,49.54973911508974,49.78190813507613,63.1370050037963,0.5414429321959341,1.7454356562154483,0.1396621711725173,2022-08-03
2022-08-04 20:13:29.409162,57.03608090444662,384.9431044693842,1.0,56.95975263852287,57.910859822247055,55.76290662830787,40000000.0,49.76811953466327,49.88480794931082,73.31309425306752,0.5542604827906976,1.8632871856401947,0.14816756097778833,2022-08-04
2022-08-05 20:13:29.409162,59.39469901039348,383.9181681572919,1.0,59.70553041253447,59.90891145606941,58.69193245642342,44000000.0,50.079252035821426,49.99348824405914,75.88053078599627,0.566244155774757,1.8470628240839322,0.1547066639108868,2022-08-05
2022-08-08 20:13:29.409162,60.38776606755971,378.993183609731,1.0,60.54847382769128,61.09648188449442,59.414396917053004,56000000.0,50.424868861658524,50.10829438989785,75.65119055950922,0.5474684332031192,1.8789534773989855,0.15933734082601375,1659989609
2022-08-09 20:13:29.409162,58.22406376261549,377.050277494983,1.0,59.09147875727539,60.6661794187856,58.04905352250688,19000000.0,50.7041513929598,50.21008009673935,67.9829052165837,0.558733266645124,1.9162104623031548,0.1544198936795378,2022-08-09
2022-08-10 20:13:29.409162,58.42175424392588,374.3997253034511,1.0,58.97725509506882,58.9958961165008,57.56940957006178,26000000.0,50.94418857607661,50.303335802234194,60.72814665876065,0.5529958179714898,1.891062168138415,0.1560411247539646,2022-08-10
2022-08-11 20:13:29.409162,57.677029932360654,379.3769421806591,1.0,57.667187778089186,57.780242699070314,57.52647111026239,51000000.0,51.173569213582,50.38476623674507,55.351489740511205,0.5576205012055323,1.7240806379696312,0.15203093156066105,2022-08-11
2022-08-12 20:13:29.409162,57.024792618968746,385.7951437729324,1.0,56.888431512782006,57.42119770243905,55.808951504947245,28000000.0,51.35845743808475,50.4609542694405,55.37209436303788,0.5371603133623747,1.7415641966944229,0.14781106900747265,2022-08-12
2022-08-15 20:13:29.409162,56.272749121895856,385.40290148562724,1.0,55.790573542432085,56.61337354893973,55.223489607080495,95000000.0,51.559169657124286,50.52805486893556,55.39232209090501,0.5429783856244929,1.7634012685532439,0.1460101854578135,1660594409
2022-08-16 20:13:29.409162,56.10607467331806,383.15490694387006,1.0,57.15889847338869,57.798273393937585,55.372359795251974,20000000.0,51.728394721192736,50.5911736062038,51.85862694834079,0.5409360553401387,1.696649366953052,0.14643183124244125,2022-08-16
2022-08-17 20:13:29.409162,54.776640641373085,386.4971330959289,1.0,54.73282277732022,55.48015734619201,54.439915320205564,27000000.0,51.83658987636707,50.64698013299085,48.27823435108783,0.5507223271200697,1.6675415396662316,0.1417258653449765,2022-08-17
2022-08-18 20:13:29.409162,55.02325842530173,389.7026643950058,1.0,55.10700985153517,55.41344435409845,54.867360835815035,91000000.0,51.96767292122391,50.702881943399106,57.907203380928266,0.44261496379049725,1.5661522582960725,0.1411929233553551,2022-08-18
2022-08-19 20:13:29.409162,55.55393470708335,395.18122697591195,1.0,54.74163493637931,55.736669311886416,54.502354761492434,87000000.0,52.15843079706253,50.749567045297574,50.145328990444455,0.4338250676834929,1.5820292079400784,0.14057837497040215,2022-08-19
2022-08-22 20:13:29.409162,52.374677857394246,397.6178672864828,1.0,53.3830403787061,54.0130123340967,51.75590296041325,30000000.0,52.26781833861741,50.777236777969776,41.348897357268456,0.4782541220528196,1.5738872047173866,0.13172113772155616,2022-08-22
2022-08-23 20:13:29.409162,52.344089977154916,392.76564112298047,1.0,52.39901019979019,52.898058085287516,51.888655078777376,44000000.0,52.35189594916571,50.796218299319314,43.46780260278664,0.4762299132229154,1.4899712432461674,0.1332705422691626,2022-08-23
2022-08-24 20:13:29.409162,49.826539117743195,391.71552853830207,1.0,49.86901597497076,51.47975320233408,49.76142876896221,21000000.0,52.40240837241045,50.80309826010168,27.275434101040844,0.49512123210746883,1.459283474634216,0.12720082684409367,2022-08-24
2022-08-25 20:13:29.409162,49.6034776442571,391.68805928684264,1.0,49.622002036406016,50.71161575871992,49.27850626725476,38000000.0,52.42465973249873,50.81745020398555,14.336745616413111,0.4948130055485801,1.474721366907014,0.12664025994198427,2022-08-25
2022-08-26 20:13:29.409162,49.21605206467318,394.5369924631944,1.0,48.53122534374256,50.0066977882004,47.49626481329366,61000000.0,52.37804641482692,50.841521025844415,7.430331458385282,0.4599603024024092,1.5338890817259656,0.12474382125084113,2022-08-26
2022-08-29 20:13:29.409162,49.66288206168576,397.85232347507616,1.0,49.79104421712306,50.891531611471784,48.27970482514386,74000000.0,52.37535788162569,50.85664282399086,12.4667964277413,0.4019866793065104,1.5335105738723374,0.12482742749345017,2022-08-29
2022-08-30 20:13:29.409162,50.45171929184884,403.73930294356563,1.0,50.4370029336683,51.30082488292465,50.287516949746944,18000000.0,52.4125616884176,50.874969982669484,16.780330261546496,0.4089417948523813,1.5039978157822433,0.12496112943183275,1661890409
2022-08-31 20:13:29.409162,50.027805606912224,403.35430247225025,1.0,50.56877652353647,51.299679756096054,49.998151592699756,19000000.0,52.454349846805414,50.87735622371488,17.241421527221974,0.4071805932779453,1.5788375711099845,0.12402943342932113,2022-08-31
2022-09-01 20:13:29.409162,47.57683281000049,401.5662202093443,1.0,47.619573845197145,47.89861812245195,47.2453959859753,41000000.0,52.441940459679316,50.87429687949523,14.939727347418,0.3885249773743568,1.5103358524660446,0.11847817474586822,2022-09-01
2022-09-02 20:13:29.409162,47.503040743138556,398.93462173545157,1.0,46.951221629710865,47.71319556907483,45.68614800589998,19000000.0,52.45315455178756,50.85189270093588,15.731629791966242,0.3422545158550575,1.5558475397028744,0.11907475098674086,2022-09-02
2022-09-05 20:13:29.409162,48.728749123237804,399.352276504795,1.0,48.468963089675135,49.567375945883136,46.55158611773909,99000000.0,52.42465997367764,50.82704530988366,23.376023146603757,0.35331011068247764,1.5979815560927624,0.12201945998585718,2022-09-05
2022-09-06 20:13:29.409162,47.1262008356925,395.6997721137533,1.0,47.25225163891352,47.535905252907654,47.037283578421636,46000000.0,52.35242429208428,50.78882915242978,22.924124437539163,0.35064811810409485,1.5592943881284462,0.11909585033105594,2022-09-06
2022-09-07 20:13:29.409162,45.73708597330627,388.393125819877,1.0,45.32192966169673,45.93008597341382,45.0692003358864,88000000.0,52.22944160704647,50.75294856825515,19.593960475692526,0.3530491751588179,1.581780253788732,0.11775977207824609,2022-09-07
2022-09-08 20:13:29.409162,44.493770604285245,381.61483121627253,1.0,44.42508496999186,45.32358846278178,44.417295904038475,63000000.0,52.07959924772474,50.70703444298403,15.400041596937712,0.3571901558272709,1.5583501115279692,0.11659339984894165,2022-09-08
2022-09-09 20:13:29.409162,44.310447210222705,381.1908819470998,1.0,44.17632755425387,45.29989445854788,43.54777603108896,58000000.0,51.95508274995138,50.667157845118794,18.952637598807485,0.3584564067229195,1.5222793296547887,0.1162421487730442,2022-09-09
2022-09-12 20:13:29.409162,45.91637501330401,378.8456613428216,1.0,45.352286178262624,45.93500730451963,44.795125773232975,90000000.0,51.861474206104276,50.62777229170993,27.930322310743918,0.3976133758603897,1.5315992242816827,0.12120074135349218,2022-09-12
2022-09-13 20:13:29.409162,44.402704711753906,377.81056837585396,1.0,44.57104241293445,45.41903780163823,43.66317233579311,12000000.0,51.73502961409626,50.586634684607304,29.99831132760417,0.4049500934827094,1.534280726601201,0.11752637016649348,2022-09-13
2022-09-14 20:13:29.409162,45.534903970249005,378.59075438983234,1.0,45.05073341576048,46.41060944774165,44.691281705284865,80000000.0,51.64348863458917,50.54161412099225,35.93899618341534,0.42228254665190107,1.554724887386317,0.12027473846696748,2022-09-14
2022-09-15 20:13:29.409162,45.551071559359514,381.4619445841725,1.0,45.79635916664603,45.99759090465604,44.72381746882007,61000000.0,51.57177905039432,50.487224845142734,37.0002233214182,0.4207965260653578,1.4663920631669762,0.11941183702876113,2022-09-15
2022-09-16 20:13:29.409162,47.256258715041845,384.02368029586086,1.0,47.95541059982586,48.01090058410505,46.27932465380009,67000000.0,51.531052347978346,50.43890711092763,42.16322439830362,0.4478743820713239,1.403517002022479,0.12305558521452249,2022-09-16
2022-09-19 20:13:29.409162,47.877709288600165,379.96524775074965,1.0,48.5071952901137,48.85470961647424,47.486187437899204,75000000.0,51.53134371227591,50.39730713980895,41.525776668936345,0.41290311299768734,1.428889448122288,0.12600549542890585,2022-09-19
2022-09-20 20:13:29.409162,47.60517430402123,378.09685488798624,1.0,47.7568918469378,48.68339786117038,47.07924198353002,46000000.0,51.54983626537357,50.34481206500994,41.94385026230638,0.4127152688065522,1.4505057134254353,0.12590735333708233,1663704809
2022-09-21 20:13:29.409162,49.62504663850899,381.4471815404826,1.0,50.01006154835547,50.0786639258617,48.83756313837021,46000000.0,51.57688362469986,50.30734863183358,57.01211962861358,0.4107147300187758,1.492497045640781,0.13009677103418926,2022-09-21
2022-09-22 20:13:29.409162,48.8967101393644,385.21905792402487,1.0,47.88133628071415,49.01206394379995,47.71581466100465,43000000.0,51.5706325931243,50.272830847515706,54.56660596888047,0.41381171235220304,1.4402971684708135,0.12693221982025638,2022-09-22
2022-09-23 20:13:29.409162,46.63589394439306,383.2271300479295,1.0,46.561570807720706,47.26910182220077,45.14356390241383,28000000.0,51.55532280168372,50.22939474116256,43.5780179673442,0.4443021259106498,1.3767077464453057,0.12169256894354112,2022-09-23
2022-09-26 20:13:29.409162,46.201103730776325,381.91542199567397,1.0,46.55431085984838,47.165269724289345,45.959934305171814,93000000.0,51.52813648150424,50.18159146944563,46.94217276294633,0.4428421338382928,1.427187299633271,0.12097208195823958,2022-09-26
2022-09-27 20:13:29.409162,48.23737781337454,384.99698719705225,1.0,48.45625111929127,48.67673363768432,47.64789194464644,99000000.0,51.5175073388328,50.138180626009536,57.9254251274478,0.46948850249766216,1.4391841607411615,0.12529287089897487,2022-09-27
2022-09-28 20:13:29.409162,,,,,48.066930302993065,47.742970121361935,36000000.0,51.48429150425204,50.0889159751791,61.612852355582454,0.46914483570437093,1.3975889909474348,0.1259636980057958,2022-09-28
2022-09-29 20:13:29.409162,47.02265135098135,381.82766133777716,1.0,46.17217887540707,48.34391268576385,45.53476177122181,18000000.0,51.34020965141062,50.04141389516863,58.71421492456979,0.44030344887269424,1.4730913114533715,0.1231515055410917,2022-09-29
2022-09-30 20:13:29.409162,47.056507491855456,380.94172887628423,1.0,48.14998875917343,49.25335709581877,46.40591224698382,94000000.0,51.16818148788181,50.00142045783551,54.074846719862656,0.4402862796243701,1.5950601198496785,0.12352678618502744,2022-09-30
2022-10-03 20:13:29.409162,48.94618674204553,378.06871638413827,1.0,48.71582194557964,49.52840508818468,47.78871454572208,93000000.0,51.04713205329843,49.97730932741196,65.81343653733693,0.4542187741952079,1.5939047681794978,0.1294637313824018,1664828009
2022-10-04 20:13:29.409162,47.39396747957116,373.26785280727205,1.0,47.319787426049,48.38572516775101,47.00188291096752,17000000.0,50.910216831360465,49.936940506421216,56.28660466558247,0.4530878474562818,1.5699415192028343,0.1269703970570482,1664914409
2022-10-05 20:13:29.409162,47.31624045761879,380.80009556741965,1.0,47.40797171396613,48.777046548522875,47.170366375463836,33000000.0,50.7476636606221,49.90521296257417,55.9443422929061,0.4390817307938962,1.5937205718616252,0.12425480195091383,2022-10-05
2022-10-06 20:13:29.409162,48.76741217455092,382.63273995496655,1.0,50.1040688831212,50.78595463862611,47.4668406672619,57000000.0,50.614300934640916,49.8843047563356,55.177504184796504,0.43598807222916003,1.7071161462229998,0.12745227232852718,2022-10-06
2022-10-07 20:13:29.409162,46.55334280958186,385.839252553611,1.0,46.72998792232686,47.32347413699633,46.120295230709736,57000000.0,50.49670674870003,49.86196237999862,45.90893221685136,0.47062981859705194,1.6953059124881114,0.12065476102153044,2022-10-07
2022-10-10 20:13:29.409162,46.45102816732385,377.61120194254323,1.0,47.14519822483566,47.248790584062775,46.26431040456984,14000000.0,50.315452506056324,49.83670005642884,46.396863397686026,0.4539835655736998,1.6510433626204382,0.12301284476828568,2022-10-10
2022-10-11 20:13:29.409162,46.961100472189834,378.10883523425014,1.0,47.19737679105169,47.96835001231414,46.858480755443374,75000000.0,50.14914710767191,49.81386909349447,40.817811924984085,0.4368963766783673,1.641669681861815,0.12419995539933887,2022-10-11
2022-10-12 20:13:29.409162,,,,,49.0500737485972,47.113190305475975,44000000.0,50.03133717849171,49.793156303485496,48.831163599661394,0.44326566976789417,1.6874292647422382,0.12718760995465297,2022-10-12
2022-10-13 20:13:29.409162,48.060213750024154,381.07419642489344,1.0,48.08577576287901,48.52284539700046,46.92457577862269,26000000.0,49.85181983540327,49.76988684061375,55.24760727191,0.4457159484292702,1.649767243213012,0.12611773297932133,2022-10-13
2022-10-14 20:13:29.409162,49.27085199120752,384.08700520390045,1.0,49.353598277855056,49.716432642074814,48.44299148242875,63000000.0,49.649342895019544,49.76595246931414,60.69823568158272,0.4351854238125259,1.65463193896505,0.12828044511698874,2022-10-14
2022-10-17 20:13:29.409162,48.78298759372156,381.0437411385766,1.0,49.35517074579234,74.465561175143,24.043840620602392,86000000.0,49.417247325542775,49.75911143464422,52.1315256660508,0.4353579129147087,1.692287975811669,0.12802463950189996,2022-10-17
2022-10-18 20:13:29.409162,47.80201273294675,379.9155857258216,1.0,48.33296579681822,48.9330815293093,46.921438850952235,60000000.0,49.20880630494941,49.73971636641987,49.49522734370303,0.44139200046082483,1.812836725577807,0.1258227209647688,2022-10-18
2022-10-19 20:13:29.409162,47.40854596248472,376.36241813101674,1.0,47.832618513556945,47.83456786318399,46.46737098197497,52000000.0,48.988542139320586,49.72399045341624,51.48898749600206,0.4134199131311677,1.709840008911163,0.12596514337938275,2022-10-19
2022-10-20 20:13:29.409162,48.856511195135596,375.1652023825682,1.0,48.23463338486996,48.98124757393366,47.26043987600385,63000000.0,48.81213176457609,49.72704392363711,56.26201580226563,0.4259418875868182,1.6293659267036524,0.1302266598417489,2022-10-20
2022-10-21 20:13:29.409162,47.5922379917106,377.88987570298394,1.0,47.691358611611335,48.10947602548897,47.41024717400555,52000000.0,48.62348067203093,49.72950608860239,45.075472775872065,0.4018909732644636,1.5550472344908546,0.1259420827381928,2022-10-21
2022-10-24 20:13:29.409162,49.31820912894664,374.66786740345333,1.0,49.83477658424186,50.7312096918553,48.41164014203708,77000000.0,48.48438987217193,49.739118931334716,56.91141807523264,0.41813187852468453,1.621884898279049,0.1316318089158133,2022-10-24
2022-10-25 20:13:29.409162,50.07528636919887,381.4351297934286,1.0,49.926257627131825,51.40195799242625,48.56045924557607,45000000.0,48.36377410608956,49.75436009186435,59.44872632110923,0.39292503331934614,1.7100862249784161,0.13128126503795765,2022-10-25
2022-10-26 20:13:29.409162,52.03297109230378,384.6992510679222,1.0,51.81069289753001,53.594967120164746,51.3278656181713,79000000.0,48.308900715108166,49.761644374534924,60.80837955622929,0.41254364949222955,1.6349424771662184,0.1352562318430843,1666815209
2022-10-27 20:13:29.409162,53.3149196120039,387.6633754597908,1.0,53.70897730803426,53.71986236921801,52.373160086104846,48000000.0,48.27473393884221,49.76886555363867,73.85122313652073,0.4086587827227837,1.645194146939545,0.13752890519711689,2022-10-27
2022-10-28 20:13:29.409162,53.501367289161095,384.1050514604398,1.0,53.917230310006836,54.49539935236321,52.74480153710286,50000000.0,48.23368259048377,49.7885435069909,74.7230775373221,0.4082462589986949,1.699916835208646,0.13928837198505672,1666988009
2022-10-31 20:13:29.409162,55.41274955479357,379.49922019593004,1.0,55.63308463776962,56.28769837904014,55.07423928651535,16000000.0,48.29444402443175,49.822622164403136,76.9849525512969,0.40371450256303115,1.7073161091839333,0.1460154503774336,2022-10-31
2022-11-01 20:13:29.409162,55.96679306249375,377.71963893982,1.0,55.57683323187108,55.96866417700727,55.13755902571098,62000000.0,48.36689808613853,49.864076348677656,75.37701276665499,0.3776143711988905,1.6283319454821523,0.14817019633816453,2022-11-01
2022-11-02 20:13:29.409162,56.497020202872896,375.5888388916577,1.0,56.286567786177216,57.515776942119295,54.83356359679557,17000000.0,48.50030770784113,49.90201181368563,78.7162239679767,0.3756663530902275,1.7057564974068633,0.1504225215253801,2022-11-02
2022-11-03 20:13:29.409162,54.295247689671314,377.9163319048816,1.0,53.93453226570015,55.284577193712785,53.506459513014825,34000000.0,48.594143108749414,49.936687661586575,66.02054689487657,0.4031390882976732,1.7418048203391419,0.1436700219225693,2022-11-03
2022-11-04 20:13:29.409162,54.40794715378468,383.31711017880207,1.0,55.05252973454777,55.150912495444004,53.17660838957598,25000000.0,48.69798101053164,49.968145390472216,68.37509382328395,0.35577981018841076,1.7716818129803897,0.14193978225601658,2022-11-04
2022-11-07 20:13:29.409162,55.08431766783044,385.32437842991385,1.0,55.174121896902626,82.99511100424652,27.19340819382801,34000000.0,48.806409722654536,50.02177908820685,74.27219779522724,0.3539684662869744,1.6953685941816705,0.1429557036912204,2022-11-07
2022-11-08 20:13:29.409162,55.12111278602932,386.3567565475172,1.0,55.08585069092769,55.99035329761663,54.75281493705849,28000000.0,48.89979759253814,50.073103589619016,76.3323550754917,0.35501536279066753,1.6861072712780363,0.14266895001032573,2022-11-08
2022-11-09 20:13:29.409162,55.09311338003439,389.619066881191,1.0,54.57458628947034,55.603650192761435,53.767258426950626,39000000.0,49.00110374800058,50.1316668184852,73.57938461647804,0.34322600219436006,1.6943632761266794,0.14140250840658752,2022-11-09
2022-11-10 20:13:29.409162,58.209139717475054,391.8095631522854,1.0,59.30342647484869,60.00979562126373,57.93651491136469,30000000.0,49.21374988615008,50.20352483681957,85.21022803612583,0.3800564049506327,1.7925098374420803,0.1485648774092091,2022-11-10
2022-11-11 20:13:29.409162,58.443629570775194,393.6458194049464,1.0,59.135832317313316,60.41975828659024,57.916673514092096,72000000.0,49.43256166270281,50.26919189128027,83.58647197591199,0.3761648132929753,1.8056180676335032,0.14846754795750491,2022-11-11
2022-11-14 20:13:29.409162,57.71804607731976,392.68945266593033,1.0,58.25954229564265,58.29322748570617,56.69170126234232,65000000.0,49.61234760178445,50.330781467869684,78.19484385668143,0.37792716118485153,1.717048601670194,0.1469814014241472,2022-11-14
2022-11-15 20:13:29.409162,61.59585857406149,393.48600235793015,1.0,61.36704643436417,62.543078508024294,60.009128765903895,44000000.0,49.901740756551824,50.41444667717007,80.900658308396,0.41485830977245464,1.7361091902506907,0.15653888119260595,1668543209
2022-11-16 20:13:29.409162,60.68263188132179,394.7623956785508,1.0,60.9457422539636,61.29361919391326,60.55633831700029,94000000.0,50.200651674712134,50.492370085955116,74.38852207439083,0.419979752287615,1.6925790898078195,0.1537193829645688,2022-11-16
2022-11-17 20:13:29.409162,60.21684620779434,394.5785633115666,1.0,60.49901539185304,61.49576268188337,59.70455730962565,48000000.0,50.515113186782315,50.567947452456195,71.82587524668183,0.42041176994437696,1.6954796295933459,0.15261053642249184,2022-11-17
2022-11-18 20:13:29.409162,61.92415216112012,388.8299957463576,1.0,61.97940469430372,62.257539615964745,61.24502698680329,45000000.0,50.86738728580027,50.643421892031625,71.44711245678187,0.40123373378671073,1.6811263107816796,0.15925765202928072,2022-11-18
2022-11-21 20:13:29.409162,63.58777113848695,393.6573959697253,1.0,64.10015673637095,64.35775043301705,62.589031744072635,57000000.0,51.22081520830393,50.727238334007886,73.39199524098915,0.39552109538966723,1.7480987063279738,0.16153074167918655,2022-11-21
2022-11-22 20:13:29.409162,63.014147066370754,394.6280205076285,1.0,62.66056828008836,63.552581965966304,62.00214475634416,63000000.0,51.59304405539627,50.808441570189196,69.95066046156727,0.4030525946587268,1.667257553777861,0.15967985999907636,1669148009
2022-11-23 20:13:29.409162,64.22206084477283,397.3805143787103,1.0,64.36302405797342,65.78188152201405,64.0280458175916,41000000.0,51.96678719288674,50.9037224775067,82.35755323864417,0.39122657428284324,1.6655231269010382,0.16161351279435943,1669234409
2022-11-24 20:13:29.409162,63.711909112849966,395.21645375669516,1.0,63.441085840953775,64.00862802352962,62.43435004490075,20000000.0,52.33000394395654,50.99990420501021,79.56134239032224,0.39310108425926793,1.6369498320982423,0.16120763320262108,2022-11-24
2022-11-25 20:13:29.409162,63.31428317466461,397.7792204409666,1.0,63.61645511202635,63.75671267747503,62.90728139548347,95000000.0,52.651164433149006,51.10028788947775,76.62047825503385,0.39649101733053954,1.6302479511565682,0.15916940835792331,2022-11-25
2022-11-28 20:13:29.409162,63.85368664443648,393.137886149484,1.0,64.58342831158598,65.00797852420389,62.87657748691776,32000000.0,52.97068398026573,51.20004390303381,77.35671414446797,0.38348525649010473,1.6940952852085676,0.16242058802787884,2022-11-28
2022-11-29 20:13:29.409162,,,,,64.6865846171885,63.01828367781362,83000000.0,53.30323704776329,51.2914680248965,78.01580759306346,0.38338927260395084,1.6820887976060013,0.16076685300264731,2022-11-29
2022-11-30 20:13:29.409162,60.10636116154766,399.3512857158014,1.0,59.68031270969056,60.401574389182834,58.91071741148318,96000000.0,53.51286333822405,51.367770500446376,55.47628752443692,0.45932289176200713,1.6404871024489023,0.15050999786769784,2022-11-30
2022-12-01 20:13:29.409162,60.74876476172748,401.8145196803037,1.0,62.164360376149034,63.48309984515522,60.03150002171169,97000000.0,53.74990443067132,51.449520909097885,56.50064000084329,0.4314004604392905,1.70823817751643,0.1511860865805972,1669925609
2022-12-02 20:13:29.409162,61.43344449897011,395.35808440108775,1.0,61.87702790154725,63.03627024013447,61.21251786242317,94000000.0,54.04585544176286,51.52693805852944,60.501907637960876,0.43153131050827803,1.7241114742555337,0.15538684277073325,2022-12-02
2022-12-05 20:13:29.409162,58.19819913479092,386.06860586383647,1.0,58.61071947731574,58.75601618619949,58.10542151678167,49000000.0,54.28579734984315,51.58061762806653,40.0341976522764,0.47881434398333267,1.5895861119196353,0.15074574376378325,2022-12-05
2022-12-06 20:13:29.409162,55.242007302071805,387.1932480024112,1.0,54.595523327539325,55.89869350019306,53.74909783677216,95000000.0,54.4258899396171,51.62532029665925,35.749736399771336,0.5158201618863286,1.690465739527345,0.14267296133668061,2022-12-06
2022-12-07 20:13:29.409162,56.7945087342664,389.4241762063995,1.0,57.21186372559895,57.297990486744446,55.82188127064109,48000000.0,54.60301807030513,51.66968386373228,41.51890589755433,0.524914184269884,1.6679588712306044,0.14584227740438135,2022-12-07
2022-12-08 20:13:29.409162,58.114346779116296,389.2571348093782,1.0,59.02004662937818,60.37989400812132,57.2258055329647,50000000.0,54.824851978867834,51.710458762513916,40.37383692500706,0.4912623619635624,1.8209285745159731,0.14929552108935723,2022-12-08
2022-12-09 20:13:29.409162,57.62777852474977,389.4924763236384,1.0,57.7764198953661,58.210296275873,56.31585544812648,32000000.0,55.03627739952572,51.747781672472556,33.98863332544731,0.4920113774935452,1.8299087272875525,0.14795607624745363,2022-12-09
2022-12-12 20:13:29.409162,58.522048445202415,390.7671824557867,1.0,58.45241392855363,58.952159013093976,57.83780560284711,47000000.0,55.227794633588864,51.773545389501194,38.136479090204034,0.4928362539073264,1.7987598844750323,0.14976193261015178,1670876009
2022-12-13 20:13:29.409162,56.632227301475254,381.33078000044054,1.0,56.74220643839141,58.00355962331822,56.25595182572371,55000000.0,55.412559830026936,51.788136658099546,30.652303576202485,0.439694420797822,1.7983150339873224,0.1485120799884285,2022-12-13
2022-12-14 20:13:29.409162,56.517033899914956,378.8243657986488,1.0,58.029964284413715,58.3280280080659,56.365863963316116,13000000.0,55.59657569887287,51.793018668865955,31.282209521861986,0.4377882015545619,1.8260211815673872,0.14919059860567327,2022-12-14
2022-12-15 20:13:29.409162,55.48602364380526,383.26140894194486,1.0,55.171692431732886,55.63857421029964,54.28558164750558,79000000.0,55.730947928257955,51.797742869060954,30.284177667306267,0.44082339229563,1.8619898444818515,0.1447733122856888,1671135209
2022-12-16 20:13:29.409162,54.07439804597488,387.38997508002154,1.0,54.93799146814547,55.611512419512486,53.180554716119474,19000000.0,55.881369032985816,51.783796661623846,26.406973955191518,0.43015820244200464,1.8833867492037715,0.1395864671893096,2022-12-16
2022-12-19 20:13:29.409162,50.39792710954528,389.7125196567787,1.0,50.6365876276141,51.568493297889844,49.977657059710985,67000000.0,55.960307011830245,51.74916913925958,21.204029985360762,0.4633631153992968,1.8778535562611987,0.12932078023546928,2022-12-19
2022-12-20 20:13:29.409162,52.286770018339354,387.2317499250204,1.0,52.648341399745576,53.14420839740925,50.98026565563829,99000000.0,56.06682040275323,51.73395405037477,32.05253083882616,0.4945350871558656,1.9259311108377208,0.13502707365411962,2022-12-20
2022-12-21 20:13:29.409162,53.52347664948861,391.49665228458116,1.0,53.93119994025328,54.938372644242264,52.85539006331657,68000000.0,56.166534441353804,51.717468428406235,33.85696576404506,0.49814309058275447,1.8281727363721612,0.13671503022350773,2022-12-21
2022-12-22 20:13:29.409162,52.40638861668422,394.54884173790686,1.0,52.64696589595195,52.663519619338864,52.07035241732031,16000000.0,56.253457938687006,51.685325592795955,30.213695197883922,0.5000297063126647,1.7402737952512506,0.13282611193545724,2022-12-22
2022-12-23 20:13:29.409162,53.50786592349319,401.2886268327789,1.0,54.11470073038214,54.63932477761012,53.502394980850276,78000000.0,56.33819821733272,51.66832853512937,38.65842283823057,0.5114292323324876,1.7750120186328238,0.13334010072951924,2022-12-23
2022-12-26 20:13:29.409162,54.43172557542538,395.1588489434579,1.0,54.555326249720274,55.531619802823805,53.53669061442105,77000000.0,56.4511729769668,51.65622842707668,47.82711225496289,0.5160694148995855,1.7639644132743848,0.13774644227494917,2022-12-26
2022-12-27 20:13:29.409162,55.47589951831118,391.63228451252985,1.0,54.9694970674802,55.53151330525061,52.31288061713646,96000000.0,56.604650712674086,51.647256636480016,46.36485322888463,0.5227217669006362,1.8884303755608707,0.1416530294160064,2022-12-27
2022-12-28 20:13:29.409162,53.78366292236208,391.23029449056776,1.0,53.4377389896861,54.2766631860413,53.26753271655295,64000000.0,56.73215305187163,51.62979483041505,38.30135816573842,0.48595357493866215,1.7352190894417083,0.13747315501831303,2022-12-28
2022-12-29 20:13:29.409162,54.545064532476886,385.7516700129195,1.0,54.26801140713541,55.21960362036749,53.974336059550055,37000000.0,56.845924118618456,51.635814171287755,41.794386736842895,0.48760055205029434,1.6888495703753448,0.1413994255181062,2022-12-29
2022-12-30 20:13:29.409162,55.39146145246254,387.27260156174657,1.0,55.53679622317008,55.61072149497017,55.26249706222779,85000000.0,57.0019085878335,51.66038703641353,41.64566598531614,0.4896988348469235,1.6341260719821677,0.14302964172803986,2022-12-30
2023-01-02 20:13:29.409162,54.9561162919335,383.549516654495,1.0,54.555273810983415,55.09800249082267,54.18882361687169,75000000.0,57.11466673109324,51.68979608608191,45.15065502004602,0.45617948592068885,1.5742382917219164,0.1432829762667606,2023-01-02
2023-01-03 20:13:29.409162,56.04543743732473,377.935784711155,1.0,55.7845364917267,57.82316162607798,55.112841785267925,81000000.0,57.23406975245575,51.72125417271639,48.7083764756215,0.42473202727470327,1.6276779914405073,0.14829354537083217,2023-01-03
2023-01-04 20:13:29.409162,55.5956776114484,374.82968410405937,1.0,55.183259779099025,55.71419213616146,55.01783025043279,28000000.0,57.305323882838636,51.747515597063035,50.310200254504636,0.4134408665224203,1.580775800221551,0.14832250477796752,2023-01-04
2023-01-05 20:13:29.409162,55.24427611862019,379.9984965341117,1.0,54.991593350171,57.252714123096425,54.8106789933691,40000000.0,57.34391101297096,51.773722164489826,53.52065764456301,0.4039079454815299,1.5815670449597161,0.1453802491917518,2023-01-05
2023-01-06 20:13:29.409162,53.58673717565801,381.0830333504089,1.0,53.423734429916614,54.33324580520483,53.04963909432937,89000000.0,57.34561841070091,51.7941249888335,60.92391184095814,0.41541467031289747,1.5596220787237591,0.14061695873608882,2023-01-06
2023-01-09 20:13:29.409162,53.307290659657625,383.95687869081036,1.0,54.003099337558716,55.554581427133705,52.97990226681252,32000000.0,57.303509232798184,51.819094185973064,53.92926442649173,0.40943495532568863,1.5889603943344892,0.13883666009949122,2023-01-09
2023-01-10 20:13:29.409162,55.22378947765264,391.1673136459093,1.0,55.075314193273314,55.288560831163714,54.449941868640806,82000000.0,57.28864916110137,51.85111434185907,56.22098474882054,0.41917615819374815,1.5000772787342902,0.14117690193215393,2023-01-10
2023-01-11 20:13:29.409162,53.198194055003825,390.47474680090926,1.0,53.5227894820352,53.99183505020899,52.85752185201337,18000000.0,57.22267263814398,51.861697880174916,52.71641556359286,0.43801123890977806,1.5387305641755091,0.13623978116599664,2023-01-11
2023-01-12 20:13:29.409162,54.95790766391531,388.99352775454736,1.0,55.532223032352476,55.88208113946544,52.909217837751164,45000000.0,57.23592583762886,51.87708373767343,54.75963790163732,0.45146481006896977,1.6698686716722544,0.14128231896596857,2023-01-12
2023-01-13 20:13:29.409162,55.97515514836518,386.85245113508586,1.0,56.38902112542959,57.053685525022544,55.348583764339175,85000000.0,57.26726999752047,51.901913492524464,55.035305264169914,0.44564889815607805,1.649166712549441,0.14469381022176617,2023-01-13
2023-01-16 20:13:29.409162,56.41969429113254,387.21330551390486,1.0,55.52142167922265,57.42321018578599,54.71902909887717,55000000.0,57.29397752998651,51.9270984263212,53.20442211645705,0.36063876355199753,1.6124201696062026,0.1457070133895657,2023-01-16
2023-01-17 20:13:29.409162,56.105199028309194,386.468718186512,1.0,56.39855271053006,56.77436499980834,55.690273118415874,69000000.0,57.31365925483211,51.95775917073147,58.69573767704385,0.3425737130067764,1.6177745561707826,0.1451739724021661,2023-01-17
2023-01-18 20:13:29.409162,58.923879288024395,387.7683737226307,1.0,59.02952882393992,59.451962329896354,58.390970068395724,62000000.0,57.39027457299192,52.010576710592424,64.21141256423726,0.3745634406839629,1.6046120347910109,0.15195638242063658,2023-01-18
2023-01-19 20:13:29.409162,59.373683516646956,387.7389740895902,1.0,59.154878359758904,60.84382651908468,58.603855233081404,81000000.0,57.41356544897535,52.059245156346925,63.26577155193973,0.3618178209731198,1.7397368100239317,0.15312797393157643,2023-01-19
2023-01-20 20:13:29.409162,60.795133837617186,375.95483796602656,1.0,60.29987710804814,91.79679298353946,29.528691413094116,78000000.0,57.46059553431219,52.119981312861476,68.25207181310186,0.3635172923293199,1.827686830658724,0.16170860884921232,2023-01-20
2023-01-23 20:13:29.409162,62.47743180382734,367.23893489642563,1.0,61.54797318765016,62.915056105762645,60.529354187047076,43000000.0,57.555783248842346,52.17619057779725,69.3869435840643,0.36937593456330126,1.8044998362234033,0.17012747251717247,2023-01-23
2023-01-24 20:13:29.409162,61.63476279260052,368.1555558234068,1.0,61.58417952748227,62.19328766660639,60.72502940633242,43000000.0,57.55656133321313,52.21953568580722,67.78149279497293,0.37346925675904247,1.8596352915480676,0.1674150011256787,2023-01-24
2023-01-25 20:13:29.409162,63.95701561650671,363.03195985286806,1.0,64.62056125520084,65.61560816947043,63.688446351782744,81000000.0,57.62204900791682,52.268811577575036,72.98605384589803,0.3645058411031327,1.8228586264023794,0.17617461460535766,2023-01-25
2023-01-26 20:13:29.409162,63.14723847229078,364.82237617724934,1.0,61.851053623639885,63.69460551057024,60.628977718275664,64000000.0,57.680656853206756,52.31020863552087,76.4037067841688,0.3717816914621342,1.950145846503745,0.17309036560194604,2023-01-26
2023-01-27 20:13:29.409162,62.1911136430958,359.76822268107287,1.0,62.40782833734605,62.63348745389937,61.58030854077581,93000000.0,57.685996082846266,52.35868747623941,73.65090721924552,0.3789887575586135,1.8414672574182005,0.17286438802080345,2023-01-27
2023-01-30 20:13:29.409162,62.88907520497018,362.4265627998617,1.0,63.102521915893675,63.665665623021226,62.69946284650484,15000000.0,57.672022164175935,52.416948857670675,71.82274199078438,0.3757222826041949,1.8505803869891635,0.17352225708604763,2023-01-30
2023-01-31 20:13:29.409162,62.27111630829768,368.76986952718755,1.0,63.20836572575663,64.00411915082526,60.9040515647897,71000000.0,57.657161549014475,52.46125087816277,78.08089654733995,0.3770700596146007,1.9909914146920167,0.1688617250323016,2023-01-31
2023-02-01 20:13:29.409162,62.24554397993726,361.43498787910573,1.0,62.25049754503098,63.69193495532707,61.574435321870716,13000000.0,57.617631211717764,52.50113736551458,75.26774006338233,0.3743944184725597,1.9298940098164508,0.1722178152845496,2023-02-01
2023-02-02 20:13:29.409162,61.02279676979008,359.69282480404684,1.0,62.02336047721191,63.546636567095554,60.146334649355595,82000000.0,57.56384896485656,52.53104286928929,67.2553240659339,0.38306195597548565,2.050979735320493,0.1696525272724971,2023-02-02
2023-02-03 20:13:29.409162,57.56654763466506,359.1391860237657,1.0,56.953015274854636,58.09710836099723,56.49847460085742,17000000.0,57.44889425405657,52.54214839275316,53.251079144485935,0.42495961093930146,1.9720120691227068,0.1602903550348183,2023-02-03
2023-02-06 20:13:29.409162,59.07894758730438,358.5612203520031,1.0,59.22448423036244,59.41072293229352,58.35503768970152,39000000.0,57.35339947291393,52.567201509445255,57.89381274312166,0.4306333710417153,1.9699830234941018,0.16476669598933757,1675714409
2023-02-07 20:13:29.409162,60.42080173939516,353.11870495300894,1.0,60.496735407593555,61.23475920503665,58.42991238264418,15000000.0,57.27715895412385,52.60932658547586,54.31163126127583,0.42066695771051127,2.0945440635578048,0.17110620562407086,2023-02-07
2023-02-08 20:13:29.409162,60.12923265776633,353.928519744361,1.0,60.110202648435646,61.04271056391185,60.00663627144557,98000000.0,57.27761638404823,52.65633597600963,52.19625085234827,0.3932697525635933,2.008551421162305,0.16989089407430932,2023-02-08
2023-02-09 20:13:29.409162,58.99217687077657,353.8448269992457,1.0,57.89332331044607,60.87155952110993,57.6461375908086,65000000.0,57.242484626229206,52.69423081158679,44.67100746194951,0.3898370317846986,2.0860473331239655,0.16671764674661282,2023-02-09
2023-02-10 20:13:29.409162,54.88588160978364,353.25850272438925,1.0,55.55857928711198,55.79262822615551,54.46310932729256,84000000.0,57.11153336844548,52.715097204749945,30.373942689946304,0.46422694979573925,2.0106056888487784,0.15537030584258962,2023-02-10
2023-02-13 20:13:29.409162,56.439340493600994,354.9356092396122,1.0,56.061433344037525,56.899756236437575,55.25924816649675,66000000.0,57.07635619562168,52.741312017946555,37.04465983225996,0.47468764866531704,2.0229092466821257,0.15901289987362063,2023-02-13
2023-02-14 20:13:29.409162,53.722445850992464,353.15724162634257,1.0,53.26587912122696,54.44554737890502,52.17829216864384,86000000.0,57.045964966600096,52.75616525438582,24.971607213128507,0.5049302818460578,2.047201631865946,0.15212047076705115,2023-02-14
2023-02-15 20:13:29.409162,55.59499847369682,354.5432100649595,1.0,55.97515760830359,56.19149691480473,55.20791798071083,30000000.0,57.0219747613887,52.77969369879549,32.443750704924724,0.48656949544141453,1.8984838562801833,0.1568073986341769,2023-02-15
2023-02-16 20:13:29.409162,57.07010922329723,359.89901022781174,1.0,58.57797313248947,59.23048375507982,55.68023969872941,62000000.0,57.00109001027232,52.810951357771366,38.37597886356457,0.4962920146276327,2.076845652224958,0.15857256508477902,2023-02-16
2023-02-17 20:13:29.409162,55.86724069131205,356.7409246572592,1.0,55.673029563516096,56.02011854452681,54.903918549941196,37000000.0,56.96587925360357,52.842824981885116,34.418490339542345,0.4913804158767062,2.087559739229903,0.15660451837698972,2023-02-17
2023-02-20 20:13:29.409162,59.77173948866806,352.7868935325238,1.0,59.61478105915103,60.691618565572625,58.443317390180454,56000000.0,56.99087307447287,52.88831404322253,45.15983478748157,0.5469061873977358,2.026719281326803,0.1694273244965594,2023-02-20
2023-02-21 20:13:29.409162,60.58997765662094,358.1498344340641,1.0,59.487956895473985,60.62652823542604,59.408998224988586,48000000.0,57.07002808157579,52.94606678235199,46.88941229019801,0.5476086589442148,1.9624357368254535,0.16917494252751258,2023-02-21
2023-02-22 20:13:29.409162,60.663679546231506,351.8418234662077,1.0,59.796732209390285,61.28681605536003,59.602753093323024,78000000.0,57.152960994502116,53.00644327292445,49.294818398189214,0.5290633195871259,1.839847239989528,0.17241747711683825,2023-02-22
2023-02-23 20:13:29.409162,61.03828399854417,352.52551858960135,1.0,60.0982720076154,61.587353118490554,59.80403499198021,72000000.0,57.26400620159689,53.07918800655482,57.755954584046926,0.5283050039383831,1.8530389804445662,0.17314571791213487,2023-02-23
2023-02-24 20:13:29.409162,58.79329927615421,357.41422517487047,1.0,58.676567944094025,59.351996229906916,58.09439961965041,41000000.0,57.358384226200485,53.148475141745884,49.382079756510215,0.5413195217522094,1.867461220992031,0.16449624870803245,2023-02-24
2023-02-27 20:13:29.409162,61.8752854960037,361.2423388315709,1.0,61.31695088625053,62.06667997608666,60.06239029546931,43000000.0,57.58793139392966,53.244550607428074,52.92607689228336,0.5737030287987285,1.8102785680080942,0.17128469961781811,2023-02-27
2023-02-28 20:13:29.409162,61.430659856896405,356.12693242871137,1.0,61.860197509792364,62.22303844406529,61.02388227393349,28000000.0,57.770809190700795,53.33331996359293,52.60213866781269,0.5731911258086521,1.8219272735556318,0.17249652936370782,2023-02-28
2023-03-01 20:13:29.409162,64.6177736111625,355.2969561649313,1.0,64.38292950755923,64.91016902662035,63.1138747972107,89000000.0,57.992695129934276,53.43507646621738,60.3958502297905,0.6020900712340144,1.7198467234919406,0.18186976412251188,2023-03-01
2023-03-02 20:13:29.409162,64.97687537423118,357.9635800511403,1.0,64.30754933238221,66.1899337794729,62.011490081500426,39000000.0,58.24410486508522,53.52937554345969,71.64544392658007,0.5963836188141499,1.9233413519997633,0.18151811803018703,2023-03-02
2023-03-03 20:13:29.409162,65.73488034825091,356.19046218503985,1.0,65.22148415856819,66.09602797049396,65.20571584099248,39000000.0,58.488645153580364,53.63885957543852,70.64364704256249,0.5521963625572204,1.869755927682667,0.18454980502566587,2023-03-03
2023-03-06 20:13:29.409162,66.25542179227595,361.01050307128213,1.0,65.363740373843,67.0733261363906,63.592283919957886,90000000.0,58.72511907791738,53.754602060521364,80.84215183716904,0.5476272606764985,1.956454999552063,0.18352768473108305,1678133609
2023-03-07 20:13:29.409162,63.41068305786804,356.49817970804463,1.0,62.48907225087499,64.27045411742095,62.24743873562558,90000000.0,58.88381474870852,53.85035578982296,68.35519161687554,0.5706510497374873,2.0307004601021683,0.1778709869144309,2023-03-07
2023-03-08 20:13:29.409162,63.30793851105445,351.8039970748069,1.0,63.76196252708825,64.39124003395179,61.85032500506363,77000000.0,59.07430026048237,53.9347960069378,65.65896787707494,0.5701788729492265,1.9586055295691505,0.179952300250849,1678306409
2023-03-09 20:13:29.409162,61.02456339841439,351.88264993007544,1.0,60.617036648937116,61.41035836743643,59.98716742441576,99000000.0,59.20389023780112,54.00887883364441,62.280357166746654,0.5821277504975482,1.980533454457369,0.17342305285736856,2023-03-09
2023-03-10 20:13:29.409162,61.391905452026506,349.981495101149,1.0,61.277468187769415,61.39928517097113,60.18105031156546,66000000.0,59.32389911779239,54.076936453935396,54.63935731714737,0.5163469231488472,1.9069572890297621,0.17541471852471366,2023-03-10
2023-03-13 20:13:29.409162,63.69602986446549,350.3126510288125,1.0,63.40769757348159,63.82773267783811,62.99453635036318,25000000.0,59.498697389243034,54.16423091240812,58.19669048746455,0.5226071395628415,1.8795048831038674,0.18182623344432575,1678738409
2023-03-14 20:13:29.409162,70.8728942011059,350.1184793366574,1.0,70.11624968273873,71.57799496407287,69.48992379654034,95000000.0,59.79524652451865,54.28037127606418,69.59530714058377,0.6046128364143674,1.9083626120678336,0.20242545990541067,2023-03-14
2023-03-15 20:13:29.409162,71.68629567691434,344.61326312937473,1.0,71.07243351985291,73.11765419302857,70.92314578714306,34000000.0,60.11705888582797,54.391968340035454,70.09896957852266,0.5999106498298364,1.9377333463089172,0.20801954929402083,2023-03-15
2023-03-16 20:13:29.409162,75.88311236913815,346.7915896101484,1.0,76.05552603136664,76.54914758971941,73.475649761239,86000000.0,60.52983561083833,54.52903837096885,80.04455643726753,0.6196081303781703,2.0674405761820536,0.21881474246374727,2023-03-16
2023-03-17 20:13:29.409162,76.02213691468896,350.8881406317509,1.0,75.89611918343665,76.42222408493276,74.4275770138625,24000000.0,60.97854360561895,54.679068850966544,77.74129651991777,0.6071022023414547,2.066751818357261,0.2166563303559252,2023-03-17
2023-03-20 20:13:29.409162,74.5625315024359,353.26167105523245,1.0,73.84073779138467,75.28200934482035,72.77270097471406,93000000.0,61.40364842247452,54.81735500458047,74.7651549688621,0.5845406515041531,2.1603341183554394,0.21106884106534743,2023-03-20
2023-03-21 20:13:29.409162,72.76075708421985,351.5491333807266,1.0,71.6496103878351,73.6923998686902,69.18713046912676,58000000.0,61.75438777460587,54.94045774275287,66.20335580760201,0.5981520400739632,2.353832344794996,0.20697180045504532,2023-03-21
2023-03-22 20:13:29.409162,72.12813200189932,354.0547982749695,1.0,72.29333504066977,73.44425733370375,71.98335782346655,41000000.0,62.13298653354377,55.06459381298483,64.07673191196297,0.6010763595111197,2.159722045671048,0.20372024995374433,2023-03-22
2023-03-23 20:13:29.409162,71.68090473632861,347.9292268667242,1.0,71.40214776410676,72.45277937966489,68.71892463577446,24000000.0,62.46744647499204,55.18054378846727,61.84929390149985,0.6035441800340694,2.362832232413116,0.2060215101267888,2023-03-23
2023-03-24 20:13:29.409162,70.76677331169914,341.63469432036374,1.0,71.32284153705781,72.88634925772996,70.5524697337691,48000000.0,62.76327883825872,55.27664406528444,58.851412100484644,0.5852618572587404,2.2808920400936974,0.20714164716929617,2023-03-24
2023-03-27 20:13:29.409162,74.3523658819533,339.1733976316742,1.0,75.07371886925765,76.01686755122283,74.31855691216794,17000000.0,63.12193227007513,55.39941935108546,70.86144733240081,0.5836048218415767,2.2576988441836634,0.21921638430705095,2023-03-27
2023-03-28 20:13:29.409162,76.10430839011705,343.9905629837898,1.0,75.78989565894548,77.63383540070646,75.49764142072644,21000000.0,63.5219144573113,55.53698324827478,72.95407902719585,0.5819059247190447,2.228790197833082,0.22123952392758922,1680034409
2023-03-29 20:13:29.409162,73.31373395126853,342.0457435315887,1.0,73.94473496296796,75.18088915111736,72.08035747197641,27000000.0,63.809711550576175,55.66385992959352,71.6503124607041,0.5850543422529528,2.3486002504131016,0.2143389746479855,2023-03-29
2023-03-30 20:13:29.409162,74.1409506278371,343.3530838974567,1.0,74.1527683251328,74.75790377962905,73.80105619168599,99000000.0,64.10505689279998,55.79357817190118,72.10235425752354,0.585225638740471,2.3299297310229146,0.21593209470044977,2023-03-30
2023-03-31 20:13:29.409162,77.4995902198999,338.0854582217211,1.0,76.45860886652503,78.80205650215699,74.47565339938467,29000000.0,64.43914602044563,55.94636444231205,73.0864004670889,0.6005739520172554,2.5794445006870137,0.22923077090489527,2023-03-31
2023-04-03 20:13:29.409162,79.99009994179131,331.58124352117113,1.0,79.41099563672402,81.71956590931157,79.37215236156013,95000000.0,64.78939938320491,56.09554755187733,68.08317693640579,0.6061616087471845,2.5979689564169357,0.2412383133990027,2023-04-03
2023-04-04 20:13:29.409162,81.25369255373323,329.3870019858687,1.0,80.50985542883818,82.231014311016,78.63468838791863,51000000.0,65.18177797842756,56.2481260900692,68.64315659206056,0.5728975406680287,2.6980987790749253,0.246681538930972,2023-04-04
2023-04-05 20:13:29.409162,82.38064705833526,327.6394138468414,1.0,81.19256755019234,82.77855184662204,80.08480552969822,19000000.0,65.55025060726413,56.400598224234884,64.38181534376184,0.5702609325560096,2.6709736711065974,0.2514369260129521,2023-04-05
2023-04-06 20:13:29.409162,84.63106344197564,327.1837309477818,1.0,84.8603808695921,85.45962601094504,83.71962591152256,10000000.0,65.97992710665784,56.56382409859291,67.42641051563572,0.5402724071059257,2.652784601703185,0.2586652557473363,2023-04-06
2023-04-07 20:13:29.409162,83.17200843848315,332.0585600517966,1.0,83.81114081125055,83.98927188923413,81.88267964784315,80000000.0,66.39954500256557,56.727002780290874,67.42791301393967,0.5527170988483002,2.6240191639378057,0.2504739176894264,2023-04-07
2023-04-10 20:13:29.409162,88.37909194403541,333.2724198460849,1.0,88.43447760516375,89.729969472714,87.8107031516869,59000000.0,66.90934533734688,56.91591422898276,77.78513244926506,0.5725706943655756,2.439304658328067,0.26518573599595036,2023-04-10
2023-04-11 20:13:29.409162,87.21817023605298,330.38405062833533,1.0,87.89709732967391,88.25913678454934,85.51682568658082,13000000.0,67.40828641590198,57.09838040860225,76.34999146612164,0.45644323460132896,2.5308340574517336,0.26399025640063006,2023-04-11
2023-04-12 20:13:29.409162,85.18984315607597,334.03189036800205,1.0,87.26076983464523,88.73262433361417,85.09123005046261,17000000.0,67.86717239942476,57.27376985965461,72.35472003740406,0.47215723443905666,2.524229738827528,0.25503505986276503,2023-04-12
2023-04-13 20:13:29.409162,83.84641348027795,330.1201903574754,1.0,84.18155809091098,84.4849180052386,83.57282021857716,18000000.0,68.32364473363452,57.44731917321049,71.34109599003502,0.4415990456598234,2.4226739004489977,0.25398753523522344,2023-04-13
2023-04-14 20:13:29.409162,86.52291023331331,333.9936199262323,1.0,87.22157829496696,87.45530061931657,85.61585959187282,37000000.0,68.90277198560749,57.63347075519786,70.4649046522979,0.4512182359075544,2.432754642476773,0.25905557792518086,2023-04-14
2023-04-17 20:13:29.409162,90.30926393493932,332.8246072813733,1.0,90.16214438400175,90.37439153551746,86.47763756524189,44000000.0,69.52737831256019,57.84570136950393,72.35622789050284,0.4582656424718456,2.5585089274978836,0.27134190789742585,2023-04-17
2023-04-18 20:13:29.409162,91.07738134458029,337.2130756057708,1.0,90.08306129753451,91.58123889715117,88.553527835938,92000000.0,70.14050990466389,58.067685542981145,79.85776569376995,0.4402651546906884,2.553307454788757,0.27008852246007525,2023-04-18
2023-04-19 20:13:29.409162,90.00845589006047,337.76190566679753,1.0,90.78885858724827,92.75848024215784,87.86824930394835,39000000.0,70.73809436930978,58.27636442907047,76.45569852185052,0.4422574259998904,2.834263408379217,0.26648492437999777,2023-04-19
2023-04-20 20:13:29.409162,,,,,90.1983637674683,87.5541961806845,33000000.0,71.35701207584398,58.4800084314672,73.29251514207864,0.43979278487011775,2.714103728665751,0.26542589251386756,2023-04-20
2023-04-21 20:13:29.409162,96.14177454426053,342.59191814783526,1.0,94.70818730639023,98.18380847646843,94.32773642826443,57000000.0,72.18212993453352,58.7237103866064,76.55321813358383,0.4737295396194509,2.8218650501266476,0.2806305970789814,2023-04-21
2023-04-24 20:13:29.409162,93.36800347685191,343.21808552118716,1.0,94.19731229745463,96.16123606586332,92.12414310448132,77000000.0,72.92070319419854,58.9527483052919,68.97369808335337,0.4802730779292565,2.8533484100041213,0.2720369567211755,2023-04-24
2023-04-25 20:13:29.409162,89.30062236829676,341.88238163402104,1.0,89.23463310295114,89.72450324103306,88.32773115299294,15000000.0,73.63226672454462,59.15540724239865,59.924132222152245,0.5163658497990823,2.7607073936552857,0.2612027620185806,2023-04-25
2023-04-26 20:13:29.409162,86.51153555626145,341.63809947882964,1.0,85.7580462493365,86.99804459738638,84.09956372208751,23000000.0,74.25059746619591,59.339970450535446,52.65580484133836,0.5103825971154465,2.843456020503599,0.2532256668335152,2023-04-26
2023-04-27 20:13:29.409162,85.00665719861912,335.1573658619403,1.0,85.16310552891429,85.85955304384052,82.03731804938354,75000000.0,74.80932842570236,59.49387001656328,52.58773877878279,0.5186142171301457,2.9660019314368844,0.2536320721461795,2023-04-27
2023-04-28 20:13:29.409162,85.77567858297526,335.90918077036946,1.0,85.3483000150516,86.84413919357111,84.78405926236431,69000000.0,75.40749718353561,59.64445883113668,45.8024108189782,0.49903504330703685,2.9760600464497196,0.25535377862033576,2023-04-28
2023-05-01 20:13:29.409162,86.27187535532438,339.4534672380349,1.0,86.03330923120416,87.88446766323797,85.73697002836194,31000000.0,75.93749990086876,59.80082491555723,48.44082906508361,0.4890817518018107,2.9335733705145413,0.2541493420505497,2023-05-01
2023-05-02 20:13:29.409162,85.16348494281313,339.79372212549384,1.0,84.1032358777966,85.83297605343373,83.76461655629565,11000000.0,76.42897004659258,59.955443697388944,49.95521295033504,0.4906642895947184,2.8212137429421498,0.2506328969531704,1683058409
2023-05-03 20:13:29.409162,83.37998515385976,336.5899891072998,1.0,83.98493994084957,83.99758170950253,82.71981141557525,23000000.0,76.88329615874517,60.09512412818556,49.219137461379496,0.4957801648612642,2.847333207746853,0.2477197416803727,2023-05-03
2023-05-04 20:13:29.409162,84.13308873432838,340.42555208171336,1.0,83.74679370096376,84.17013990539577,80.19680498075552,63000000.0,77.34519225346085,60.238611829489145,45.7237306718895,0.48710803034205297,2.999754200403746,0.24714093351645255,2023-05-04
2023-05-05 20:13:29.409162,82.08897503736846,343.31941390512657,1.0,81.81933402479032,82.21744110168332,80.72182702424294,25000000.0,77.81110576868512,60.386891444142854,34.31278015830566,0.49107574769736,2.828244208058375,0.2391037958023925,2023-05-05
2023-05-08 20:13:29.409162,84.39015933023268,347.15693847693194,1.0,86.07228421658736,86.45300643870158,83.54239998707341,52000000.0,78.2614032453697,60.53127353929648,37.943851782602415,0.44565533506748556,2.819879593088018,0.24308936384931357,2023-05-08
2023-05-09 20:13:29.409162,81.0749016792546,344.578278962985,1.0,81.05860540721386,81.79182722307202,80.19599623809773,62000000.0,78.65428808181687,60.6602661957357,35.10080569836474,0.463672309552242,2.584565310714074,0.23528732549030973,2023-05-09
2023-05-10 20:13:29.409162,82.81332497819146,348.98940059425905,1.0,82.5457250094441,83.751146734026,81.17479848622122,52000000.0,79.01819910915745,60.802191464734314,38.743786987627495,0.4652301368532227,2.579721072215573,0.23729467094753295,2023-05-10
2023-05-11 20:13:29.409162,84.75997626301138,345.006310316819,1.0,85.29290493191193,86.3122797530572,82.71792274226475,75000000.0,79.41386112693304,60.94081094152713,29.22343998651033,0.4695725705876809,2.5610271409718908,0.2456765970024617,2023-05-11
2023-05-12 20:13:29.409162,84.09106328863581,345.2124162116079,1.0,83.74577295622863,85.5253452833792,82.7743841643012,29000000.0,79.78098478574074,61.06429276291834,31.65604883950742,0.45581349711456925,2.469160580807319,0.24359223289665738,2023-05-12
2023-05-15 20:13:29.409162,84.38242947491491,342.83381384312423,1.0,83.11583858683365,85.00529545027236,82.79218149579279,73000000.0,80.14352493939353,61.18426607995512,38.56770544632347,0.42466531197466445,2.5274707141244224,0.24613216686241773,2023-05-15
2023-05-16 20:13:29.409162,90.03418846445857,340.92365519201707,1.0,89.0442758186203,90.04670545698683,87.67220915289452,89000000.0,80.67599504752533,61.34331670346433,57.226619185260795,0.49126966051134985,2.4900432447525245,0.2640890037793035,2023-05-16
2023-05-17 20:13:29.409162,88.34028256488355,338.2030969958128,1.0,89.35012771808246,89.49749765989502,87.97803680407699,30000000.0,81.17664192860192,61.49290934506912,56.786203041910625,0.49412190957114477,2.325559377706885,0.26120483032116426,2023-05-17
2023-05-18 20:13:29.409162,90.57436814854015,340.0718245849947,1.0,90.39775084981477,91.42739600951607,89.44305583502437,42000000.0,81.76763802360443,61.65739603615002,59.218728907940324,0.5025070545965469,2.3201493950843783,0.26633893666160735,2023-05-18
2023-05-19 20:13:29.409162,91.54397063464741,339.2618105393969,1.0,92.16145002151875,92.49450539386433,90.82155031668589,38000000.0,82.37067932725685,61.829991926228416,59.94725344209898,0.4358289251054003,2.286253498105979,0.2698328187575855,2023-05-19
2023-05-22 20:13:29.409162,94.92029650589781,335.15326933291976,1.0,93.75640941527456,96.88644761561925,92.47854860538911,12000000.0,82.9951646600855,62.02322966314842,66.95763797723464,0.44466907339744227,2.453363463326841,0.28321459222171597,2023-05-22
2023-05-23 20:13:29.409162,95.28951841090844,336.0589504735745,1.0,96.41642145718362,99.26645210513719,94.81530235792302,41000000.0,83.48349714428156,62.21914688183638,71.7693405545275,0.4120244166448657,2.680033424275905,0.283550008939284,1684872809
2023-05-24 20:13:29.409162,96.08396591658573,334.6962703838681,1.0,95.44105047526789,97.41108423692147,94.86822904035303,35000000.0,83.97145054907497,62.425683508212444,71.81194523774083,0.3911077106576867,2.5778563008422037,0.28707808965539294,2023-05-24
2023-05-25 20:13:29.409162,97.7294350346456,335.5147598186061,1.0,96.74309193767056,147.34182350066655,47.79038480505425,47000000.0,84.40837700238514,62.63921439125916,78.96744856469556,0.38337057390008034,2.6601062041442622,0.2912820738124379,2023-05-25
2023-05-26 20:13:29.409162,93.65822837316728,337.46459478863795,1.0,93.76592522807407,95.43819239747125,91.24681258225677,16000000.0,84.76109883155468,62.82973585958958,66.10905986916478,0.4206900683049934,2.751590015828999,0.27753497646716874,2023-05-26
2023-05-29 20:13:29.409162,95.74051326258015,334.55465187667926,1.0,94.54914449201368,98.52889666212275,93.79901565435728,73000000.0,85.18465846675757,63.04656503661551,76.6321480137284,0.42526010008255455,2.9754507317426553,0.2861730145598789,2023-05-29
2023-05-30 20:13:29.409162,96.66380392960902,341.3122336585424,1.0,96.47625160817724,96.91467006069135,95.23627355860127,69000000.0,85.66271940366536,63.26816360637778,75.9192383336028,0.41980739894517716,2.911311321334463,0.28321224496838276,2023-05-30
2023-05-31 20:13:29.409162,99.58911790175762,344.43432264438286,1.0,100.57912284824141,102.60571386488681,98.87935438193587,49000000.0,86.21193912166252,63.51697650029785,76.77011673028544,0.41442871587751134,2.9207400693457837,0.28913819371183896,2023-05-31
2023-06-01 20:13:29.409162,95.46173053287657,350.28400352142216,1.0,95.27994866615781,95.98048548168065,95.16154058480723,88000000.0,86.68755563759349,63.74626776474095,68.24815242479744,0.45181612281189254,2.782738910616885,0.272526662859837,2023-06-01
2023-06-02 20:13:29.409162,96.76349360258368,347.486232134679,1.0,97.3067454138274,100.11734111272858,96.46378478717526,49000000.0,87.20749004341118,63.984004972430505,69.24553798759105,0.4371026129718315,2.885627651407868,0.2784671294978962,2023-06-02
2023-06-05 20:13:29.409162,99.16616794355365,346.7977294428788,1.0,99.33345743925642,103.42854931272501,96.74537236245617,64000000.0,87.70376608464319,64.23152140183984,65.78999551102888,0.4353602563641629,3.193390554706192,0.28594814649698375,2023-06-05
2023-06-06 20:13:29.409162,98.00587135595713,347.24956750787203,1.0,99.08405537742446,99.99103228666338,95.26507754175441,95000000.0,88.14179734396,64.46929216216039,67.02685195923539,0.40520711322359154,3.4224258324984027,0.28223468227569604,2023-06-06
2023-06-07 20:13:29.409162,97.27623058346182,350.89667387207476,1.0,95.40847675824423,99.0541944819223,93.61019123313145,95000000.0,88.62104727660386,64.70553428704312,62.466760447281914,0.4072020500370633,3.66954462351977,0.27722186565645673,1686168809
2023-06-08 20:13:29.409162,97.7555457384771,351.304265237344,1.0,97.90918509585252,99.23497799714687,97.44372198572371,68000000.0,89.09333917881666,64.95642785168552,61.76941214427664,0.4033777882074698,3.6779946902515355,0.2782646139306981,2023-06-08
2023-06-09 20:13:29.409162,98.3418280331539,357.705617924817,1.0,98.91486774685664,99.14660059398446,97.38442222825834,71000000.0,89.51018393508173,65.21062178813558,57.24943927290026,0.39935857769129657,3.489014644215534,0.2749239125839604,1686341609
2023-06-12 20:13:29.409162,93.13461905817326,354.521541367122,1.0,94.12703799741573,95.04819906965518,92.70982603785758,45000000.0,89.77307431740937,65.43265113781027,46.21104357784619,0.4545441764578723,3.3381020216857786,0.2627051058703607,2023-06-12
2023-06-13 20:13:29.409162,90.31923376802965,351.36295171118337,1.0,90.62743283664823,92.6937309541488,87.75639898941192,16000000.0,89.95438514169531,65.64861630247195,40.53643844434349,0.40831956424208116,3.5091360765549533,0.2570539475723414,2023-06-13
2023-06-14 20:13:29.409162,91.00323621511772,349.7980255448488,1.0,91.72092258668197,93.5100374811984,90.41905487457556,30000000.0,90.12683692483095,65.87494705368101,38.59813729067959,0.40248717463673256,3.540841068194499,0.26015937646694887,2023-06-14
2023-06-15 20:13:29.409162,90.50584054079206,348.0671605225298,1.0,90.95286516148633,91.83770145635411,88.2716093541213,84000000.0,90.24433246680728,66.10500740336354,43.91953077855637,0.39337886566503877,3.496177660124379,0.26002407237994457,2023-06-15
2023-06-16 20:13:29.409162,89.73877556978852,344.73705468141975,1.0,91.36612888220021,92.39297979011168,89.05197984742064,27000000.0,90.37566780943338,66.33214904516137,37.80482702508092,0.3925134085080725,3.39697186976192,0.26031079151824393,1686946409
2023-06-19 20:13:29.409162,85.36772019626196,345.8868458212914,1.0,86.14918854582184,86.27213363061712,82.56666710290565,47000000.0,90.31544037447792,66.52940577107616,29.867813613780328,0.4012999620347174,3.5417625858777333,0.2468082299966062,2023-06-19
2023-06-20 20:13:29.409162,84.64031999432481,348.6706556986963,1.0,85.0818126712937,85.6856604939487,81.92853968615727,32000000.0,90.26388336964335,66.73059384748902,21.093182490432582,0.4000775065412595,3.54395982336634,0.24275148657037182,2023-06-20
2023-06-21 20:13:29.409162,82.90068362030931,348.7574424439581,1.0,82.23929977979785,85.7559105276637,81.26144425055402,39000000.0,90.21810017892801,66.91742274573932,23.23920518742338,0.3998708145710373,3.8064970648117873,0.23770298072887902,2023-06-21
2023-06-22 20:13:29.409162,85.73255868689432,347.491657237081,1.0,84.70064349880414,86.49565534140396,83.04548358305163,23000000.0,90.25582308306035,67.11833018137699,27.93745375245075,0.4177020867269597,3.791969595726002,0.24671832230033108,2023-06-22
2023-06-23 20:13:29.409162,85.86862865950957,351.88790958133893,1.0,85.85161870717393,86.28483413126986,84.48030665608887,15000000.0,90.24273745158428,67.31139203109933,20.75230675521867,0.3966828670072541,3.4434946332197263,0.24402267404319847,2023-06-23
2023-06-26 20:13:29.409162,83.42247703236474,349.3328448333161,1.0,83.21835657400939,84.79254690337939,82.88551160393028,11000000.0,90.10500171353279,67.48911586981816,19.641309990968637,0.39298071372546867,3.2421432442583074,0.23880513460499175,2023-06-26
2023-06-27 20:13:29.409162,82.71158330975956,351.77959644762063,1.0,82.75856801917953,84.95737033477513,82.28288297260065,70000000.0,89.93768575283637,67.66464791484685,19.656652518100202,0.38830374174019794,3.0443206809285672,0.23512331057573196,2023-06-27
2023-06-28 20:13:29.409162,82.25055888906883,353.8422590910485,1.0,82.18586438863024,86.07651239507881,79.86848700000152,57000000.0,89.78252781281651,67.82777547609965,17.67295311662805,0.36205829885733226,3.3598042083324335,0.23244979019847548,2023-06-28
2023-06-29 20:13:29.409162,82.290374554332,355.48089481505383,1.0,82.664273622645,84.6833912837912,82.21181418183791,45000000.0,89.62957405995343,67.99474379817448,15.753216712390426,0.34271056639956904,3.410475546634374,0.23149028753611428,2023-06-29
2023-06-30 20:13:29.409162,80.03953603611144,350.158554641618,1.0,80.54166866508116,83.81354594066552,78.12732609156505,78000000.0,89.30752928979044,68.16176200863308,18.027411397584217,0.3405806374448319,3.6496074621560077,0.2285808385233675,2023-06-30
2023-07-03 20:13:29.409162,80.64362765858156,345.5134484009967,1.0,81.05112405331734,81.97970562707089,79.44223656583519,12000000.0,89.05304177342504,68.3339746282721,23.5166176277242,0.3227192878633086,3.478188683334494,0.23340228298433124,2023-07-03
2023-07-04 20:13:29.409162,80.36070520710933,345.2051684214653,1.0,80.75617885708427,82.84224709854392,79.78403923193545,88000000.0,88.87424343020129,68.49459126524079,20.216079062702804,0.32348471809517937,3.4758476304763257,0.23279114149587685,2023-07-04
2023-07-05 20:13:29.409162,82.5591031478859,345.13759100738264,1.0,82.42383618267259,83.25590872911616,80.9028158015779,76000000.0,88.79519478203378,68.6676962699809,29.693768170002926,0.3492308969203263,3.389204832283857,0.23920634929076715,2023-07-05
2023-07-06 20:13:29.409162,83.39026236885837,346.33675851801195,1.0,84.062289258667,84.22522926948191,82.56968772284618,53000000.0,88.76286688543856,68.84953432507027,33.830661252960866,0.35220584623885787,3.268814946851335,0.24077797206882817,2023-07-06
2023-07-07 20:13:29.409162,86.72569259543343,353.9757113804884,1.0,85.73998104942923,87.01731822593153,83.86978616783811,75000000.0,88.78186716568773,69.04788025058816,53.65130617750257,0.38852213367643285,3.22896248473576,0.24500464242929934,2023-07-07
2023-07-10 20:13:29.409162,92.881858485667,350.56962417975404,1.0,94.22332357794896,96.93340528742688,91.44517348936013,27000000.0,88.91406682829458,69.26755860930626,67.15238163084561,0.435961509272034,3.3526132697554254,0.26494554028457973,2023-07-10
2023-07-11 20:13:29.409162,95.41464817911505,353.39838769109775,1.0,95.6929605388462,96.33054371913977,94.04630721980989,91000000.0,89.11909009302062,69.50766201280399,75.2118485045745,0.4304414864485258,3.194739714199725,0.2699917472813037,2023-07-11
2023-07-12 20:13:29.409162,89.67258262420387,359.29971195189876,1.0,90.3772560375537,92.92077630622718,88.88229455966373,57000000.0,89.2449420424275,69.71944372363691,57.10482185536725,0.4848384325904873,3.2367618562148053,0.24957599363789298,2023-07-12
2023-07-13 20:13:29.409162,85.57755476536883,358.3161459548918,1.0,85.51041748114176,86.89228007851449,84.82036724461832,64000000.0,89.27383136304832,69.903494436591,49.54070128700819,0.5108281784301236,3.255860810408746,0.23883253861561163,2023-07-13
2023-07-14 20:13:29.409162,88.00380853072102,363.3848738954693,1.0,87.07265394074719,89.04869779491321,86.73073098134132,92000000.0,89.39212803291535,70.1107467651967,57.23363336901645,0.5215417609464141,3.285213061417516,0.24217796296065985,2023-07-14
2023-07-17 20:13:29.409162,86.65350944408661,360.11207400677006,1.0,86.83645511159035,88.46408079159328,85.60879945742613,48000000.0,89.43739503519244,70.3117591715805,56.10086630302143,0.49328784461460207,3.298126916559849,0.24062928099005515,2023-07-17
2023-07-18 20:13:29.409162,84.22195729209446,361.35568163717403,1.0,84.71842761637733,84.9479863661947,83.99573603606444,99000000.0,89.50033614744923,70.49806345568004,52.875702878008596,0.5031745771133728,2.9227144119207753,0.23307218226240345,2023-07-18
2023-07-19 20:13:29.409162,84.02531885580107,359.3702596690176,1.0,83.05981150848459,84.91494361709073,82.20883723954951,46000000.0,89.52457602500144,70.67550117636173,52.51925832337212,0.49731665704584505,2.939466503034199,0.23381266700585893,2023-07-19
2023-07-20 20:13:29.409162,85.78773210296555,359.5723449089323,1.0,85.68655599666621,85.95683426293337,85.39554873963941,73000000.0,89.54513114180052,70.86413876812645,58.46687433948971,0.4878167371623211,2.573399765476591,0.23858267555223894,2023-07-20
2023-07-21 20:13:29.409162,83.70628715299347,362.01165683005013,1.0,82.19016535893564,83.97968608501995,81.80497965414666,71000000.0,89.53743561908766,71.03631594393536,54.32303516935931,0.49560591266935045,2.5474881490221333,0.2312253917069035,2023-07-21
2023-07-24 20:13:29.409162,85.12491674851935,360.6362975611852,1.0,83.60713867240314,85.41114953797528,81.38614498192734,82000000.0,89.55228536455975,71.21802558970937,56.51591534793464,0.4881416167223976,2.616545055410666,0.236040901385078,2023-07-24
2023-07-25 20:13:29.409162,84.09573269514196,356.5713064950865,1.0,83.92724236236906,84.62897428549611,83.84239146024278,89000000.0,89.43351624917342,71.39949418952034,52.17105204185995,0.48927240600608723,2.504651476676029,0.235845484937529,2023-07-25
2023-07-26 20:13:29.409162,88.21112693916547,353.41575613148257,1.0,89.41017169523734,91.66828326664228,86.64278491581732,50000000.0,89.43093313665906,71.60350709440375,56.232809163102644,0.5166396564634202,2.7453626769752595,0.2495959090922589,2023-07-26
2023-07-27 20:13:29.409162,90.3585407472576,353.02035591417643,1.0,90.93659171586837,91.76408156637613,89.58863234273947,65000000.0,89.42661658863341,71.81101724216437,54.84570062513495,0.5214025753680339,2.675928188799777,0.25595844328372064,2023-07-27
2023-07-28 20:13:29.409162,83.29183401014049,360.3887901323883,1.0,82.12345031560382,85.52930163436935,78.79365993684446,88000000.0,89.26157385614327,71.9895152222565,37.51162733566255,0.5902192455294668,2.7650288959039293,0.23111660598417436,2023-07-28
2023-07-31 20:13:29.409162,85.39180323709664,363.7558518626882,1.0,85.24568973426216,86.2416396146718,84.41225014651268,31000000.0,89.07100399076724,72.16988319279726,36.799190178532854,0.5954682707955257,2.7325398222488753,0.23475032167820803,2023-07-31
2023-08-01 20:13:29.409162,82.71558055190036,368.4467547581034,1.0,82.24073123789125,83.42361216869249,80.68491558764318,16000000.0,88.81952523358709,72.33308466371076,40.03213428188485,0.6079029897750036,2.639698024712151,0.22449805700203732,2023-08-01
2023-08-02 20:13:29.409162,82.81157219342113,368.72672841913885,1.0,82.67204622851483,84.12849384423433,81.39718379426003,39000000.0,88.55407735912378,72.48697766921634,45.52402679797881,0.600562526293407,2.6867978258605896,0.22458792870390346,2023-08-02
2023-08-03 20:13:29.409162,78.63027374077143,372.84818214486444,1.0,78.37851604008844,80.85454816059321,77.23996392623718,82000000.0,88.1720941332463,72.61355443986018,35.64681753126372,0.6261456983661604,2.7794133559165997,0.21089085988951087,2023-08-03
2023-08-04 20:13:29.409162,78.44381188385432,377.90498070528946,1.0,78.65776307038134,78.99492135281874,77.27947943021258,29000000.0,87.86780580346004,72.73826666283365,36.96431476308615,0.6060218543225728,2.697996255090815,0.2075754909010554,2023-08-04
2023-08-07 20:13:29.409162,78.32659719076226,379.3508237021175,1.0,76.56972263626011,79.26431725055426,76.35407551158326,11000000.0,87.51952748202369,72.85283590101349,39.89654942651815,0.5373034587176361,2.8378527842937253,0.2064753581562476,2023-08-07
2023-08-08 20:13:29.409162,77.54741776338679,378.89925277121,1.0,77.63218782744211,78.35277336941768,77.40642200212332,39000000.0,87.13719975869924,72.96073902451796,39.11552426594901,0.5209563858142018,2.7121559978475207,0.20466500579300984,2023-08-08
2023-08-09 20:13:29.409162,79.12011462776637,375.8322351411675,1.0,76.21808699892011,80.04035728454548,74.91065154778536,91000000.0,86.72781969321943,73.07385449664244,38.72487026779844,0.4954036649636341,3.0384717273808173,0.21051976714569953,2023-08-09
2023-08-10 20:13:29.409162,84.13255072867707,375.20782490042035,1.0,85.0751019856446,87.76778131399931,83.12195769354966,78000000.0,86.50123609713545,73.22304101183745,50.65581434348674,0.5289632378418316,3.214980098064843,0.22422920084623965,1691698409
2023-08-11 20:13:29.409162,86.74516843467379,379.2847732304945,1.0,86.74187466382716,86.99466553932085,85.35225128462936,61000000.0,86.30086959377724,73.38472711824191,52.404448854624476,0.5309887997459896,3.044795076539383,0.2287072262243389,2023-08-11
2023-08-14 20:13:29.409162,89.1589591126834,380.2744879553693,1.0,90.39677635993898,91.2110484608653,88.29852168967496,66000000.0,86.10072541715982,73.55510032546617,57.21722143882357,0.5367226590079291,3.1966482155348834,0.23445948107659406,2023-08-14
2023-08-15 20:13:29.409162,89.8692010014016,380.7281704813751,1.0,90.73479946351516,91.62672001087931,89.16697948078723,23000000.0,85.93799201006873,73.72884076654303,52.61755084221305,0.5250923047194883,3.013379799768249,0.23604557784041863,2023-08-15
2023-08-16 20:13:29.409162,91.44343705186847,379.07699493027684,1.0,92.32501456770206,92.41496627324096,91.29399761844294,93000000.0,85.82133613943687,73.9105923849022,51.74425877300713,0.5267539770020748,2.9380597591369173,0.24122655364166204,2023-08-16
2023-08-17 20:13:29.409162,94.52133977155064,380.76714208459816,1.0,94.02336315264016,95.36168034890794,93.56956097487617,44000000.0,85.75665202009833,74.09215338517258,70.71080425782924,0.5338070361676823,2.584951021744552,0.24823922372626905,2023-08-17
2023-08-18 20:13:29.409162,97.4505633252682,385.5382099862816,1.0,97.56343025509301,97.90848578235317,96.21658204564397,87000000.0,85.7388267259406,74.28718805394504,71.58011759017873,0.5290909222433667,2.5751306123552715,0.25276499397747304,2023-08-18
2023-08-21 20:13:29.409162,98.89812879166188,385.8247254220356,1.0,98.97067048869393,99.35189849858052,98.23580492372157,19000000.0,85.85409692061039,74.49308846751676,80.29207969493497,0.5286820713821655,2.459230397627389,0.2563291626359141,2023-08-21
2023-08-22 20:13:29.409162,95.94134300552192,388.85576420301555,1.0,96.02559040186699,96.51713993329741,95.85408649674322,42000000.0,85.96653910536023,74.66481588967405,72.19992841043202,0.5413116973725922,2.311497782383096,0.2467273262675166,2023-08-22
2023-08-23 20:13:29.409162,99.25774726805739,387.8212492342157,1.0,97.6412420053609,99.75767542581721,97.15891855127464,51000000.0,86.13162932641903,74.85769146660773,85.92790625608282,0.528866111097647,2.238938685253563,0.25593684581247106,2023-08-23
2023-08-24 20:13:29.409162,93.5486706965705,385.203403234483,1.0,94.13665193113323,95.25276122683222,93.54467236199923,48000000.0,86.1924859295346,75.02435058905161,72.06417768151665,0.5703359349194848,2.2384134668411937,0.2428552549407905,2023-08-24
2023-08-25 20:13:29.409162,90.39246746679885,388.1387034744246,1.0,88.72179578799653,91.2280023918225,88.13326665060862,57000000.0,86.20555976747481,75.16669216558,66.18782014703845,0.5051378291708388,2.2515916098585427,0.23288702378209244,2023-08-25
2023-08-28 20:13:29.409162,89.40497442063023,389.2737473044666,1.0,89.4946733248138,91.82914001633495,88.71163319043464,75000000.0,86.28630485196217,75.29577818199071,65.8199159845004,0.5018391131012269,2.4066741426161107,0.2296712147677994,2023-08-28
2023-08-29 20:13:29.409162,86.11100296884871,390.37116685616013,1.0,85.7050499223332,86.93668086604039,85.63226467719909,36000000.0,86.31571851145264,75.41126246150311,58.917416097658105,0.507152656433874,2.133439174907624,0.22058750819723832,2023-08-29
2023-08-30 20:13:29.409162,83.16738498349568,389.6155771173446,1.0,84.08741227208891,86.2261478202032,82.45981359707685,58000000.0,86.32105253871637,75.50598908219673,48.70025807919325,0.5236411126708228,2.0706185036702456,0.21346011265470344,2023-08-30
2023-08-31 20:13:29.409162,82.21564739869919,382.001101341991,1.0,81.50037641333219,83.41952170253037,79.66915039244175,74000000.0,86.25071431295248,75.59850777362598,43.61468214409708,0.49025858853641996,2.221186864770041,0.21522358734011782,2023-08-31
2023-09-01 20:13:29.409162,76.78595183338251,377.23684379443284,1.0,76.46221600593137,77.06899954249151,76.26170823164087,74000000.0,86.06906077642992,75.66586611691957,33.92454345546797,0.5476985405104644,2.070812903317205,0.20354838902009628,2023-09-01
2023-09-04 20:13:29.409162,78.25860963050121,374.8822309237646,1.0,77.48148416729944,80.26537938255888,75.83964887725548,87000000.0,85.96578342839264,75.73789073184989,35.20814550909931,0.5520982342432493,2.211240758689442,0.2087551854289294,2023-09-04
2023-09-05 20:13:29.409162,81.10967953264849,371.1469217637474,1.0,81.36011612106527,84.04745830501231,80.6177548149068,81000000.0,85.93374535285042,75.82227499111863,37.24964309020174,0.564817137326879,2.376150389782834,0.21853792871890942,2023-09-05
2023-09-06 20:13:29.409162,82.44375140373218,371.3454449576244,1.0,80.48126920293156,83.81033123706816,79.00074059113733,62000000.0,85.93760920314371,75.93396194232956,34.4278996659033,0.5634108709405128,2.5916840520613382,0.22201363319035766,2023-09-06
2023-09-07 20:13:29.409162,84.42038748476836,371.0116785371303,1.0,83.87425041087192,87.27773059669708,83.1666544964274,59000000.0,85.98020946175242,76.05232005594476,32.776613984748835,0.5230458810538511,2.764482078029945,0.2275410515853066,2023-09-07
2023-09-08 20:13:29.409162,80.04009975863897,368.26263800844777,1.0,79.0818415166128,81.10208780147413,77.36789457935893,90000000.0,85.980220736203,76.1453533322431,26.86682564711718,0.5417183876206616,2.951489195691105,0.2173451539680843,1694204009
2023-09-11 20:13:29.409162,82.6825758342784,361.8331724106425,1.0,83.15100782800117,83.25077270938243,82.28461218903614,88000000.0,86.02099969971692,76.26777521574054,33.60905387291268,0.5459878630137374,2.973139701676255,0.22851021448205527,2023-09-11
2023-09-12 20:13:29.409162,86.34456845866897,363.6079334259117,1.0,85.65783144175434,86.58115771593144,85.64565265599605,59000000.0,86.14067696474811,76.42328802152353,34.171529549854725,0.5705087878833233,2.854336000632885,0.23746612909440942,2023-09-12
2023-09-13 20:13:29.409162,86.68210557826514,366.38793462344205,1.0,86.80842972598936,87.08028276994604,85.65819981931543,86000000.0,86.2231370133557,76.57272600574352,40.30678695697114,0.5665625863562999,2.8339070067612866,0.23658558971750346,2023-09-13
2023-09-14 20:13:29.409162,93.92710960273213,366.5211290330623,1.0,94.1315335059551,94.48724357039737,91.85839871868883,88000000.0,86.43387395803316,76.7517898198616,54.47329638539996,0.6322133470838242,2.8006290860823335,0.2562665619047009,2023-09-14
2023-09-15 20:13:29.409162,94.43457685837522,366.2339004905811,1.0,96.15509130892939,97.9612279076804,93.65505848266498,60000000.0,86.588051643292,76.93582381152973,56.44354526394005,0.6222590333259981,2.885533557447698,0.25785318271158764,2023-09-15
2023-09-18 20:13:29.409162,90.95789081504896,367.45072424431044,1.0,91.46436531456253,93.5516233901612,90.05612024737604,69000000.0,86.54957228987963,77.09800302337896,56.18053040291572,0.6319281092895679,3.0420397684436873,0.24753765556486676,2023-09-18
2023-09-19 20:13:29.409162,93.41325748755284,370.1383631012405,1.0,94.67785607745134,96.32404448927565,91.68814900538469,40000000.0,86.50954447604839,77.28190817430935,63.22980592468347,0.6325858352393644,3.104151287069731,0.2523738871725717,2023-09-19
2023-09-20 20:13:29.409162,91.74115763919004,368.73129714936556,1.0,91.85542305119633,92.70221600472912,90.64365390780029,69000000.0,86.55091597634814,77.45802879300572,62.07501774958901,0.6212355707640487,2.983307771844032,0.24880219918524452,2023-09-20
2023-09-21 20:13:29.409162,92.21933723913159,367.8368820482455,1.0,91.73329451134985,92.23276259863835,89.56294356490349,74000000.0,86.68375162582338,77.64169536098235,72.37271617676788,0.5874834282709714,3.1163454663357615,0.25070715238129954,2023-09-21
2023-09-22 20:13:29.409162,91.73172961548545,362.73426617670003,1.0,93.83655841149286,95.4156517160835,90.71533326516217,29000000.0,86.75831004751866,77.82998201882991,70.10524381048712,0.5743901066711949,3.135958891022757,0.2528896169153202,2023-09-22
2023-09-25 20:13:29.409162,92.14931534068243,366.37234464778766,1.0,92.11242989482987,93.30113687513058,90.53991149324989,27000000.0,86.86822616545058,78.0387389599856,67.76403375152339,0.5726260709695074,3.088210454720984,0.251518207328859,2023-09-25
2023-09-26 20:13:29.409162,94.11363530139222,365.89386391205267,1.0,94.34844390996066,94.74571789328384,93.49687320641415,13000000.0,87.06605972563655,78.24787328640086,68.40487210294826,0.5571313822457052,2.8338714576451887,0.25721566985341315,2023-09-26
2023-09-27 20:13:29.409162,99.94439937471653,369.06469004071766,1.0,101.31749917095263,102.48263034669331,99.7973257916386,16000000.0,87.38444133601485,78.479977900027,71.8295250475379,0.5716904791345213,2.7320306329869766,0.27080455560159383,2023-09-27
2023-09-28 20:13:29.409162,105.56015788735289,367.0711154376587,1.0,106.42513999551882,106.77000023135933,103.83087414607073,92000000.0,87.77988985170259,78.74574674638033,84.6807348251577,0.5884495957462867,2.6752401232136487,0.2875741333160839,2023-09-28
2023-09-29 20:13:29.409162,103.23709099297595,365.6582058841255,1.0,102.19711648475264,105.89246153842372,99.90653631540705,98000000.0,88.17050592850224,78.99439287172775,78.17737705192751,0.5273645688466666,3.033794744832961,0.28233221443330897,2023-09-29
2023-10-02 20:13:29.409162,99.68986998378941,364.82218704887623,1.0,99.13767047533622,99.77919855830052,98.99222821861524,35000000.0,88.46180499320764,79.22068359376958,68.35229890723282,0.5557901400159672,3.0231851219579533,0.27325605054397,2023-10-02
2023-10-03 20:13:29.409162,100.5362802931439,365.48577968823525,1.0,100.29158395924006,100.55535361329032,98.14819852305173,96000000.0,88.79061594516769,79.44598549764375,68.7891240296209,0.548806016375688,3.0935474176442375,0.2750757645862524,2023-10-03
2023-10-04 20:13:29.409162,106.98516331520852,359.4758476026789,1.0,105.73901946167251,109.15619956887652,103.12192332835563,82000000.0,89.16609667268854,79.71199299960797,68.1002785048336,0.579912377146738,3.336792516845119,0.29761432938731663,2023-10-04
2023-10-05 20:13:29.409162,102.24673804245145,362.8296252730576,1.0,102.0876959463609,104.20668801436894,100.95421209008624,84000000.0,89.40386061859243,79.95050136715786,59.69193660166831,0.6135795395887431,3.2615286953642104,0.2818037197637949,2023-10-05
2023-10-06 20:13:29.409162,101.99902616457301,366.47713318342323,1.0,102.79091539012538,103.50494361545731,101.10164548758479,93000000.0,89.77800446168108,80.18353919071839,64.8909126622039,0.5706839260007016,3.1835140514418794,0.27832303008526893,2023-10-06
2023-10-09 20:13:29.409162,100.45080210622565,363.41013537856605,1.0,101.90309649259224,103.36601160982092,100.03354162251453,95000000.0,90.07918443906367,80.41101261978986,59.72943435282654,0.5736731160364813,3.0904122302572667,0.2764116691505744,2023-10-09
2023-10-10 20:13:29.409162,104.67559655663456,359.74957633139815,1.0,106.0021171555373,108.00070763692504,103.76487257440262,55000000.0,90.51838475915834,80.6541634153864,66.7029815104735,0.5719763344254066,3.2459317277996655,0.29096794949442367,2023-10-10
2023-10-11 20:13:29.409162,105.07842287687845,359.35293351226676,1.0,105.57666235264429,105.88572286657393,103.27055614481785,91000000.0,90.96372177282748,80.90157714171356,66.63805382244452,0.571985361453736,3.2420279912297536,0.2924100879039896,2023-10-11
2023-10-12 20:13:29.409162,108.80728013891627,359.84358663187834,1.0,108.57702320325492,111.4082169722331,108.12247793913505,94000000.0,91.56726190079038,81.16939216181504,70.38392286665801,0.5126292120032409,3.1409866042423764,0.30237382068511515,2023-10-12
2023-10-13 20:13:29.409162,109.56976646607642,362.71810465196074,1.0,108.36896250044981,111.03148993581866,107.47488857050222,21000000.0,92.18978099243482,81.44930730826714,70.62580454931496,0.5125584393093394,3.197799174487787,0.3020796730596395,2023-10-13
2023-10-16 20:13:29.409162,112.17335794322221,364.1414328389676,1.0,111.96405707139824,112.45984945636856,108.10088805328449,89000000.0,92.86671620748402,81.74363764468495,71.06383849760923,0.48684710664255415,3.4199503685030996,0.3080488728477873,2023-10-16
2023-10-17 20:13:29.409162,114.28765266788427,363.93323195988665,1.0,114.3104104869992,116.63581931398286,113.93669881910235,59000000.0,93.60152090557398,82.03895696063611,68.31713737287104,0.48414398148196,3.4209372213478,0.3140346707345518,2023-10-17
2023-10-18 20:13:29.409162,116.69815296640422,362.2379375014294,1.0,115.53359347552642,116.82026925859404,115.26507183381447,52000000.0,94.35308167234675,82.35645675519312,65.49211923247547,0.4733960402801808,3.3220851741685826,0.3221588378383027,2023-10-18
2023-10-19 20:13:29.409162,115.51741795199275,367.0748287679976,1.0,114.5141843607018,115.99487765512559,113.57390353122335,16000000.0,94.98077901681305,82.6592543066335,67.6416327680309,0.47962172524721525,3.067445809946124,0.3146971922310785,2023-10-19
2023-10-20 20:13:29.409162,122.16281807973843,374.2597410665873,1.0,122.21127898352744,124.46943689088313,120.04399162926553,83000000.0,95.68913200971433,82.99019262129038,79.64523226064821,0.5013551208247824,3.3273368757984323,0.3264118596662085,2023-10-20
2023-10-23 20:13:29.409162,121.33452567320977,374.65977338356026,1.0,122.20725033325317,122.78387118430517,121.15034174541627,89000000.0,96.33264334092486,83.31476677820075,77.4491658322977,0.5060476743006869,3.2720779007020258,0.32385255715454886,2023-10-23
2023-10-24 20:13:29.409162,121.08792643210072,382.61672371516374,1.0,119.91048998064382,123.35081196204182,118.34066349086108,86000000.0,96.95701784953884,83.63968041521971,72.25622472172338,0.508552073305445,3.19892591717773,0.31647316734185343,2023-10-24
2023-10-25 20:13:29.409162,117.05880332210914,378.53236711311166,1.0,114.22546954858555,117.49952292963201,111.62098665554255,76000000.0,97.46932517494365,83.93035503539014,73.91091667506066,0.49963266364057984,3.3865016564496417,0.3092438414576317,2023-10-25
2023-10-26 20:13:29.409162,121.80332095702681,373.49782000476745,1.0,122.6942475935127,123.60439800509975,119.9495004910922,81000000.0,98.01496479865317,84.24250322259203,77.91677392474429,0.4825691009237065,3.4759016126021445,0.326115212547886,2023-10-26
2023-10-27 20:13:29.409162,124.0073420473379,374.0648041359425,1.0,125.65902807907302,126.24872091511463,121.55369237297953,99000000.0,98.54610037309457,84.55856426364063,82.6032693824172,0.4707690028488399,3.573227223661339,0.33151299100107584,2023-10-27
2023-10-30 20:13:29.409162,130.11006125555804,375.66347688003486,1.0,129.17725517116506,130.67476364959114,124.86769077342275,40000000.0,99.1703390223725,84.89672741089927,83.46290999577096,0.4605700482525746,3.6854584960646224,0.3463473807359443,2023-10-30
2023-10-31 20:13:29.409162,129.39220659703193,378.29799502784465,1.0,129.49693454008516,130.4404528533854,128.98659847780021,44000000.0,99.8393562942027,85.23551462992144,81.72549965735129,0.46537094467446877,3.602507614195273,0.34203778052671946,2023-10-31
2023-11-01 20:13:29.409162,132.03440148753606,380.1762254755355,1.0,133.402715209872,135.72215642252243,131.40494012337416,39000000.0,100.49488937859228,85.57590155927659,81.19214029549933,0.4259750403408882,3.6761845617702886,0.34729789145121737,2023-11-01
2023-11-02 20:13:29.409162,135.16084033597016,382.7494140407155,1.0,136.3217147545214,136.6016489132569,132.41751393961673,12000000.0,101.32713277138026,85.935969568595,82.314995379403,0.37434310461241066,3.7210083909362694,0.35313141020665867,2023-11-02
2023-11-03 20:13:29.409162,135.32849627295445,382.909333123923,1.0,134.94752690932557,135.87312823849524,130.15776761106096,86000000.0,102.22585334750337,86.30165648174429,81.15570773706844,0.37239189641064846,3.8178940498184275,0.35342177525131613,2023-11-03
2023-11-06 20:13:29.409162,126.63998577275699,384.5202746777349,1.0,127.30744445406853,129.07347797028228,126.06827463291762,89000000.0,102.9705535745459,86.62041103458323,64.12193499494012,0.4555739534639948,3.8397571099958663,0.3293454054637132,2023-11-06
2023-11-07 20:13:29.409162,123.6262288050741,385.63931699437546,1.0,123.53924327496566,124.65047432876341,120.85891606909522,39000000.0,103.7208580912704,86.9271865970671,57.81282874937847,0.4579976033648592,3.9994971696307684,0.3205747530324487,2023-11-07
2023-11-08 20:13:29.409162,127.13376032864556,387.8402630407851,1.0,126.69529366485227,128.08886571437623,124.23020317721897,76000000.0,104.60018559817341,87.25162767881065,62.44662801963936,0.46276354431703204,4.102189199148984,0.32779928347788956,2023-11-08
2023-11-09 20:13:29.409162,125.0647234833767,393.21373067362384,1.0,125.67363191794786,127.54576466375363,122.10828245379247,61000000.0,105.45716711986695,87.57183731237858,53.44740539971574,0.4613930138067278,4.174477552602096,0.3180578747062706,2023-11-09
2023-11-10 20:13:29.409162,125.12426260009512,394.44048063613224,1.0,123.96991714381228,125.81780663165455,123.83368434768255,48000000.0,106.42393333520124,87.90962588720573,54.58589402836494,0.46204675354645325,4.19951989867946,0.317219628163675,2023-11-10
2023-11-13 20:13:29.409162,123.78707688625188,404.88088536279474,1.0,124.56612325270996,126.2572941568917,121.97523601229315,81000000.0,107.33450268031623,88.23316653370046,53.18220346367168,0.4617144972993977,4.147513446780732,0.30573702380474715,2023-11-13
2023-11-14 20:13:29.409162,121.53603714504813,403.0074846754691,1.0,122.5862049131945,127.41673868706383,118.37760711823489,55000000.0,108.14302983256422,88.53874271072873,55.50949193742456,0.46603756283470926,4.373270253547838,0.3015726550163647,2023-11-14
2023-11-15 20:13:29.409162,121.61541519715709,404.0084415747033,1.0,123.36890796661098,124.48973926728215,120.5007349572065,12000000.0,108.92646310843273,88.84617362342567,49.73877933226919,0.461422763100283,4.397135024695558,0.30102196558848326,2023-11-15
2023-11-16 20:13:29.409162,117.45751360327563,405.7340802968904,1.0,116.26569256013822,117.47611107856034,113.53157236437768,32000000.0,109.58720563080287,89.13850030708818,41.36379218503069,0.47775221425335357,4.34352860841324,0.289493831815478,2023-11-16
2023-11-17 20:13:29.409162,120.97920579919932,407.18751769363274,1.0,120.56551804908162,121.51661634409264,117.75843685444649,77000000.0,110.40598775161406,89.46896692803526,37.08131199293011,0.4435056434873883,4.197179080804509,0.29710931829257076,2023-11-17
2023-11-20 20:13:29.409162,116.85095263746791,400.7040648549455,1.0,117.25896134867703,117.3997693722492,116.65661126681196,89000000.0,111.08935528767786,89.7710249887546,33.81778488777931,0.45929622614577725,4.146415061508226,0.2916140935075561,2023-11-20
2023-11-21 20:13:29.409162,119.32695871509165,406.3014170313474,1.0,120.83176074468602,121.1902185083545,118.36116206631992,63000000.0,111.74900309280632,90.09904755307508,33.53272463536089,0.46627032842859695,4.040117928857248,0.29369072740862534,1700597609
2023-11-22 20:13:29.409162,114.52345892979477,411.72249201686714,1.0,116.10238152511371,117.8755692289857,113.98018728541767,95000000.0,112.3058301598369,90.39368985535557,24.37049755202527,0.47341750068623845,4.019492712423523,0.2781569167348357,2023-11-22
2023-11-23 20:13:29.409162,111.18155883957863,415.2004670718429,1.0,112.01853716840455,112.03303322061073,111.00191743293954,49000000.0,112.65091914457385,90.66424710343699,22.203512362680584,0.45735087721131756,3.6849037952975894,0.26777801967246023,2023-11-23
2023-11-24 20:13:29.409162,113.33197596228453,412.6510495687365,1.0,113.19352386765117,114.06970942084328,113.04124765855043,13000000.0,113.02886712665205,90.95157077979184,31.96606764611242,0.4581758724311573,3.5437079685067454,0.2746436149398585,1700856809
2023-11-27 20:13:29.409162,109.7893799258967,409.4437655834899,1.0,110.24954334238654,110.40809877135288,109.13281434042759,60000000.0,113.405496908869,91.201658981978,31.514378558112995,0.42158396104276197,3.3639741235965386,0.2681427564770417,2023-11-27
2023-11-28 20:13:29.409162,113.60096765450302,411.2745346976338,1.0,114.97347491989748,115.61964629786972,112.41227072219161,15000000.0,113.80925111220799,91.46671393196739,32.06628578837548,0.4482226553503672,3.3174536263480285,0.2762168772205205,2023-11-28
2023-11-29 20:13:29.409162,117.32550154783277,407.82809333889827,1.0,118.74964539521102,119.1498524384675,115.2378849394389,22000000.0,114.32093799038084,91.75002304197542,40.17504414094185,0.45992494633290065,3.2084882898528457,0.28768371640925006,2023-11-29
2023-11-30 20:13:29.409162,119.44425876205378,405.2654921198945,1.0,118.40032105776487,119.53646409253103,115.82182757458324,85000000.0,114.86543642083929,92.04205291579295,43.14749871051091,0.4556105597284069,3.332096449422546,0.29473088897170935,2023-11-30
2023-12-01 20:13:29.409162,114.213579576758,407.52414194867777,1.0,115.9226750972402,116.0859844564025,112.04822580399204,94000000.0,115.31507342006475,92.31915431729598,39.44213878524161,0.4740908138611367,3.314646485694825,0.2802621190259243,2023-12-01
2023-12-04 20:13:29.409162,114.97059405423823,410.66959772570084,1.0,114.64247882273966,117.08147867135902,114.47791313460395,60000000.0,115.77149899433586,92.58463086008715,42.512760407501155,0.4270973857085923,2.854963197689549,0.27995886398931996,2023-12-04
2023-12-05 20:13:29.409162,115.38220320376205,411.88726631988544,1.0,116.86831097174807,117.51862672327066,113.29283890879763,93000000.0,116.19687035238324,92.85438857682146,42.94509595474982,0.4216929745050392,2.8718763051465044,0.2801305421133179,2023-12-05
2023-12-06 20:13:29.409162,111.19784252739346,411.03178159834846,1.0,111.58869947353898,112.73371753788733,111.01936563591268,20000000.0,116.42193921543678,93.08728892140263,42.919389775706854,0.42010967888224043,2.712577247131647,0.2705334417085383,2023-12-06
2023-12-07 20:13:29.409162,115.03812054295592,414.04095134024186,1.0,115.1964549773926,117.5869427941266,112.35483283310325,92000000.0,116.61149846854886,93.33759514724625,43.32784582526721,0.4423020642060902,2.8178579950871616,0.27784237324974725,1701980009
2023-12-08 20:13:29.409162,118.38776574212947,413.1086947662982,1.0,119.48046849475556,122.78196173101696,116.39572617402439,61000000.0,116.91451196353191,93.60085957421565,51.756643528307634,0.4574010432188843,3.220934955912543,0.28657776329085305,2023-12-08
2023-12-11 20:13:29.409162,117.38866462478875,414.62584423730186,1.0,118.30811960605828,120.05654993618099,117.11399143686518,17000000.0,117.26848785635191,93.8565257883782,47.70702808210039,0.45692815752579136,3.2290422457183445,0.2831195070358517,2023-12-11
2023-12-12 20:13:29.409162,117.27961897373214,421.0008501322677,1.0,119.15983412836118,120.71148103611655,115.96756698897059,58000000.0,117.60335462996368,94.12587046795754,53.667884126419445,0.45303809906202663,3.2896516816881975,0.2785733542744293,2023-12-12
2023-12-13 20:13:29.409162,117.32739970654329,427.45081915467466,1.0,115.59040413386285,117.71378197284993,115.30438652588461,21000000.0,117.81019935779037,94.39596777393497,58.964856954358886,0.45302422605986514,3.3881002287806345,0.274481634959946,2023-12-13
2023-12-14 20:13:29.409162,114.79638605725076,428.5229821382685,1.0,113.48418704890497,114.91750533496457,112.71445640321144,86000000.0,118.06119231808636,94.66482688722915,52.11265794299309,0.44301746124075153,3.4719993123135118,0.26788851670086206,2023-12-14
2023-12-15 20:13:29.409162,121.68612210837884,431.2978297361529,1.0,122.06192440444694,122.70692673536058,121.06087918377183,91000000.0,118.45493423696247,94.96629797051091,65.65148993584526,0.48180278260298987,3.4984823923609016,0.28213942598046576,2023-12-15
2023-12-18 20:13:29.409162,128.56454212165153,432.02809837187016,1.0,127.1732583242296,129.83958121497747,125.11489848807696,31000000.0,119.01720903727099,95.29064053179684,68.21628307103342,0.5018643152561089,3.606861474591073,0.2975837511637704,1702930409
2023-12-19 20:13:29.409162,127.52415162005776,427.8586168171849,1.0,126.18036733898707,129.29876759173754,125.18590082214402,58000000.0,119.47418013853945,95.57389681889161,63.28370168108158,0.500298742730631,3.621211422488567,0.2980520821777587,2023-12-19
2023-12-20 20:13:29.409162,127.8416512993132,427.7398652740704,1.0,129.77112596453017,129.86770964754345,125.96664051323152,23000000.0,119.92944470698814,95.8546735970036,61.47605746646455,0.4726226840324719,3.6345280379431477,0.298877101897902,1703103209
2023-12-21 20:13:29.409162,124.30408194895364,431.64951739970525,1.0,126.52314370137496,127.44081963192939,123.60438020035362,78000000.0,120.2393807431889,96.09677844490268,64.45901486849895,0.4711633796419954,3.6201480935978125,0.2879745648686749,2023-12-21
2023-12-22 20:13:29.409162,119.17599429448387,438.6672090903381,1.0,120.18266858156561,124.09680830364746,116.56790653616792,60000000.0,120.43150529975705,96.31254773180166,55.355214290429934,0.4968202278450549,3.971957824363846,0.27167746260683245,2023-12-22
2023-12-25 20:13:29.409162,122.72621017079959,439.90332988640944,1.0,124.89078882350624,128.5439364243295,121.66198714798794,61000000.0,120.64256234430859,96.55336612514347,58.65974341188085,0.488205449390353,4.161683643068741,0.2789844991682368,2023-12-25
2023-12-26 20:13:29.409162,121.30199706191685,437.3727801924079,1.0,119.06231229632156,122.24785348775892,115.56851089034981,58000000.0,120.78284923218924,96.79607232503194,62.74393386093344,0.4797223508661078,4.5163258355997735,0.2773423554354571,2023-12-26
2023-12-27 20:13:29.409162,124.22336972559481,440.1096154240379,1.0,123.85785173331806,127.92886897118242,123.30495002933903,31000000.0,120.93335356737305,97.05654851365043,61.859864087790285,0.4736844407498632,4.472883619944063,0.2822555231062329,2023-12-27
2023-12-28 20:13:29.409162,125.74512214561288,445.33834313094144,1.0,125.6546681055196,126.15125269655287,123.2647724175811,32000000.0,121.13790765124544,97.32686960069685,59.970344789816686,0.4717255849579867,4.222901100085434,0.2823586248189737,2023-12-28
2023-12-29 20:13:29.409162,126.59141391249709,450.49503848657616,1.0,126.38645389368472,126.63917069060952,124.0949225381208,30000000.0,121.22647956790063,97.60599280370084,62.523000066622906,0.4381674040411159,4.194450361026356,0.2810051234698987,2023-12-29
2024-01-01 20:13:29.409162,122.20681428922104,460.5699101593165,1.0,121.7659001147226,122.65965644460873,120.66698373954047,84000000.0,121.24392534022085,97.84526504573718,56.005999843205885,0.46068201670985504,3.99793312230652,0.26533825070541034,1704140009
2024-01-02 20:13:29.409162,119.5990117182272,467.3617224948853,1.0,119.62701061077418,121.48551011318771,117.28400853200817,12000000.0,121.21414704594339,98.06273856237775,52.60631707908043,0.46900774204266926,4.125940703321822,0.25590245405588613,2024-01-02
2024-01-03 20:13:29.409162,123.08285977724289,465.952965030121,1.0,122.18915526878773,125.09975930629544,120.91249666280193,67000000.0,121.33462817504608,98.3115841915076,59.30399606906104,0.455098257551097,4.267670254160421,0.2641529703953839,1704312809
2024-01-04 20:13:29.409162,125.39654582639372,465.30664634969145,1.0,125.27313311759957,125.58017704437614,123.55452627050518,60000000.0,121.4064926724334,98.5678621675004,54.6431662270985,0.4450889701007337,4.2947847700377215,0.26949227312810525,1704399209
2024-01-05 20:13:29.409162,126.28269142016781,466.15462973558493,1.0,126.77060138248261,128.8412270510996,125.76932199828595,94000000.0,121.45199965988999,98.81177767350172,46.64072844870078,0.43582377712544823,4.176729221888659,0.27090300806794226,2024-01-05
2024-01-08 20:13:29.409162,120.8605503449252,476.5127606573805,1.0,122.48699090072225,123.19569716040216,116.32132500367214,14000000.0,121.26700944167733,99.0161299255174,41.311041740201055,0.4646962696419725,4.373979606684124,0.2536354958851263,2024-01-08
2024-01-09 20:13:29.409162,118.42686164326845,476.8797888956393,1.0,119.67443730289412,121.88470921783448,118.3235418349896,97000000.0,121.04770254260207,99.20199577096506,38.36571858745473,0.4711829292454695,4.349700910150764,0.24833692767211207,2024-01-09
2024-01-10 20:13:29.409162,122.12220802245437,471.24941294112574,1.0,123.36584111278461,124.25837497785137,120.03379811977777,40000000.0,120.84945867330043,99.40070357578567,47.31423270178336,0.48327948660673603,4.377425012043466,0.25914559184333963,2024-01-10
2024-01-11 20:13:29.409162,119.53891405081252,467.17303307073195,1.0,119.74608908889854,120.26279466715681,117.6249587326299,14000000.0,120.53702014759729,99.57524282882986,50.4765929032756,0.48300563475074076,4.028063166832564,0.2558771709597241,2024-01-11
2024-01-12 20:13:29.409162,122.42968602868855,464.81514564182424,1.0,119.97805464357708,122.4437728279202,118.72880529418663,76000000.0,120.27904394271197,99.77153121678087,49.603735791820114,0.44132294445736636,3.8018501852177073,0.26339435617924123,2024-01-12
2024-01-15 20:13:29.409162,127.26167699236066,463.24720474558353,1.0,127.97000435241155,129.71739129206253,126.40412543299007,64000000.0,120.29147776710404,99.96594414202251,57.29946241385339,0.41612295869825416,3.561416132479376,0.2747165567081038,2024-01-15
2024-01-16 20:13:29.409162,121.70078685821244,466.11967047919416,1.0,122.82902821611574,124.94434685350063,120.42349713633065,75000000.0,120.25296892816681,100.13835722513329,47.097960979019305,0.44339823439873094,3.554054045002703,0.26109343708472543,2024-01-16
2024-01-17 20:13:29.409162,132.30691325363034,464.3314279332148,1.0,131.3881971347578,132.3367394567463,130.56109543463086,76000000.0,120.35643198666651,100.37394257562107,56.243780000199095,0.5448908464262948,3.4747085980843937,0.28494068093245706,1705522409
2024-01-18 20:13:29.409162,125.24112012976003,464.49619189638037,1.0,125.54633768341422,128.01200014661336,124.31976185156073,83000000.0,120.35995991959416,100.58091610886848,48.85112912286352,0.5706913003877531,3.556707893981816,0.2696278727677896,2024-01-18
2024-01-19 20:13:29.409162,125.78968005352257,464.2619564498363,1.0,125.01449056256392,128.91271643419174,124.32293543322983,59000000.0,120.3732682686627,100.77724995796954,53.261296400286085,0.54845001514355,3.7422156294027906,0.27094548305319566,2024-01-19
2024-01-22 20:13:29.409162,125.60476770725589,464.0888187935842,1.0,125.44243309330564,127.18808563404359,125.19467669363284,70000000.0,120.40962208508279,100.95372747683112,55.718983868735435,0.5395519577722068,3.584494726490734,0.2706481229902717,2024-01-22
2024-01-23 20:13:29.409162,119.20563995055755,467.0297796059431,1.0,118.66390349797479,119.3695702744279,118.28042146768165,36000000.0,120.36301414119299,101.094368769861,46.5021231285737,0.5696545752358276,3.363200881008787,0.25524205341067857,1706040809
2024-01-24 20:13:29.409162,113.8776920318003,474.09144369004144,1.0,116.12208973048473,118.5003588641921,113.81540056664986,66000000.0,120.20825967788583,101.2137149505697,40.1441674095601,0.5828297486043765,3.553151418413878,0.24020195586202764,2024-01-24
2024-01-25 20:13:29.409162,112.65885839595693,475.76244135474406,1.0,114.84609516834739,115.05095903425571,111.33791141338524,28000000.0,120.11228657373948,101.32731893156206,38.40908075453586,0.5801858442183171,3.598947316132222,0.23679645260596516,2024-01-25
2024-01-26 20:13:29.409162,115.97386423392308,477.3431629319148,1.0,116.16651296205437,117.99510195986899,115.5814275822391,74000000.0,120.01217974243396,101.42647938001036,45.68788501886653,0.5916731645235983,3.2803260461964987,0.2429570029276084,2024-01-26
2024-01-29 20:13:29.409162,122.37071904024519,488.8596090069348,1.0,121.85027794983147,123.10292861456627,121.39628857940163,60000000.0,120.12257507048949,101.57149295782732,53.252641473639095,0.6148342722158846,3.147859807076481,0.25031873524758574,2024-01-29
2024-01-30 20:13:29.409162,123.61076185972351,485.616442004868,1.0,120.94626324332394,123.82771720840314,120.69001930958736,58000000.0,120.20825113338213,101.74304365528445,51.279482514679565,0.6099513041419433,3.0702255957009226,0.25454402109903107,2024-01-30
2024-01-31 20:13:29.409162,122.86887732422286,490.58398964821293,1.0,122.41434006108268,124.18037779618363,121.42718221120376,31000000.0,120.3751595012707,101.92483036412428,52.95582960385539,0.602190570717319,3.078465570733278,0.25045431550330344,2024-01-31
2024-02-01 20:13:29.409162,124.11968947131409,499.8031034848498,1.0,125.45726675413127,128.10811632531673,121.28667391040645,77000000.0,120.63392211390538,102.12039552548775,51.545109774039766,0.5995058062145349,3.3003566336744714,0.24833717239027997,1706818409
2024-02-02 20:13:29.409162,120.30108436390871,494.89982357437475,1.0,121.499912401529,124.69778568005347,120.0895257624447,60000000.0,120.77330428193787,102.29302255439241,43.51603054302583,0.6086954673586892,3.3928562092842083,0.24308168771417954,2024-02-02
2024-02-05 20:13:29.409162,119.33754305963029,491.86129473018474,1.0,120.04384281707883,123.79329289383924,115.51329696185667,84000000.0,120.96426754461255,102.45835089291396,47.59236164504884,0.5896651608499708,3.6613666531993934,0.24262438280510373,1707164009
2024-02-06 20:13:29.409162,121.10619864310392,498.6839396991742,1.0,119.7413829719771,122.86611419250752,118.54873317765563,54000000.0,121.11437216438459,102.6380644614154,36.082810575513726,0.5868699008835134,3.842919295537711,0.242851612017343,1707250409
2024-02-07 20:13:29.409162,120.72556312581722,496.40544549026646,1.0,121.29947525318451,123.02074974311927,120.26621654869193,12000000.0,121.18237339594425,102.82479235127518,43.27149368686413,0.5765909051127792,3.7759403597787613,0.24319951407177787,2024-02-07
2024-02-08 20:13:29.409162,119.28056739054472,490.8419218403027,1.0,118.62329957935582,121.0410901066297,115.75064795814015,16000000.0,121.17909956851409,103.00052974455626,40.553320491420294,0.5730230508193503,3.825987584602164,0.2430121839294589,2024-02-08
2024-02-09 20:13:29.409162,120.59526411080677,491.10188560146895,1.0,120.86947912108323,122.24785043726288,120.03281355688067,22000000.0,121.30673325919506,103.19306118992344,42.9605497704529,0.567689715190419,3.8418181517429835,0.24556058049565357,2024-02-09
2024-02-12 20:13:29.409162,122.16253491341836,489.42643431502523,1.0,120.98225572798721,126.10548859196683,120.7317992934434,53000000.0,121.45057207637866,103.38192306783938,54.80799330141053,0.5507081893624016,4.147856758298496,0.24960346713677292,2024-02-12
2024-02-13 20:13:29.409162,129.72192804901837,488.85661130914235,1.0,129.0577733343484,197.50618385070854,63.65231437452135,24000000.0,121.73736657328378,103.6251581996882,74.0200822220977,0.5705136698589781,4.125085485957121,0.2653578269129412,2024-02-13
2024-02-14 20:13:29.409162,127.38662399579022,495.3039860667253,1.0,124.01323860742846,127.59809822327115,117.95122818207399,53000000.0,122.06114220265174,103.8480246947762,71.5964220724596,0.4819985360933813,4.548929944551885,0.25718877210616514,2024-02-14
2024-02-15 20:13:29.409162,120.65808606274018,500.7738663891259,1.0,119.73044688645676,122.82754882164862,119.14336831783203,18000000.0,122.1735415130474,104.02751524377483,56.24375927386888,0.4811664022474494,4.639680382136649,0.24094325634992886,2024-02-15
2024-02-16 20:13:29.409162,119.50224901062805,494.4937149332697,1.0,120.99153213803648,121.97614106482605,118.46491177949488,92000000.0,122.1958311784174,104.2045711723848,45.55554517287529,0.4814834226656988,4.768579614291402,0.2416658602561905,2024-02-16
2024-02-19 20:13:29.409162,120.23636632713557,490.7450599200933,1.0,121.42788559055208,122.09281089502886,118.18877619606145,49000000.0,122.25278521246432,104.38384085664592,44.68838142255335,0.48237823402794466,4.823317957159374,0.24500779762655855,2024-02-19
2024-02-20 20:13:29.409162,123.76642544396013,486.2836956337409,1.0,125.36340020636257,128.8044295446247,122.69365695757192,38000000.0,122.38252134186887,104.5525020415434,51.29881936065214,0.45731186568505644,5.0631448858788675,0.254514857387237,2024-02-20
2024-02-21 20:13:29.409162,122.00577085026143,481.1801310766831,1.0,122.2931118540672,122.69308752813241,121.83726012146717,98000000.0,122.47608876474324,104.72082948297029,46.985482438968894,0.4276342582449187,4.637029528147079,0.2535552965939444,2024-02-21
2024-02-22 20:13:29.409162,125.26739885061899,482.0589261437751,1.0,125.72623927051029,128.1346194025701,123.36081847455773,25000000.0,122.6855090206106,104.8942946364807,57.19644608237373,0.4314308856370525,4.64885388603305,0.259859100323469,2024-02-22
2024-02-23 20:13:29.409162,127.15902348417434,479.67209146426313,1.0,126.82811115840859,128.2187417163452,123.19583979404516,81000000.0,122.79496704812652,105.07236990072832,61.03687223690323,0.42389902474116065,4.4162043139128695,0.2650957304937305,1708719209
2024-02-26 20:13:29.409162,126.54598582763634,477.58664300902956,1.0,125.13562792190604,128.67989279637618,124.74064979616394,85000000.0,122.75459592224621,105.23049834733702,57.934856396490446,0.3809695484629463,4.389194455724323,0.26496969226428674,2024-02-26
2024-02-27 20:13:29.409162,,,,,128.24383572378113,124.00131542044838,24000000.0,122.73909490445162,105.38779625893412,58.83209621601765,0.37974105196561914,4.495479249217567,0.26489810443766787,2024-02-27
2024-02-28 20:13:29.409162,120.99413209280863,472.6132001278579,1.0,121.31938462870126,121.42604730887118,119.6109288531483,70000000.0,122.60214452032153,105.51234708981524,52.230608945785306,0.4142859002756934,4.247241842591377,0.25601090291188566,2024-02-28
2024-02-29 20:13:29.409162,119.17659098700204,478.4636046721682,1.0,119.52306111392748,120.9157790530339,116.92883319971543,25000000.0,122.49959470108247,105.619582869577,48.17712604878466,0.4153703044813381,4.373806769229681,0.24908183156095853,1709237609
2024-03-01 20:13:29.409162,,,,,123.60796030071452,117.03430653015852,39000000.0,122.51115338745413,105.7500613707765,46.82435935003682,0.4013223693275566,4.4595185172320075,0.24955874343360002,2024-03-01
2024-03-04 20:13:29.409162,117.08884302854815,485.14157209588967,1.0,115.9597815221242,124.01781340921133,114.35423748614842,75000000.0,122.3984060446091,105.85680301960636,30.875680345855685,0.4082543118333716,4.83790533425343,0.24134984458805603,2024-03-04
2024-03-05 20:13:29.409162,119.8216702359995,485.18442080217716,1.0,121.47232721853159,122.29257331942466,119.41006570405726,33000000.0,122.36879950809076,105.97259235113832,38.68415348348527,0.4136171532975041,4.3547365895513055,0.24696108345336598,2024-03-05
2024-03-06 20:13:29.409162,120.15820204149732,493.3172508132517,1.0,120.13990493520186,120.23057597863648,119.1476645833408,82000000.0,122.2874961544088,106.075437771837,49.07546558459767,0.4135970964506708,4.168931653228383,0.24357186342746395,2024-03-06
2024-03-07 20:13:29.409162,120.43941389835484,492.52339803677654,1.0,120.72243812886529,120.82866201794641,119.98119613246905,26000000.0,122.18138198946365,106.2003261886644,51.79123509284598,0.41117682773618175,3.978662838953111,0.2445354157354402,2024-03-07
2024-03-08 20:13:29.409162,126.63623603902023,497.2941695680836,1.0,126.75055121467551,128.73449637283503,125.22246719418133,26000000.0,122.1822784319941,106.34968990084658,60.1191886626574,0.4479087422152384,3.9506624446449883,0.2546505545178782,2024-03-08
2024-03-11 20:13:29.409162,126.59237706479914,497.0944157044427,1.0,126.6059210163371,131.03591426305388,123.77381428906189,35000000.0,122.26998968750567,106.4868209464528,55.021906171941396,0.44639109398102955,4.032900115140647,0.2546646533644971,2024-03-11
2024-03-12 20:13:29.409162,132.70601974105844,506.0813101300216,1.0,131.0480339304779,135.74839504084068,130.40624177623093,89000000.0,122.5321298479623,106.66032168837832,66.46737698306224,0.42434350154288153,4.353351962136683,0.26222272406575103,2024-03-12
2024-03-13 20:13:29.409162,134.62499924027472,505.87189082248784,1.0,136.45703378177797,138.68492602186484,131.3853136183608,62000000.0,122.76297263722292,106.84706553166238,65.02187253899677,0.4202040281658389,4.533767067528943,0.2661246882513879,2024-03-13
2024-03-14 20:13:29.409162,133.62176123706527,497.0763725914133,1.0,133.04088641898153,134.0385498293017,131.55296294743783,32000000.0,122.92747694543637,107.02639660915531,60.679317092813726,0.367707221686285,4.35253027892636,0.2688153543497825,2024-03-14
2024-03-15 20:13:29.409162,139.36632152543777,497.6201434136587,1.0,137.3395049629186,140.87290638772905,137.2819270123945,88000000.0,123.18914954754176,107.23151907661673,68.11307858058518,0.3862454006858963,4.32765430572081,0.2800656753349837,2024-03-15
2024-03-18 20:13:29.409162,132.58477313666162,498.80817297963904,1.0,131.7162414851349,133.8066379310736,131.15077598601437,37000000.0,123.4236340033765,107.42876984700916,56.952500740105855,0.43557252470593893,4.21432156584413,0.2658031289757428,2024-03-18
2024-03-19 20:13:29.409162,134.01822388867262,504.47953268492773,1.0,134.8672592370454,136.41911606458075,132.86100781876038,31000000.0,123.73546124828458,107.64726479761241,67.29781623432656,0.42684857985693375,4.338820836565378,0.26565641459308437,2024-03-19
2024-03-20 20:13:29.409162,133.5951027085668,509.3396647955495,1.0,133.58158340209016,135.66481901927096,131.859050114541,71000000.0,123.96491914200682,107.86022413007964,69.88638670838299,0.4222503854804575,4.325879625951914,0.2622907893148127,2024-03-20
2024-03-21 20:13:29.409162,128.70421911479602,511.0414607579763,1.0,132.8848535249808,135.40368119894714,125.51644293977297,51000000.0,124.14822524328649,108.05121602294965,61.03182840809985,0.43833437003711206,4.562564232281782,0.2518469224080215,2024-03-21
2024-03-22 20:13:29.409162,129.08804837377022,511.4308557085336,1.0,128.4322122647532,129.83304685028133,127.95345506574627,68000000.0,124.28139249018813,108.24796238696956,65.67109872415945,0.4355281991557045,4.00656536524408,0.2524056711340428,2024-03-22
2024-03-25 20:13:29.409162,131.65714613027816,498.1328022172571,1.0,132.33285592689018,133.58985003319566,130.04413904405928,13000000.0,124.36930187294647,108.47940951663965,65.52365544725284,0.43988241145548374,4.053937034799007,0.264301297855219,2024-03-25
2024-03-26 20:13:29.409162,133.5066884904018,491.2428341165162,1.0,134.2475899773901,136.66947851330212,130.91455997784138,91000000.0,124.60541990559027,108.72374135912005,66.8397818509649,0.44181756512805453,4.3876518305250825,0.2717733048065915,2024-03-26
2024-03-27 20:13:29.409162,135.44858637626226,491.9457604357218,1.0,133.44451754707336,136.98848690127733,133.3304975203617,50000000.0,124.6682533680429,108.98648087289979,68.17334315640679,0.4044281382884141,4.588403508770674,0.27533235829961,2024-03-27
2024-03-28 20:13:29.409162,134.990976660825,490.24330711931714,1.0,134.69987641718623,137.41646111305545,131.82053385528508,92000000.0,124.8632504986642,109.23277296276945,61.748951552587386,0.3984823189089006,4.737253371564722,0.2753550628850715,2024-03-28
2024-03-29 20:13:29.409162,131.21149929482945,494.99483606066974,1.0,130.97133972645202,132.36823213845565,129.5719592450292,51000000.0,124.97168688349035,109.45948731594605,55.878110111006364,0.4169688481754843,4.418265722952897,0.26507650128040394,2024-03-29
2024-04-01 20:13:29.409162,134.5179325516389,493.65439177468875,1.0,134.03462379660837,135.36910875623494,133.5587640256862,40000000.0,125.149950180378,109.71496459354243,52.48318335996384,0.4099359280900869,4.165993684805683,0.2724941473082952,2024-04-01
2024-04-02 20:13:29.409162,134.97926835254773,492.2638596887272,1.0,136.2971631930107,136.59801614028396,132.7770189415894,85000000.0,125.46542274841781,109.97630301875635,50.5057226821127,0.40565960257601286,3.9175211701764345,0.2742010523338013,2024-04-02
2024-04-03 20:13:29.409162,138.69692453134655,489.87829338782547,1.0,138.6512793188463,139.89989608488867,138.2118403521078,22000000.0,125.96180739840872,110.25853484696776,56.72377267678157,0.4122963585739035,3.8605546595276485,0.28312527091610357,2024-04-03
2024-04-04 20:13:29.409162,140.3869150312187,482.8204908581889,1.0,138.0363945291532,141.6022211287237,136.15687997770655,72000000.0,126.51636853111397,110.54901754935217,51.514868674572874,0.4121369179636035,3.9930090720764064,0.2907642026163556,2024-04-04
2024-04-05 20:13:29.409162,145.50430898167969,491.436211498367,1.0,145.75257661246295,145.88107253072502,144.04377938973786,81000000.0,127.10697742606908,110.87634141408003,70.17308255818479,0.39421773465175103,3.9345398717855438,0.29607974662274794,2024-04-05
2024-04-08 20:13:29.409162,141.11505351531721,499.2853983488705,1.0,140.13492416286408,142.17613728865592,139.65581705903907,76000000.0,127.48186411557053,111.17869854336372,60.1448426879284,0.4154874231883824,3.8604121563424365,0.28263404854614743,2024-04-08
2024-04-09 20:13:29.409162,141.07893054980147,499.8880864885974,1.0,138.74289279320462,144.20261259259405,137.27305785326004,88000000.0,127.83122748937211,111.48228967007717,60.8177421604531,0.3841433664027223,4.08353971595701,0.2822210297924744,2024-04-09
2024-04-10 20:13:29.409162,143.08884813114116,493.61179672266763,1.0,141.96557748956292,147.21393519703162,141.02749300521023,32000000.0,128.23562690551046,111.78493839499345,72.68184893901656,0.38406211322939077,3.819197139717526,0.2898813380903347,2024-04-10
2024-04-11 20:13:29.409162,143.90213326951022,499.66473325617665,1.0,144.06284733852843,145.7569450484766,139.74671779483356,87000000.0,128.6312757814744,112.08749774949669,73.04688626983207,0.38199457927053865,4.114242530368096,0.28799737842560924,2024-04-11
2024-04-12 20:13:29.409162,141.8179761175508,506.4135934380152,1.0,144.05854023058552,145.9178797824702,136.57312120533922,45000000.0,129.06161361654725,112.36295916710729,66.04979751462616,0.35788326620501143,4.528460215224854,0.28004377835665123,2024-04-12
2024-04-15 20:13:29.409162,143.73984993231826,506.20640365517767,1.0,143.1568546528049,143.96048943512088,143.00780439584602,96000000.0,129.549659754001,112.61724912434055,66.12719889035809,0.30773958584597505,4.185443536925861,0.28395502090533076,2024-04-15
2024-04-16 20:13:29.409162,141.43181765602313,508.23033941543156,1.0,142.48080880338446,143.20310589667488,138.94958795738114,31000000.0,129.95617213425936,112.84733497172506,59.32184093710717,0.3148119314641827,4.227981291095726,0.2782829097111726,2024-04-16
2024-04-17 20:13:29.409162,147.3556446937937,504.69857651231746,1.0,146.36989785679984,149.11285784736313,145.48080258509583,29000000.0,130.4887737656189,113.13575028207302,66.4604323087951,0.342712877020666,4.0877047199883645,0.2919676249378076,2024-04-17
2024-04-18 20:13:29.409162,142.2409738336901,502.4812372539409,1.0,143.16344836493087,144.2580755138808,136.31757271092232,57000000.0,130.9479818944818,113.41906737741463,64.1789069734046,0.33969634190254394,4.455149713526367,0.2830771843562494,2024-04-18
2024-04-19 20:13:29.409162,130.6214668196622,498.9495535645123,1.0,130.3140553823616,134.82071885774212,129.40023537092475,44000000.0,131.1485059486589,113.63215566885934,45.87300230084215,0.4591018714561796,4.713016767545556,0.2617929325449799,2024-04-19
2024-04-22 20:13:29.409162,135.02930582999633,508.7817583546925,1.0,134.07421810701408,135.3460659856448,132.4444797901468,22000000.0,131.40584136699047,113.87403465078891,50.04890911583191,0.4691815432585637,4.647344553031516,0.2653973017166663,2024-04-22
2024-04-23 20:13:29.409162,132.82878442267184,504.6854102858904,1.0,133.2413761896994,133.68908292895532,131.06737767450022,52000000.0,131.46797849446355,114.11706878644178,44.08887349064423,0.470940556344076,4.7140338045796755,0.26319125085749556,2024-04-23
2024-04-24 20:13:29.409162,133.48692316222704,498.4829880643188,1.0,133.77802488460648,134.85635005034092,131.60976438995408,89000000.0,131.58998447779229,114.36437680797391,42.90190635867624,0.46828114981883945,4.5569798409632245,0.26778631640083844,2024-04-24
2024-04-25 20:13:29.409162,129.59076600180174,500.3488108384205,1.0,129.69714435388124,131.3620226708209,129.3934526029627,30000000.0,131.76863807657352,114.5833919774681,33.207647957166586,0.47935618975132216,4.5663567643111564,0.25900084739813833,2024-04-25
2024-04-26 20:13:29.409162,130.51099454406113,499.3117678287046,1.0,131.38048706853934,134.90172238491868,129.75480174098269,90000000.0,131.98881298724217,114.81741551442343,37.926411084096074,0.4698143496491435,4.753971079619666,0.2613817717767762,2024-04-26
2024-04-29 20:13:29.409162,133.72952151767285,491.65347277229034,1.0,134.8396888323035,135.27764501244891,132.32516991632275,48000000.0,132.2586760910529,115.06043853826921,42.197530049332,0.46943752139123124,4.469893962247677,0.27199954627313244,2024-04-29
2024-04-30 20:13:29.409162,134.76736946917438,486.8045691949887,1.0,135.08816203472603,137.19639252703175,133.36123988302822,69000000.0,132.47869497155722,115.31379672213936,40.97935125456818,0.470092641788202,4.301944708832116,0.2768408063466503,1714508009
2024-05-01 20:13:29.409162,139.31702086517822,478.76791538189315,1.0,141.02396197064226,143.16740445113592,139.13601197225498,67000000.0,132.82491997185554,115.56932619176942,45.40210354329417,0.4753514723078058,4.16059936777768,0.290990720950987,2024-05-01
2024-05-02 20:13:29.409162,144.12720673098386,481.8673114093705,1.0,144.4704678268229,148.38910228265692,143.6857431627646,30000000.0,133.20211612946284,115.83816952168804,52.19562844424122,0.48895862002861074,3.8290708351177756,0.29910143999898875,2024-05-02
2024-05-03 20:13:29.409162,141.36551128944348,487.9928909081388,1.0,144.47885480328733,145.17171735579657,139.10261685399252,77000000.0,133.4862458855682,116.12853790808458,47.77795289628,0.4763329005775444,4.19452908244129,0.28968764488836485,2024-05-03
2024-05-06 20:13:29.409162,143.91731141749116,484.98631143342914,1.0,143.83412538181904,146.83837225444864,143.535027723209,84000000.0,133.83367239736532,116.42116544898654,52.31550781613427,0.4678580584781703,4.1266595532945685,0.2967450998609179,2024-05-06
2024-05-07 20:13:29.409162,156.27363594372414,491.6767016901639,1.0,156.01892238389962,159.18336016634734,155.3055189802483,48000000.0,134.42416310163324,116.78895572594566,57.418911827620185,0.5554578668294013,4.144215690711121,0.3178381961287275,2024-05-07
2024-05-08 20:13:29.409162,154.5603140519402,489.6826765661761,1.0,153.79843258445493,156.08417706614605,151.38116127204205,89000000.0,135.09548674081586,117.14769943523827,60.86328118337191,0.5575236832669106,3.912966618650086,0.3156336163161222,1715199209
2024-05-09 20:13:29.409162,159.97589060132321,493.537564926346,1.0,162.03700403559694,165.19574589685215,159.61859078973987,22000000.0,135.9114727331023,117.55442751954102,79.06504315314652,0.5680240113534181,3.9241574486711506,0.32414126496166,2024-05-09
2024-05-10 20:13:29.409162,167.94401084911306,496.25227651060567,1.0,168.33420368379342,168.36466317935475,167.90920538811926,98000000.0,136.87527437782325,118.00192851436731,80.4438252126636,0.5830444881250831,3.7494339912238286,0.33842466583732406,2024-05-10
2024-05-13 20:13:29.409162,165.71371615359615,497.24537667201685,1.0,163.3896651905964,170.2646781875065,162.11461939676,64000000.0,137.84777184032419,118.43886410918148,80.39954398682664,0.5881039444168525,4.144316386673215,0.33326346292587244,2024-05-13
2024-05-14 20:13:29.409162,168.8588935392464,500.2691342064265,1.0,167.6244460326078,170.1549270688918,167.26675593923002,83000000.0,138.82851630638913,118.89542148806078,81.2611819931109,0.582383166177142,4.118715348764281,0.3375361020565582,2024-05-14
2024-05-15 20:13:29.409162,173.02754338873376,498.7496645034316,1.0,173.13042593009325,177.05078427992404,172.75985459584854,43000000.0,139.88590313333387,119.3649586318656,88.20471673560293,0.5728371225970359,4.284598178494089,0.34692262612548236,2024-05-15
2024-05-16 20:13:29.409162,170.82474598272327,503.51255730280724,1.0,170.812649467014,174.60074054507828,169.2708431760375,51000000.0,140.89360977502122,119.79841960813583,84.67553073294837,0.5558154870616084,4.297667944573003,0.33926610867023727,2024-05-16
2024-05-17 20:13:29.409162,168.68982732034246,504.30740534613966,1.0,169.4221453493367,170.51059297206865,163.91148319747205,44000000.0,141.7346816006477,120.20814290256419,80.64201167151167,0.448742174550181,4.558141850178034,0.3344980175426126,2024-05-17
2024-05-20 20:13:29.409162,166.2068308980241,493.83137691214506,1.0,165.13303978461985,169.62953895191964,164.13531208030162,74000000.0,142.52697067731216,120.5933822614909,76.87523469416637,0.4523319715048788,4.676647152150498,0.3365659588851785,2024-05-20
2024-05-21 20:13:29.409162,168.57977954456717,499.86799209723125,1.0,166.73140712193558,169.6709101391657,165.9467928254057,88000000.0,143.24444587338235,120.98693515420673,75.98140690248742,0.44089951606153777,4.65469892607043,0.33724859804941476,2024-05-21
2024-05-22 20:13:29.409162,172.2790053009802,503.4315223245339,1.0,171.0587493749708,173.97408882121513,168.68552833639978,84000000.0,143.99752599459646,121.39111299545227,75.49804025377087,0.44124603273866364,4.6964990235649315,0.3422094121272002,2024-05-22
2024-05-23 20:13:29.409162,178.3115372739679,500.197617076954,1.0,176.67153315705792,180.20655726806982,174.13445320319894,12000000.0,144.8913215153345,121.81006398296437,81.59147118753448,0.4176775604360485,4.696713563783989,0.3564821806148972,2024-05-23
2024-05-24 20:13:29.409162,181.9549673360377,499.84080886591533,1.0,181.5815500876259,184.36754592184482,181.1836903720001,64000000.0,145.74309443154652,122.23258600301823,81.9288313449523,0.41641745582578965,4.688178636541496,0.36402583404279015,2024-05-24
2024-05-27 20:13:29.409162,175.37220573614184,507.23239713830503,1.0,173.63304136012,176.41770236961185,170.71281513664903,18000000.0,146.5988430835361,122.6149563877406,67.75199202936282,0.4558442999292364,4.818681925603195,0.34574330568306305,2024-05-27
2024-05-28 20:13:29.409162,175.04464756995586,512.3105544688977,1.0,172.42218190190846,176.68533453204594,171.5142587409619,55000000.0,147.41937155716178,123.01047291056277,69.54351368532329,0.45887196982888273,4.85211478253034,0.3416768326223948,2024-05-28
2024-05-29 20:13:29.409162,174.54328526007285,511.5572444754774,1.0,176.45537919946247,176.81277824214249,171.4362709346726,71000000.0,148.2383352081919,123.38690060052286,65.3364329795795,0.45588324238218825,4.837782796841599,0.34119990899364533,2024-05-29
2024-05-30 20:13:29.409162,170.11480699225356,506.2485119319496,1.0,171.30064544206047,172.62825344928805,169.3705499001372,63000000.0,149.06654696574105,123.76973128200126,52.46944425086186,0.4656127635118369,5.037943208121267,0.33603023610491234,2024-05-30
2024-05-31 20:13:29.409162,171.40466639751705,501.9817218313074,1.0,171.42064576807874,173.24687683504146,171.36354576489256,88000000.0,149.912879326216,124.17479227665486,56.61543077356027,0.4539004267296766,4.590319799507152,0.34145599121060854,2024-05-31
2024-06-03 20:13:29.409162,171.56687836525754,502.8380133331303,1.0,175.17096990759362,178.14528648047542,170.92877500030917,90000000.0,150.71107397091558,124.585601796378,53.38246697207901,0.45396723459811,4.899486967400329,0.34119711281969933,2024-06-03
2024-06-04 20:13:29.409162,175.51056220236836,506.53813284720684,1.0,175.71611367936254,178.17032797428888,173.85000566112834,88000000.0,151.55115144515491,125.03259959254561,53.118996991828226,0.3578481366702777,4.901586440906404,0.3464903248563711,2024-06-04
2024-06-05 20:13:29.409162,179.505761229207,505.99859870715056,1.0,177.71087740509867,181.4474290598856,176.70793187354354,30000000.0,152.43229494221382,125.51429147377414,60.43462338863953,0.35659017496743645,4.859414999285065,0.3547554512756604,2024-06-05
2024-06-06 20:13:29.409162,175.21750380727698,509.07139183772597,1.0,176.5554444978334,178.11537576698657,172.56118791957792,36000000.0,153.23682548514284,125.97930075581704,57.46011561166587,0.35812051800614786,4.7847777187716405,0.3441904350090255,2024-06-06
2024-06-07 20:13:29.409162,168.3919241286806,511.05892332679946,1.0,169.50274930123837,172.42258847688856,164.4607438855006,47000000.0,153.98043398181986,126.43733061729354,52.27173312850819,0.3486439578158841,4.961036127326636,0.32949610395708023,2024-06-07
2024-06-10 20:13:29.409162,163.6112688180171,517.9392993635539,1.0,164.7422987633672,165.412976709338,162.2303458161513,73000000.0,154.56230070714744,126.8640939132311,45.080759869364016,0.36041321397710885,4.922358525857116,0.3158888870164194,1718050409
2024-06-11 20:13:29.409162,155.30108762367797,518.6865439602726,1.0,157.47385784757566,161.13531827621443,154.08703769276835,95000000.0,154.96873709257002,127.23505095368625,34.59682589545754,0.3941855404542607,5.048052818616455,0.2994122161680231,2024-06-11
2024-06-12 20:13:29.409162,157.63939414891428,510.96566279320444,1.0,155.70438516700426,158.08380632807942,149.28128252712784,42000000.0,155.3475864849214,127.61102916741218,29.897765191841188,0.3863323909352301,5.243082799765077,0.3085126959161507,2024-06-12
2024-06-13 20:13:29.409162,150.32260805274902,509.8464419665149,1.0,149.5313276621892,151.75923042532858,147.476335895677,46000000.0,155.546300345352,127.94054027025206,21.290748287613383,0.41355266820078823,5.321585584036994,0.294838986171883,2024-06-13
2024-06-14 20:13:29.409162,148.5938747540071,514.7433454263033,1.0,147.85595934072603,151.88193808577788,144.97204038198416,65000000.0,155.60809166079855,128.2833091452289,23.347921250975674,0.4133613989939911,5.4076577605249145,0.28867565957738356,2024-06-14
2024-06-17 20:13:29.409162,154.52809990822263,520.3058998062419,1.0,157.0637088450307,159.1451062214211,153.60023637240877,72000000.0,155.87635258865666,128.64253676559863,31.630323583260363,0.44256125485520154,5.43435733609122,0.29699471016140266,2024-06-17
2024-06-18 20:13:29.409162,156.97044220402782,525.9877115730055,1.0,155.32226515053648,159.41008228731826,155.21338163679025,74000000.0,156.19418282174118,128.99566613432543,34.794500935336885,0.443397010813244,5.350085432023944,0.2984298658510405,2024-06-18
2024-06-19 20:13:29.409162,155.0109824135549,517.9772690196918,1.0,150.7956314180348,156.4092686456835,146.69102133455095,94000000.0,156.43262550738945,129.33731051850188,36.347561021979665,0.43426281531911587,5.8115528435940655,0.2992621330795539,2024-06-19
2024-06-20 20:13:29.409162,156.48527065874583,521.6235175480061,1.0,158.8270268381535,161.68917967179783,154.20910998684167,29000000.0,156.68428825517415,129.65010132378194,36.55908110394859,0.4120303247073747,6.21131988750887,0.299996578747706,1718914409
2024-06-21 20:13:29.409162,157.56029001045076,525.6315138543499,1.0,157.03404301221414,159.0961472672829,156.6664513620742,37000000.0,156.99913453303216,129.96572988954233,37.58561097275052,0.40312590636881884,5.869404489297616,0.29975426864171995,2024-06-21
2024-06-24 20:13:29.409162,155.98312345846614,525.3265021604824,1.0,156.91434515737654,158.95011789513387,155.94771605213438,19000000.0,157.24400000355513,130.2908560527594,31.934494224478627,0.38831616465978297,5.775267312857541,0.29692605040286874,2024-06-24
2024-06-25 20:13:29.409162,150.89719276049976,519.5756876252539,1.0,148.40776421589732,229.33555513640687,74.04525750776091,41000000.0,157.43330750564465,130.57827572912413,24.056800377013317,0.39961039428963424,5.779578590648545,0.2904238907909313,2024-06-25
2024-06-26 20:13:29.409162,150.84890823437013,533.081498020046,1.0,153.22694202374947,155.20972743337867,146.8788955650822,53000000.0,157.50317277645618,130.87381448210004,26.060852959505283,0.40006910178513,5.977910306426247,0.28297532139953885,2024-06-26
2024-06-27 20:13:29.409162,152.4406871641741,530.9031431466441,1.0,151.60616225966518,153.8662888335539,149.64473414517448,48000000.0,157.70716704306588,131.17492123172525,32.53380003247031,0.3984650321178988,5.710746741925637,0.28713464806530165,2024-06-27
2024-06-28 20:13:29.409162,155.68627539398807,529.6571453605652,1.0,155.12872070967748,159.80106901221384,155.11172440170492,70000000.0,158.20846321455238,131.49469396061778,41.020466482200334,0.4071591102218357,5.818369150305794,0.29393783649988203,2024-06-28
2024-07-01 20:13:29.409162,146.86006959417017,530.5017403476268,1.0,146.0303908604594,147.26307236669746,145.37293739942413,66000000.0,158.44507848983585,131.7682477318852,40.54632627807134,0.4464734522363224,5.449930177722026,0.27683239926401715,2024-07-01
2024-07-02 20:13:29.409162,145.82209555142714,535.0808016976578,1.0,144.7064530813383,146.76530802397406,141.75105389956306,90000000.0,158.70494471241096,132.0267900331354,36.36794278592493,0.4318836023539175,5.179339486540556,0.2725235050272323,2024-07-02
2024-07-03 20:13:29.409162,144.27259286224637,546.1565911145442,1.0,146.17145474897126,148.1594522756613,141.46650806093425,93000000.0,158.92065810641137,132.24843100057305,41.949735533738234,0.4153984900396029,5.351485892617376,0.264159757859607,1720037609
2024-07-04 20:13:29.409162,142.67152604965906,545.4118975367019,1.0,143.40921602049346,144.4015092971675,141.56811277679554,85000000.0,159.1822733073685,132.43398784138458,42.09274600655902,0.4124157012557286,5.060307236658679,0.26158491718647997,1720124009
2024-07-05 20:13:29.409162,148.60837016169395,542.6989207234512,1.0,147.11017865305888,149.0058824102037,145.5471036306977,55000000.0,159.54422081972115,132.66084423722816,42.096795426467715,0.43562822616360614,4.911300731693942,0.27383207241980473,2024-07-05
2024-07-08 20:13:29.409162,141.70083866791748,538.0219534675932,1.0,141.9789778645598,142.6585439072915,138.4954199148594,59000000.0,159.70364716272604,132.8708990806488,31.78575015518912,0.45244232262285045,4.908902398972804,0.26337371134141385,2024-07-08
2024-07-09 20:13:29.409162,137.44643961804874,542.4846276785333,1.0,135.72496733301358,139.21211285012615,133.3480100823863,64000000.0,159.7572285657035,133.05544987727333,30.13581217419575,0.43114740775426674,4.633606360159037,0.2533646717442048,1720556009
2024-07-10 20:13:29.409162,137.39229310864386,541.3169756990924,1.0,138.20788751650292,142.16382404684984,136.89933601302002,86000000.0,159.71873401057283,133.20748552624048,27.690657188743586,0.42470557046106794,4.475350527935727,0.2538111666112196,2024-07-10
2024-07-11 20:13:29.409162,134.39076281683876,552.8564213265009,1.0,130.99551975979122,139.47547177128203,130.90349946251766,39000000.0,159.52400513228994,133.36820565011243,24.09370584975187,0.40245755051641313,4.914084556761133,0.2430843843585774,2024-07-11
2024-07-12 20:13:29.409162,131.7955621459026,553.3873222412554,1.0,130.82241176789807,135.05508036617238,129.22428882398478,95000000.0,159.33260614941912,133.51718833001908,23.557405708394313,0.40500594487846264,5.116112392417427,0.23816151337208416,2024-07-12
2024-07-15 20:13:29.409162,134.79312468802038,553.2735410850271,1.0,133.77630780078596,135.59647185976885,132.68837499111646,24000000.0,159.1501224148297,133.68889994292806,31.552178951585006,0.38334886868012447,4.980986806220018,0.24362835863012175,2024-07-15
2024-07-16 20:13:29.409162,130.8569418255771,546.0930252922705,1.0,129.1221226554065,131.07245647970456,127.59026993272974,45000000.0,158.64178853246676,133.81980666927277,28.97154704847415,0.38185793583197586,4.634654997554185,0.23962390245790471,2024-07-16
2024-07-17 20:13:29.409162,129.11213903817787,550.1340297452695,1.0,127.72512475276679,131.6379022635106,126.85481092364736,77000000.0,158.13282503219153,133.93997525007927,25.54071779482483,0.38197929600650044,4.674764758374457,0.2346921514707264,2024-07-17
2024-07-18 20:13:29.409162,129.71666020384993,543.7603056889544,1.0,130.7337667502537,131.13707993819665,124.94410405099785,33000000.0,157.52764042424207,134.04452215040394,21.17527941994274,0.3792806392968424,4.7821669924237336,0.23855485375950072,1721333609
2024-07-19 20:13:29.409162,,,,,127.96523229800856,123.42054672693212,47000000.0,156.71276863387058,134.13267542472624,24.624528838103814,0.3760930564547336,4.971777749838242,0.2319297638661785,2024-07-19
2024-07-22 20:13:29.409162,123.5789243663634,542.9746009377094,1.0,123.70590856929314,125.5875648098457,122.34964389855814,19000000.0,155.87007279812596,134.18970325684194,23.08492443880823,0.3815241246994598,4.844896806043711,0.22759614197965128,2024-07-22
2024-07-23 20:13:29.409162,124.87050314712735,547.5817991658164,1.0,125.86622338188067,127.60249158041535,123.86984236803276,79000000.0,154.99030499028356,134.24261750923816,26.37527568889702,0.380243545977295,4.633447163019106,0.22803990807830812,2024-07-23
2024-07-24 20:13:29.409162,131.59141282945367,549.5714885883143,1.0,131.18543317602382,131.7676892286005,129.94943234557766,53000000.0,154.16158237909795,134.3170838085534,38.004107326176936,0.4406796066166998,4.560937188922739,0.2394436675881292,2024-07-24
2024-07-25 20:13:29.409162,136.76221835947104,550.9969953180857,1.0,137.27783478796343,139.68033923534867,136.48651546049308,81000000.0,153.48033182663292,134.42330781059079,36.95843405957976,0.46643585829936174,4.54201183144771,0.24820864636570186,2024-07-25
2024-07-26 20:13:29.409162,139.53433825145788,543.5125006624598,1.0,140.59317539672168,141.83279253031208,138.05387913662187,17000000.0,152.8972220452552,134.5101654114494,47.37594243515894,0.46568584637242605,4.514568217251862,0.25672700826823036,2024-07-26
2024-07-29 20:13:29.409162,140.23955104250814,543.4326884702159,1.0,138.94125683658297,140.43552323691063,137.07790048487396,48000000.0,152.37787644814492,134.6046905382959,53.70121982070948,0.4246442223236321,4.335533930415921,0.25806241328118834,2024-07-29
2024-07-30 20:13:29.409162,138.71843584982759,538.7760950036597,1.0,138.20262946992943,140.7205527008071,137.7770812156325,71000000.0,151.7806495742501,134.6928430853845,51.691539752697665,0.4254574166162827,4.1697470340834055,0.25746954465172645,2024-07-30
2024-07-31 20:13:29.409162,143.1197738635841,544.2291044160335,1.0,140.69169955670034,144.4996696670251,140.04900626478104,75000000.0,151.1974649455022,134.82314793809192,60.750255684068485,0.44056783488868245,3.8753678264748115,0.26297706738259413,2024-07-31
2024-08-01 20:13:29.409162,149.19818203580482,544.2478975146604,1.0,149.3262034181418,149.43804256618267,148.41117481786517,29000000.0,150.61519784073892,134.9601222434858,69.73878694472552,0.4631848714492849,3.5322304126269475,0.27413644171548845,1722543209
2024-08-02 20:13:29.409162,143.8397618391952,539.951635094234,1.0,142.83670310219125,146.5217058145254,140.67082120297223,45000000.0,149.85289373080207,135.05928434244507,59.739473932113384,0.4583969488718829,3.74242953711986,0.26639378879571657,2024-08-02
2024-08-05 20:13:29.409162,146.3200863031692,534.4930818186302,1.0,146.39874162197592,146.5303772072194,145.63303324023423,75000000.0,149.27185134214264,135.14033446768315,67.18612481018837,0.4298965567302222,3.557797924263457,0.2737548740674254,2024-08-05
2024-08-06 20:13:29.409162,146.99884198068392,531.42788809387,1.0,149.75881314059126,151.1501308477254,144.96471421464219,69000000.0,148.71093523035717,135.2283676446014,70.36224471917049,0.4129769070059691,3.6579640166363125,0.2766110798361384,2024-08-06
2024-08-07 20:13:29.409162,150.2483592426892,528.4924659395462,1.0,149.67063382872053,151.97207620465466,147.9636347838208,25000000.0,148.2250367100095,135.31943743337717,72.04569059131973,0.41772541331746216,3.5019258404673885,0.28429612326749043,2024-08-07
2024-08-08 20:13:29.409162,154.5082828145401,520.1377722174404,1.0,155.1307822325968,156.63781532827798,150.54393193537237,79000000.0,147.91290622645522,135.41617464577,78.2631993434149,0.413220624888833,3.6125828277409004,0.2970526100341524,2024-08-08
2024-08-09 20:13:29.409162,154.32569768123503,514.4015556299338,1.0,151.18115094794408,156.11292941142176,151.10239146779122,41000000.0,147.5713268521296,135.5111606528114,84.26128621491348,0.4025992197277303,3.739198330051113,0.3000101690832729,2024-08-09
2024-08-12 20:13:29.409162,153.15846085695628,513.9450894898614,1.0,150.5864989093019,156.0295444385986,149.54920587740858,12000000.0,147.20315850196357,135.6437530282324,81.60900709520433,0.40247700682219517,3.93546185496593,0.2980054951181271,2024-08-12
2024-08-13 20:13:29.409162,167.16644692731398,504.5103504628146,1.0,166.64472075889717,173.00877164913535,163.42732615757737,87000000.0,147.03627619646247,135.86145411884362,84.18457724460326,0.48009603067653905,4.489975327004156,0.3313439392749092,1723580009
2024-08-14 20:13:29.409162,160.61553984426052,510.30978994451516,1.0,157.84070484307952,160.98832380514767,154.12221793714053,70000000.0,146.65847176876355,136.02886301642167,72.32877926874744,0.5067530609782268,4.752281190800695,0.3147412473935174,2024-08-14
2024-08-15 20:13:29.409162,171.2358584720498,515.5772328143954,1.0,169.68058559301724,172.45390175129694,168.51717486168857,88000000.0,146.57883886205903,136.25971869136507,75.87370215038251,0.5416009644665611,4.763553583366279,0.33212455394378065,2024-08-15
2024-08-16 20:13:29.409162,170.95431700323192,518.2099639629469,1.0,169.81891158935323,172.52808665218456,168.48632317674156,33000000.0,146.63008671955004,136.48886896338072,75.24291992366335,0.5304040244643751,4.812420777895302,0.3298939211741122,1723839209
2024-08-19 20:13:29.409162,163.67632875832453,522.270273334434,1.0,164.79795208459106,165.90212158659887,163.06568770376322,99000000.0,146.63138791835618,136.6883152227411,68.73849306427107,0.5479496405367871,4.804775234871092,0.3133939209546298,2024-08-19
2024-08-20 20:13:29.409162,165.42737681802552,513.0430700607552,1.0,165.63059503579422,166.04089087005218,164.04778085471366,63000000.0,146.83391370224314,136.907771921106,67.44281539599513,0.5479249301583535,4.629235707234981,0.3224434486532201,2024-08-20
2024-08-21 20:13:29.409162,163.8424167105522,512.5703760428057,1.0,162.31239912572437,167.1341869878418,159.83424165945152,40000000.0,146.9579741534759,137.11890692867297,62.31611609789601,0.5339514199674649,5.077312677240179,0.3196486265465904,2024-08-21
2024-08-22 20:13:29.409162,162.03407277906658,512.1408987527107,1.0,161.88511339254816,166.2175762343664,160.75977936400827,56000000.0,147.19220344800223,137.34178972455192,66.27356296223417,0.5291293585476222,5.049234981440533,0.3163857312971706,2024-08-22
2024-08-23 20:13:29.409162,164.67991224458981,517.9997982662775,1.0,162.5525511889055,167.94811339749262,153.95612639373675,56000000.0,147.5139241978139,137.5602932567789,66.3731266290007,0.5282032937374211,5.9845666269241535,0.31791501231422525,2024-08-23
2024-08-26 20:13:29.409162,163.4813701624062,510.9633123381268,1.0,165.60711569682107,166.7846587068081,162.18440075199382,76000000.0,147.69298960289757,137.79344534440355,64.56394977328068,0.5311792151639786,5.871341007047802,0.3199473743316886,2024-08-26
2024-08-27 20:13:29.409162,158.64348046562594,508.5374712364017,1.0,157.44603979437156,158.819767202939,155.75614546517755,16000000.0,147.72645036812955,137.99002795315624,57.215389167207896,0.5441132002820694,5.803853886828343,0.3119602574809635,2024-08-27
2024-08-28 20:13:29.409162,162.15236778420274,507.76486410000894,1.0,166.0523858993193,168.71720452742545,159.54526436463118,82000000.0,147.8692780755425,138.2281724974283,56.65581908596061,0.5394350628226274,6.023715084677534,0.3193453884833302,2024-08-28
2024-08-29 20:13:29.409162,163.63675584130843,507.3217527357174,1.0,162.18259750530763,167.47208518307858,161.69186081590902,41000000.0,148.01230777919375,138.4904484824369,57.92755990178151,0.5229253265299507,6.078692686358892,0.3225502453992996,1724962409
2024-08-30 20:13:29.409162,162.52064687692985,506.233640278838,1.0,162.23337190520945,162.64783626458444,162.18867702165346,57000000.0,148.11151491652333,138.73639183701016,57.978036677711565,0.5024310689103056,5.648608449340388,0.32103881280472,2024-08-30
2024-09-02 20:13:29.409162,164.9426440491147,505.13224234964935,1.0,161.9748678428447,166.4730744428167,158.10115820633823,65000000.0,148.2907053283363,139.01215815762623,47.63871158958326,0.501840966331099,5.562213502548995,0.32653358906941926,2024-09-02
2024-09-03 20:13:29.409162,167.10408718417733,501.20614380256666,1.0,165.87824754216794,168.82111684521166,164.89753753637254,72000000.0,148.61484321680985,139.27967375527462,57.5979558181368,0.5023304175848571,5.352033034036994,0.333403908252973,2024-09-03
2024-09-04 20:13:29.409162,168.27267902939047,497.56169384887636,1.0,168.80304453451757,169.06542743647253,167.1293018143543,22000000.0,148.96331863271024,139.5344096426824,45.5437653295873,0.49911485267008704,5.209132943501984,0.3381946020155235,2024-09-04
2024-09-05 20:13:29.409162,181.10472643541442,493.9696020469818,1.0,180.61941107040823,188.2498665638466,178.04186448222018,72000000.0,149.53659941813507,139.8427119810492,61.081698656914504,0.553406778481897,5.649578558229373,0.3666313183745048,2024-09-05
2024-09-06 20:13:29.409162,181.00849490520022,498.121886738778,1.0,180.6330669474949,181.76893090032178,178.56130685420385,82000000.0,150.0430438083593,140.1766865576914,72.44150491046382,0.5532601370609376,5.676092141320964,0.36338193467118934,1725653609
2024-09-09 20:13:29.409162,185.76179806290668,504.4113971637727,1.0,186.74241425057974,186.80679471222223,182.96910959159771,45000000.0,150.82107837773404,140.53064257773477,74.42950268843988,0.5532083853861066,5.80784750598425,0.36827438695361875,2024-09-09
2024-09-10 20:13:29.409162,180.13720458959423,507.6457353636305,1.0,182.7396067152944,186.56776238561864,177.7642242944648,91000000.0,151.50738055849737,140.85441758466393,67.8443141612039,0.48015495346170484,5.91524698903879,0.3548482574379564,2024-09-10
2024-09-11 20:13:29.409162,182.2907857494029,508.81739909608297,1.0,184.56525514459443,186.11742277301934,181.54493225041753,62000000.0,152.2677444162405,141.20988230077398,72.01651768288285,0.4524195998772717,5.852010821341911,0.3582636640831141,2024-09-11
2024-09-12 20:13:29.409162,,,,,187.9470870250927,179.93308769881995,79000000.0,153.05797266105483,141.54560638951108,70.1344114188928,0.3945297061703883,5.425011701521689,0.3568566728224204,2024-09-12
2024-09-13 20:13:29.409162,184.39923656780272,516.695600180128,1.0,184.2838866227891,185.9023011246261,181.70443955345831,57000000.0,153.77378998917698,141.87566374363942,73.5120925838029,0.3952361471046172,5.3962691026897955,0.35688176269261496,1726258409
2024-09-16 20:13:29.409162,189.11892338378547,504.6268315007789,1.0,188.96977727462186,194.16597751831986,188.55299974023038,99000000.0,154.72215168349436,142.2343150374344,84.34626276705576,0.3611061528974588,5.578365962713227,0.3747698528461889,2024-09-16
2024-09-17 20:13:29.409162,190.1393645914612,504.9074416195416,1.0,196.01665267276445,197.90955560117843,186.41666087526403,18000000.0,155.7760101829626,142.59861376552306,83.41606501791858,0.36097204012956285,5.744148431507521,0.3765826147889007,2024-09-17
2024-09-18 20:13:29.409162,186.29803037318794,507.90256197521245,1.0,188.31435973412755,191.81272657234706,186.1464060998439,18000000.0,156.75412492825347,142.94346691885627,75.61550809800208,0.36940195774140994,5.736012439031351,0.3667987608660261,2024-09-18
2024-09-19 20:13:29.409162,189.05511091691224,518.6064559094382,1.0,189.3011851402663,193.27905235232296,186.39347271447934,88000000.0,157.84741189025496,143.3147605431546,78.92072623265936,0.36430214832303515,6.195042467239397,0.3645444609542733,2024-09-19
2024-09-20 20:13:29.409162,189.1037776829434,514.0244558599528,1.0,185.90275251505608,189.89011475429322,184.15288145234584,10000000.0,158.99357620099576,143.65184882102741,77.77068572046643,0.3638874917881678,6.006850829058605,0.3678886783053473,2024-09-20
2024-09-23 20:13:29.409162,186.61204772731094,508.22114644883834,1.0,182.58311107907858,188.52244119881288,181.73615846571167,84000000.0,160.0299546617816,143.94208634905573,72.25339082563619,0.3675801421537125,6.211329645077326,0.3671867041173912,2024-09-23
2024-09-24 20:13:29.409162,179.29069196122447,517.4716650604252,1.0,180.21652047110464,183.72174183769127,176.94598754541371,15000000.0,160.99862966449453,144.20091905076154,61.021496223489315,0.3815952434041355,6.557017407231563,0.3464744140923903,2024-09-24
2024-09-25 20:13:29.409162,180.52022152043307,505.528517376919,1.0,179.70057968697392,181.65223599956383,179.36328335514682,56000000.0,162.02679131413961,144.46431190186712,49.23856262068936,0.3770795786586988,5.9913710188594616,0.35709206368241,2024-09-25
2024-09-26 20:13:29.409162,192.0122114947387,504.63571903377334,1.0,189.38709770943433,194.33891801978538,188.81514111605887,33000000.0,163.2727023399574,144.80285254959605,61.052915696122994,0.4297663458634455,6.156810508688646,0.38049667166324397,2024-09-26
2024-09-27 20:13:29.409162,194.0825297342916,501.8258892040013,1.0,195.49856479027815,197.15696018210812,191.7415891220388,94000000.0,164.61034450803245,145.1773852267951,58.83408880221658,0.4260410393862317,6.269502361506134,0.3867527242210366,2024-09-27
2024-09-30 20:13:29.409162,199.4893665594741,498.465776164217,1.0,197.65312679851974,200.4446104017882,196.93205661456506,71000000.0,166.12855335189465,145.56120100873846,70.64155892392472,0.43077723183265754,5.89157491122537,0.40020674657863237,1727727209
2024-10-01 20:13:29.409162,206.10439043903847,502.08423087854845,1.0,207.19879637419277,212.64660795451616,204.52756710960895,89000000.0,167.75323109773285,145.98521297562408,73.19289803573017,0.43856998285419013,6.144899934247184,0.4104976371761296,2024-10-01
2024-10-02 20:13:29.409162,206.7385726508891,497.1776169872575,1.0,208.8432944722348,212.42477011619928,199.63196805076095,74000000.0,169.25617429416158,146.39778899025055,73.67288468658577,0.43925235764109677,6.486242987044725,0.4158243766154656,2024-10-02
2024-10-03 20:13:29.409162,217.97593965542404,491.26924494040026,1.0,219.295108515054,220.02797943882277,216.9116607853412,75000000.0,170.88044872008066,146.8589430777996,77.57362540520161,0.40112494784485364,6.408989921495709,0.44369954337741707,2024-10-03
2024-10-04 20:13:29.409162,219.8170078877954,501.85855671931125,1.0,224.6041328593516,231.26284912087507,217.9500516589301,79000000.0,172.48610211280743,147.3250710476761,76.46070691560435,0.39937710935951126,6.9589770417711,0.43800589816532454,2024-10-04
2024-10-07 20:13:29.409162,214.37535629353528,494.2059545167277,1.0,214.15678697210825,215.1549516939451,211.23630786656167,85000000.0,173.96881821782793,147.78591375769767,69.41111310720763,0.4127564175346909,6.417959120447459,0.4337773641419757,2024-10-07
2024-10-08 20:13:29.409162,210.20770036854216,491.23243439943775,1.0,213.65833679504226,219.0328048640693,206.77731189372824,42000000.0,175.39860350820226,148.23895720094924,69.05017694161972,0.4012297540540806,6.888614298864452,0.42791901684084477,2024-10-08
2024-10-09 20:13:29.409162,221.73613421264739,484.20323559384906,1.0,223.17417691780338,224.09859975843207,220.45018571312303,39000000.0,176.97093071518353,148.73222357312628,72.84561572760668,0.4342880763508079,6.657388185111982,0.45794021582838046,2024-10-09
2024-10-10 20:13:29.409162,231.73843852897414,485.72097874633886,1.0,227.4419811847037,231.89139258817568,222.8112167211787,64000000.0,178.62173584504689,149.26393303663917,76.16283139134194,0.44927545413608094,6.896169796901238,0.47710197555621,2024-10-10
2024-10-11 20:13:29.409162,246.78863729038602,485.7210555509693,1.0,246.5901350537812,248.18978184085344,245.01938423121683,14000000.0,180.68071335407072,149.86646276599026,81.99591826209927,0.4863235177811618,6.637892288082337,0.5080871715772041,2024-10-11
2024-10-14 20:13:29.409162,254.5645089818263,490.21127669280963,1.0,257.0627064011548,259.7129807243353,248.58065307359848,23000000.0,182.84560180764387,150.53498255917478,89.83060620850326,0.4884616140554057,6.949076099400855,0.5192954978498973,2024-10-14
2024-10-15 20:13:29.409162,246.45101578990042,485.824827853319,1.0,242.39092455333937,252.23217502586004,241.97366927485962,11000000.0,184.83464528382817,151.17510332990796,82.51782321690081,0.515748873623171,7.518329892728242,0.507283699103804,2024-10-15
2024-10-16 20:13:29.409162,242.8518179045398,487.93797647969404,1.0,242.96812840703342,244.54960805831533,237.41107370927085,53000000.0,186.68671445706516,151.77875137931835,77.19172370898771,0.5112527350677463,7.633669710250954,0.4977104255270983,2024-10-16
2024-10-17 20:13:29.409162,223.5967301703738,493.6176512226198,1.0,227.01037611812743,231.78400824409783,217.3488408142651,48000000.0,188.06848340418185,152.29904045991617,63.33452350026036,0.6086841504676972,8.27794087951977,0.4529755563168313,2024-10-17
2024-10-18 20:13:29.409162,222.48313068082615,484.79385854127605,1.0,226.13462426502184,227.80329255932338,219.50297590118777,84000000.0,189.43163206417364,152.79930768317683,60.80786593439844,0.6099787418739611,8.619923941727803,0.4589231624143679,2024-10-18
2024-10-21 20:13:29.409162,218.90827913191177,480.67178750300764,1.0,217.0631526073952,221.40600208331884,216.45800350654542,59000000.0,190.7466284296728,153.2575406938746,56.19533228044203,0.611448932115183,8.39342092257539,0.4554215263373285,1729541609
2024-10-22 20:13:29.409162,211.1555170214064,482.48933322419487,1.0,211.4327717749652,212.9066240778859,211.0732489251964,48000000.0,191.62640983155464,153.7048143446906,51.99945797905566,0.6076164448380582,7.6106047145219025,0.43763768954305626,2024-10-22
2024-10-23 20:13:29.409162,203.47176854877128,482.85551433485426,1.0,202.12174613715857,205.13009917513287,195.6337745195898,79000000.0,192.48353440564486,154.06063862116628,43.2160049999731,0.6285828572081229,8.066319428954868,0.4213926578617598,2024-10-23
2024-10-24 20:13:29.409162,206.4371824847851,482.86689582157226,1.0,208.1558708681358,209.39046189005475,201.69584110439246,65000000.0,193.18756088589956,154.4666189329414,43.80702811466273,0.5927641967359825,7.665021094934677,0.42752399112708533,2024-10-24
2024-10-25 20:13:29.409162,196.83986837302785,483.9722541404701,1.0,198.15138467928693,198.47308142249526,195.50207355903044,46000000.0,193.70527191329546,154.82186987453895,42.184213589465564,0.6187401563538082,7.597332811797634,0.40671725845650697,2024-10-25
2024-10-28 20:13:29.409162,189.58038050472769,482.730016991964,1.0,191.00386807353559,191.1839043686391,187.17197495052548,76000000.0,194.22335294822355,155.14174793852627,41.052743978310325,0.624707783794273,7.008506843781388,0.3927254859477355,2024-10-28
2024-10-29 20:13:29.409162,191.18854055810732,479.31790724129837,1.0,191.17186063099314,193.5586870523547,188.88682517830424,41000000.0,194.73857622302515,155.50166244156404,35.50205919498636,0.6124074489831817,7.081610260120063,0.39887627328277375,2024-10-29
2024-10-30 20:13:29.409162,202.55986901477917,474.43191002536923,1.0,201.53299883537122,205.20146626749008,201.20931558184964,12000000.0,195.51292526910973,155.94507332647893,36.32944685992073,0.6513660909515133,6.718179890023167,0.4269524556304565,2024-10-30
2024-10-31 20:13:29.409162,205.36779024749922,477.73949810148446,1.0,203.88904301823453,208.4371543555387,202.09951609934123,28000000.0,196.37959961847838,156.40861798573664,28.07915980721664,0.621541839944032,6.9444113647775145,0.4298740025968581,2024-10-31
2024-11-01 20:13:29.409162,217.64396796261755,476.46723761748797,1.0,217.868463031226,219.35718696392277,214.47291773062963,17000000.0,197.43888073283892,156.91696850438012,31.349219942458063,0.6588417377464952,6.498121477817252,0.4567868486633367,2024-11-01
2024-11-04 20:13:29.409162,218.0528856238873,478.6864594135487,1.0,216.41908588077433,220.1271463660638,216.0263304225525,73000000.0,198.53031104206858,157.39537933729832,34.44346690393199,0.6521463775352409,6.058286491568031,0.45552340438254635,2024-11-04
2024-11-05 20:13:29.409162,208.5127201073914,477.3490091378155,1.0,207.72238675050374,208.7344512956688,207.7120830279913,59000000.0,199.52769583490385,157.81988912853666,32.33856892637171,0.6680894459660824,5.621417485756104,0.436813979113533,2024-11-05
2024-11-06 20:13:29.409162,207.09682610273256,478.7105128626208,1.0,209.3913896584151,210.42292483283,206.5116131911086,71000000.0,200.42658500127447,158.2410288724292,39.606456824905834,0.6365973469775575,4.869713500891008,0.43261390869467853,2024-11-06
2024-11-07 20:13:29.409162,208.7603997292784,481.2069670038449,1.0,208.62485082172773,210.1079157045219,208.574015132556,83000000.0,201.32905787903385,158.66423242371903,41.415321886220795,0.6128703582784597,4.386398066164598,0.43382663602958677,2024-11-07
2024-11-08 20:13:29.409162,216.98096470304768,481.7614714474988,1.0,221.83126542833506,224.52596975895642,214.97252529653244,41000000.0,202.41826423555622,159.14763182541475,48.86054047165047,0.58030126703445,4.715358486568211,0.4503908626215115,1731096809
2024-11-11 20:13:29.409162,215.89229683523752,481.6566765653324,1.0,216.3691685542567,219.17561021915193,208.040676683184,20000000.0,203.43725729127866,159.63040559429277,53.0400088666905,0.5634121971566249,5.379755513945241,0.4482285979605925,2024-11-11
2024-11-12 20:13:29.409162,212.45789766866224,478.74134050190276,1.0,212.2878345049518,214.84632076684866,209.52801415832107,71000000.0,204.34433350096836,160.08716408942055,56.09990143945751,0.5571066009688374,5.081325653444135,0.44378431460697687,2024-11-12
2024-11-13 20:13:29.409162,213.75625164968386,477.84278050262435,1.0,212.356550493431,214.03272013746272,210.28734851183447,40000000.0,205.25400495337425,160.5523175320399,55.083327543874006,0.558112561788733,4.7992364277274175,0.44733594473236976,2024-11-13
2024-11-14 20:13:29.409162,226.27707724195986,481.2623990929287,1.0,224.03182704138425,227.51583853660335,222.41079930447862,45000000.0,206.15745196950516,161.08730008129697,69.64722005942798,0.5311452146317999,4.951667239774555,0.470174020801212,2024-11-14
2024-11-15 20:13:29.409162,221.82432103964555,478.24043065776215,1.0,220.66781071460375,223.71880276881944,219.81408825161932,30000000.0,206.97376849219404,161.59344536594116,72.35817938257486,0.5359260902933118,4.944009032566448,0.4638343118220952,2024-11-15
2024-11-18 20:13:29.409162,221.3740941728381,487.1103137263139,1.0,220.6247223225327,221.50181114785545,212.9532016708246,89000000.0,207.68601441439267,162.08950316223826,71.27248079607577,0.5325147511485492,5.220919575636474,0.45446398471706057,2024-11-18
2024-11-19 20:13:29.409162,212.37566564197087,489.5163655075511,1.0,214.70489132606272,216.4935211809654,206.69618367762823,68000000.0,208.3307836354402,162.50277185020303,57.15678348007376,0.5375721815723867,5.6355757769005255,0.43384793769207464,1732047209
2024-11-20 20:13:29.409162,203.7469557693371,492.9417651589979,1.0,203.82663048545325,205.29821062172775,201.22783518135796,29000000.0,208.75990703583886,162.88457350907075,48.91069528007998,0.5416610719766233,5.473628432912834,0.41332865293655674,2024-11-20
2024-11-21 20:13:29.409162,197.61698147377692,502.0616095798755,1.0,197.32777671199554,199.0239034670957,195.68867947478768,38000000.0,209.06858789950692,163.26936798612596,35.32852848191091,0.5495384411908892,5.36298234427104,0.39361101845477203,2024-11-21
2024-11-22 20:13:29.409162,190.19505214761568,506.02954186568087,1.0,189.10999520683205,193.2087863908947,187.14536375590674,25000000.0,209.1845042111032,163.62283200181088,31.4933702837467,0.5407075573213137,5.50316853651937,0.37585760595396334,2024-11-22
2024-11-25 20:13:29.409162,187.36003916741487,513.6931201968586,1.0,188.7380236245399,193.87639878619726,186.80508730331584,88000000.0,209.1493265267758,163.95845036601224,34.573445465212416,0.5269093826774905,5.935235909033935,0.36473145502827514,2024-11-25
2024-11-26 20:13:29.409162,192.77352190211772,514.5849520671146,1.0,194.7838284275786,195.7199506408494,189.8301630448076,21000000.0,209.20200967298894,164.30348584830307,40.12960654826548,0.5362033364210322,6.076555620056821,0.37461943091755096,2024-11-26
2024-11-27 20:13:29.409162,182.27192621331187,509.351024342477,1.0,183.41619534658668,185.8600176634218,181.4219259226721,40000000.0,209.1214875897914,164.60481662511833,33.72842501310846,0.5236542651430313,6.28399784639852,0.3578512999921956,2024-11-27
2024-11-28 20:13:29.409162,181.7983896815826,521.0327620315549,1.0,179.6791621989548,182.50848488679608,178.63536429975795,27000000.0,208.9763531650848,164.88747157927313,26.11433917691315,0.5191354922435015,5.878260426728103,0.34891930590455367,2024-11-28
2024-11-29 20:13:29.409162,175.16665193981495,518.5333318519505,1.0,172.47056103870193,182.19967678417527,171.94517192212513,29000000.0,208.69761065022223,165.12750972155135,24.286433701542336,0.4683891945834479,5.815372664305402,0.3378117493704876,2024-11-29
2024-12-02 20:13:29.409162,169.98401410141236,523.9244014872374,1.0,172.62096087682167,173.281560583078,168.6475274515905,56000000.0,208.36504997770425,165.3446998629202,23.761861203851495,0.4707737845306249,5.766495987373967,0.3244437816198051,2024-12-02
2024-12-03 20:13:29.409162,176.5754846840751,517.2029154865513,1.0,174.86262433669995,177.07291196401934,170.35913725401335,29000000.0,208.31074583216127,165.59383178268897,28.441514212705698,0.48769179687593994,5.978524779115235,0.3414046583978828,2024-12-03
2024-12-04 20:13:29.409162,176.06043498186474,514.8532501258452,1.0,177.26091180769143,179.15297738556848,174.11228811796394,27000000.0,208.2215501013899,165.8691632971342,16.173395498119888,0.48799516043871594,5.973928353078078,0.3419623648851987,2024-12-04
2024-12-05 20:13:29.409162,168.61305028418735,513.1979452045327,1.0,168.94393693582487,170.48616013509596,165.60280862684166,33000000.0,207.75356687717888,166.11634559362017,15.54619305622083,0.4991373473923065,6.043830995296233,0.3285536348299044,2024-12-05
2024-12-06 20:13:29.409162,161.8617661556521,516.4814850093059,1.0,162.79316074835134,164.59758202546368,161.06131354413188,94000000.0,207.1091516056061,166.32688478133306,14.373362215937817,0.4735625665381745,5.685806638460586,0.3133931628792767,2024-12-06
2024-12-09 20:13:29.409162,161.69583225210485,509.3702035617034,1.0,159.6985276836504,161.8638950389971,157.00563435548992,42000000.0,206.3532809194587,166.5499197274509,16.073095599759824,0.47479132224257,5.33301543704416,0.3174426598208302,2024-12-09
2024-12-10 20:13:29.409162,162.27732720276046,509.4219514383834,1.0,162.84790614615406,163.4228400060094,161.86531904913002,86000000.0,205.47673965473314,166.76219801228467,18.88651165099168,0.47874239413403197,5.153525831080559,0.31855189346387747,2024-12-10
2024-12-11 20:13:29.409162,165.62962172209527,516.0472540227271,1.0,165.32244713306767,169.0920551316946,165.1312253033208,29000000.0,204.6545606361573,166.98955511068766,24.95698957055008,0.48909683145099997,5.198211962228115,0.32095824642214027,2024-12-11
2024-12-12 20:13:29.409162,175.3356362995906,522.7418522396384,1.0,174.343686794466,176.718008816814,173.0491555840645,69000000.0,203.8017545690406,167.26403622269382,38.76821158086248,0.4891457333408869,5.0271712906396555,0.335415340379542,2024-12-12
2024-12-13 20:13:29.409162,174.77470335679274,521.8034650395408,1.0,172.8576465618201,177.79101158456126,172.7169342070932,12000000.0,202.90090847842055,167.5047285592827,40.14844206744806,0.48931140409733875,4.884511711681559,0.334943546884168,1734120809
2024-12-16 20:13:29.409162,166.97152855628767,524.1478953066834,1.0,164.05186342109053,169.99415498558207,162.15531327805357,60000000.0,201.95283192367557,167.70662431674012,30.531071119591246,0.5017170371741687,5.023729862502037,0.3185580444973288,2024-12-16
2024-12-17 20:13:29.409162,166.24392972236777,526.8343741315313,1.0,166.22864013482842,167.99457721931182,164.2523321977995,28000000.0,201.0735565107521,167.8743138666467,35.81355846558449,0.49214574025550967,4.974026525413655,0.31555254912213215,2024-12-17
2024-12-18 20:13:29.409162,171.85704704553132,526.6455717151375,1.0,172.54343635124576,173.65133393433484,170.14501647693706,52000000.0,200.07597476740975,168.06047410567294,41.93467286719956,0.5048561130631659,4.947826301867916,0.32632391930276927,2024-12-18
2024-12-19 20:13:29.409162,171.10003077039067,522.9220712001666,1.0,169.73387346094503,171.17634419660263,165.89147549376634,78000000.0,198.8632066122381,168.2478654533396,46.35315969467215,0.49813659288178885,4.5928522904954985,0.32719986436544235,1734639209
2024-12-20 20:13:29.409162,179.14866343526145,535.3285332746042,1.0,179.69610841232128,179.77483374589175,178.37446481674613,23000000.0,197.5104071351356,168.4467771628887,57.81681207638277,0.5187415385127232,4.361876276042507,0.334651811550954,2024-12-20
2024-12-23 20:13:29.409162,,,,,182.28249641773604,175.00895481995292,11000000.0,195.9778287349046,168.67353124205678,51.27726103855506,0.5169578092824897,4.401859625169444,0.33797708893994277,2024-12-23
2024-12-24 20:13:29.409162,182.96133075151658,532.0179082660953,1.0,182.00939966808028,188.39715325597192,181.8796274275264,50000000.0,194.7080350341369,168.918246776371,55.97441918342137,0.5164472560311899,4.5073479509438,0.34390069941030293,2024-12-24
2024-12-25 20:13:29.409162,188.171454051188,528.2404888092898,1.0,189.41884325357978,190.33473807089615,184.9244236067483,60000000.0,193.6144277570699,169.1911285330841,67.61496749131692,0.48804027184840804,4.544988162079055,0.3562230802779742,2024-12-25
2024-12-26 20:13:29.409162,188.08706403141952,527.5072330480772,1.0,189.75342886073236,193.3057347431933,184.77926454066912,30000000.0,192.9042344342908,169.48804275766724,76.84293207679777,0.48782884604108234,4.901431142164226,0.3565582654565747,2024-12-26
2024-12-27 20:13:29.409162,193.59289532043627,527.3322659471412,1.0,193.5104536028218,197.9713058821622,188.83329492489784,77000000.0,192.32642972708302,169.81056699240057,79.43107033132708,0.4744236269450962,5.207127590289738,0.3671174851641672,2024-12-27
2024-12-30 20:13:29.409162,192.10502837424372,524.4967041057988,1.0,194.004653067123,196.5291406123803,191.9623383129683,70000000.0,191.79036471192964,170.11280640362043,77.06893801295234,0.4591015726951201,5.4220762576134955,0.36626546338696014,2024-12-30
2024-12-31 20:13:29.409162,197.28178502574326,531.7149326578045,1.0,197.5012144050017,198.99968225019197,197.00842849417106,59000000.0,191.51289007201638,170.43168188629713,77.80394599641812,0.44991013676375574,5.281392252445433,0.3710292356086749,2024-12-31
2025-01-01 20:13:29.409162,193.75072688964406,527.9950981413158,1.0,193.99894459975908,198.778672764863,193.06398890847632,71000000.0,191.31846923883387,170.723192588864,68.14462126643485,0.4569103883422047,5.427523011276658,0.3669555410110786,2025-01-01
2025-01-02 20:13:29.409162,183.42997370807188,535.5430065858816,1.0,182.78902238617823,183.54749466870993,181.5840748396519,87000000.0,190.85832506329956,170.96538757410025,57.1525088372847,0.4733920848220282,5.205333186390228,0.34251212592140606,2025-01-02
2025-01-03 20:13:29.409162,181.71617126459822,534.9899874174714,1.0,180.1457306280451,182.9063130951889,179.5851283409246,79000000.0,190.55585112113098,171.2179109339491,63.54813551373453,0.4467536543540053,4.882643404014213,0.3396627517120217,2025-01-03
2025-01-06 20:13:29.409162,187.6046936580855,540.9965749493448,1.0,186.51917210852915,191.81472014251227,181.6995730679275,71000000.0,190.51633738419815,171.48334473948134,67.92711634188598,0.4552834865645189,5.337850693519387,0.34677612085742227,2025-01-06
2025-01-07 20:13:29.409162,183.64754689373507,546.5693368399254,1.0,182.56564547189714,185.64628426877184,181.27276466234196,57000000.0,190.36551751091068,171.72668613218724,60.17813711489719,0.4666355813604085,5.399793704164537,0.3360004568780268,2025-01-07
2025-01-08 20:13:29.409162,186.26256551443697,550.1183777332552,1.0,183.96551405399947,191.61490985289234,182.04064198300864,18000000.0,190.03957144090384,171.9645143371027,62.68221792362572,0.4646255249526735,5.706179358953638,0.3385863353300898,2025-01-08
2025-01-09 20:13:29.409162,196.96187547979596,551.6454755000735,1.0,192.98373594925542,199.90727674290727,192.26259162643947,60000000.0,189.8714531455498,172.24738913934561,64.26668620715483,0.46291054932409076,6.152201943762364,0.3570443051331973,2025-01-09
2025-01-10 20:13:29.409162,190.45814834519223,560.3710848765397,1.0,190.0984225868727,190.6844198292624,187.6034608841713,15000000.0,189.3277367532013,172.47215833616315,59.24582869386569,0.4826538781724989,5.8527317542843615,0.33987861523432056,2025-01-10
2025-01-13 20:13:29.409162,187.46398963650816,562.5153795226101,1.0,187.96713559763614,190.43387915256721,185.0312381993916,19000000.0,188.71595883345373,172.70390301676915,53.427282740572764,0.45343013427583306,5.773097120336511,0.333260203117652,2025-01-13
2025-01-14 20:13:29.409162,192.52754259084705,567.1622673559792,1.0,194.66485771516992,202.34531590154566,192.00853819741673,90000000.0,188.3962552831228,172.96114607697433,53.323132879937745,0.45740525875840654,6.124987351763731,0.33945760088797866,2025-01-14
2025-01-15 20:13:29.409162,190.68794722618162,567.3661311569441,1.0,191.21174795337816,194.4222319847844,188.4817475826307,63000000.0,188.06807770559178,173.19914157244955,51.932388745837116,0.4505352711025663,5.940274080308695,0.33609328571894215,2025-01-15
2025-01-16 20:13:29.409162,174.35842075029797,565.5296468003672,1.0,175.82640682200264,182.9955824680392,173.90535519530454,68000000.0,187.38003812601218,173.35142300985345,37.68927377933422,0.5546751113153642,5.936860959985146,0.3083099564041896,2025-01-16
2025-01-17 20:13:29.409162,172.53298690919502,559.8914795090146,1.0,171.020538988561,174.1488544445327,168.13812173009734,13000000.0,186.4910785701351,173.50499806381168,37.52711577993558,0.5290682506491314,6.039998846772529,0.3081543356589286,2025-01-17
2025-01-20 20:13:29.409162,173.90559787458645,566.5614839467943,1.0,173.68843665498244,177.13201471155188,173.67273500351413,73000000.0,185.65134459092212,173.65582680352304,34.34369275689896,0.52964662315422,6.14485784334516,0.30694920640055,2025-01-20
2025-01-21 20:13:29.409162,174.34243479007515,567.9326087013667,1.0,171.18046710919532,175.2815208862584,167.7110820130299,72000000.0,184.88903533335036,173.82037988919328,36.43914668955493,0.5188205903736164,6.277411773119575,0.30697732815294076,2025-01-21
2025-01-22 20:13:29.409162,162.31742028172576,564.8555396545555,1.0,161.34970122445293,166.15133498616035,161.22803746029362,49000000.0,183.8602587059912,173.89518876713296,35.59150513855408,0.5570671854583069,6.488831608605911,0.28736094255354744,1737576809
2025-01-23 20:13:29.409162,167.43392918265917,567.4269730096038,1.0,166.1503526627518,168.81088891128368,163.43999720305519,71000000.0,182.68339574480515,174.0211535438778,40.68553035920491,0.5732014951964752,6.635239248174782,0.2950757315863892,2025-01-23
2025-01-24 20:13:29.409162,165.4692360401528,564.6497943429647,1.0,168.68295841665437,168.90403837968006,165.02453046042987,85000000.0,181.55629404481533,174.19539238998027,34.785191178250756,0.5588242690008078,6.189836451365169,0.29304754504107344,2025-01-24
2025-01-27 20:13:29.409162,173.55026090559824,564.3376890525012,1.0,173.03577063788433,174.30268185146514,172.98633816151857,21000000.0,180.59981737947055,174.38799716535829,43.43197707464335,0.5931595243545177,5.971466743044933,0.3075290987511071,2025-01-27
2025-01-28 20:13:29.409162,174.54758232916578,569.9330314435499,1.0,174.70779964814713,177.3222780748845,170.3112471344097,91000000.0,179.84325571321443,174.59659115489075,42.21588717493434,0.5829895848240267,5.788378390944296,0.30625981071331215,2025-01-28
2025-01-29 20:13:29.409162,173.99134293194018,578.1892867644293,1.0,175.74055812489954,267.5824565742063,85.96234336747887,36000000.0,179.2481434564665,174.7991132537393,32.35919404534694,0.5811597994006439,5.704016428899915,0.30092453615943454,2025-01-29
2025-01-30 20:13:29.409162,178.65012913026075,564.575435123675,1.0,176.1968945974989,180.65674625669516,174.0898447182721,15000000.0,178.86880640959617,175.04441006938163,40.66726534909968,0.5615932306419795,5.953012328423627,0.31643269971731225,2025-01-30
2025-01-31 20:13:29.409162,176.56246809302968,564.232358062682,1.0,174.90292264942568,176.69685451456857,174.28054800429948,59000000.0,178.59615472850447,175.27466743712645,41.25847529286833,0.5621319439320437,5.7397027253588755,0.31292510181313443,2025-01-31
2025-02-03 20:13:29.409162,174.72224105322778,563.3997827569865,1.0,173.80068099786806,177.01825542844117,171.2321311773856,64000000.0,178.3433987662207,175.4796310348042,34.94431264466854,0.5489487762967357,5.414656050139349,0.31012124321068724,2025-02-03
2025-02-04 20:13:29.409162,175.56889256685605,557.7627813275657,1.0,174.6034675328534,178.42579350513844,174.4214516541358,59000000.0,177.9993061795155,175.68363865029264,36.997389648024516,0.5453021678518214,5.276360153628559,0.3147734098517181,2025-02-04
2025-02-05 20:13:29.409162,170.10215589051714,560.5680463653214,1.0,170.51275660193963,172.8118211396478,167.98998006498653,53000000.0,177.75591077305958,175.83756432541932,45.49846889619895,0.5514903993250376,4.971475425194746,0.30344604369343914,2025-02-05
2025-02-06 20:13:29.409162,173.4236821412886,551.6266898757216,1.0,175.0807559809633,175.76164751181264,172.1408429626406,89000000.0,177.5884166222537,175.98404670247083,50.91312451341735,0.5104067545927293,4.800766270533081,0.314385952174214,2025-02-06
2025-02-07 20:13:29.409162,177.95245200119408,550.6196284860944,1.0,177.15811391730188,179.4851712219865,176.20859587326925,11000000.0,177.64413262348128,176.16698140602963,53.896601355291175,0.5118014897922936,4.787715959153045,0.32318581248268774,2025-02-07
2025-02-10 20:13:29.409162,178.3565952586824,551.1000199742705,1.0,176.6504460494125,180.94055638988968,173.26137491241212,48000000.0,177.8115842466267,176.33917782523557,53.86755655490098,0.5097968869415435,4.795483288027979,0.32363743203458684,2025-02-10
2025-02-11 20:13:29.409162,178.58849498735668,567.5097288744832,1.0,180.05972292113196,180.67058195186755,177.67139327297312,79000000.0,177.85184445269232,176.45075212045373,70.28701548838173,0.4984447360172435,4.658046941815671,0.31468798841835416,2025-02-11
2025-02-12 20:13:29.409162,167.0289288855687,565.0643825859314,1.0,167.1395958245315,167.1750762586907,163.3484132080109,29000000.0,177.67121433076642,176.51309519462188,49.56493914243846,0.5440590039935167,4.547744894847908,0.29559273957630483,2025-02-12
2025-02-13 20:13:29.409162,179.87697568706471,573.9699586784518,1.0,184.38744548128778,184.5983213094851,179.2312589995936,76000000.0,177.89649283882395,176.61260062005059,62.54404565744035,0.5344939118609623,4.653998779893716,0.31339092398010854,2025-02-13
2025-02-14 20:13:29.409162,190.8563995891943,567.2525163428942,1.0,191.83031285589203,194.41322341880382,190.2503195572735,26000000.0,178.47638550749483,176.72716256375097,64.34360975718252,0.5712014314488122,4.857324506435412,0.3364575635902952,2025-02-14
2025-02-17 20:13:29.409162,188.0236867054701,564.2298285156495,1.0,185.55571167509405,188.29879663366887,184.23983700636694,24000000.0,179.0029425965621,176.83871241651036,60.839435417228756,0.5757087202005954,4.646462269780208,0.3332395368038489,2025-02-17
2025-02-18 20:13:29.409162,180.96801965999128,566.9307374562617,1.0,183.61794615400237,184.73772861654467,179.2054586273168,48000000.0,179.37675644570672,176.89925804711405,55.08046313155866,0.5947998169719075,4.579937437021736,0.31920657622475945,2025-02-18
2025-02-19 20:13:29.409162,179.14130763183107,563.5445442827273,1.0,180.36409012437818,182.25380066752044,179.05777794502492,58000000.0,179.64699016390142,176.92982686832957,50.37306730269647,0.5345888873327684,4.339160378741198,0.3178831370993751,2025-02-19
2025-02-20 20:13:29.409162,175.8337607902881,566.8691455520061,1.0,178.67770986485846,182.39835562938276,172.5912511400336,53000000.0,179.6569526537154,176.9548719423674,49.45659110759279,0.5317269195894202,4.867074520104061,0.31018403836226544,2025-02-20
2025-02-21 20:13:29.409162,182.32524953277033,575.2811178707952,1.0,182.57828524520986,184.85133732869085,181.45741483851333,99000000.0,179.80796357723491,177.02304905342953,55.301892561109206,0.5418224669164251,4.69620296575563,0.3169324420164952,2025-02-21
2025-02-24 20:13:29.409162,187.9474404902741,575.0205017259781,1.0,188.47996352658012,193.25725052493078,186.33857450544411,29000000.0,180.2274818159147,177.1317521013908,58.09304758931308,0.5262302680892152,4.904369692075917,0.3268534598786168,1740428009
2025-02-25 20:13:29.409162,181.83201281849483,571.1375968203301,1.0,186.1474600116062,186.60149660426717,181.26288940946705,55000000.0,180.5392434778372,177.19801326776044,57.60443329793805,0.5423383339347689,4.94128155780012,0.31836813725939317,2025-02-25
2025-02-26 20:13:29.409162,181.80494952375594,577.9288099134886,1.0,181.45312389251347,182.17902584412286,180.01512230175632,91000000.0,180.7382015274017,177.24564298887432,55.676007422064146,0.5420158046601858,4.837217200171155,0.3145801808201441,2025-02-26
2025-02-27 20:13:29.409162,181.36580741946983,570.4058151187045,1.0,183.39051907706937,186.05039947944738,179.8520335084066,34000000.0,180.9435170603833,177.2609143396018,52.447164425052655,0.5347077300477394,5.045916530337122,0.31795925394225977,2025-02-27
2025-02-28 20:13:29.409162,186.4585972578404,570.4721710313977,1.0,184.65001098493366,189.67159397489007,182.07173362844455,14000000.0,181.08971573683485,177.28343248921078,55.44272273047769,0.5405101733316433,5.040250735263405,0.32684959359319576,2025-02-28
2025-03-03 20:13:29.409162,191.22385825372285,563.5283493435193,1.0,192.01348978951106,192.06637442948332,189.0929640366843,80000000.0,181.35548112250382,177.36269075179874,58.00080860164506,0.5434954850567346,5.038409429113734,0.33933316482922027,2025-03-03
2025-03-04 20:13:29.409162,201.7886436934239,561.4003256906495,1.0,200.35723203984293,204.31718732407126,198.8466814117146,73000000.0,181.73202738134194,177.49641073241608,72.2909395794563,0.5719168942913404,5.155826776376366,0.3594380595436566,2025-03-04
2025-03-05 20:13:29.409162,201.43341008893051,557.7338749523129,1.0,197.38312972379745,203.9913469555209,196.87664491794905,10000000.0,181.99726650209678,177.63086135656033,66.46146451279981,0.5547787727143212,5.2806581854963905,0.36116402308565776,2025-03-05
2025-03-06 20:13:29.409162,206.6974220337774,555.8764597264369,1.0,209.01451064345824,209.87433976087857,205.2556774119026,68000000.0,182.36947366214395,177.81377443176797,63.25386010112328,0.5569224820144432,5.31321236317108,0.3718405743166373,2025-03-06
2025-03-07 20:13:29.409162,209.90317779701576,544.9529634923053,1.0,208.65465337967927,210.82435639886307,206.720153498899,95000000.0,182.69567931167555,178.00626698876545,68.19255927669025,0.5539644560153455,5.316444025504089,0.3851766883729949,2025-03-07
2025-03-10 20:13:29.409162,208.77243580746222,541.7842598609684,1.0,208.25324108927583,209.3966821048628,207.22459434884487,72000000.0,183.02902746033993,178.19229477597648,75.64597345921557,0.5558372211092638,5.076431008846236,0.3853423793836997,2025-03-10
2025-03-11 20:13:29.409162,219.157663294048,537.5139482064063,1.0,217.02514260881682,221.90419009578397,211.83214546325172,99000000.0,183.466545025706,178.4105302814349,81.87707566933145,0.573843304539505,5.567575430991718,0.407724607008507,2025-03-11
2025-03-12 20:13:29.409162,226.53495513197993,538.4193810673262,1.0,224.3750722519167,228.8013003983173,223.12707924170104,72000000.0,184.12222959055273,178.64567625094875,87.92932106451775,0.5038637524459184,5.272369478653652,0.42074071457627016,2025-03-12
2025-03-13 20:13:29.409162,229.43798122566815,541.1633927349626,1.0,231.52888155803402,234.00559981566593,229.1387422364374,86000000.0,185.04238974090467,178.9167786380407,87.24447386907613,0.4491808386285451,5.3775791278715825,0.42397173257806914,2025-03-13
2025-03-14 20:13:29.409162,234.7996389961807,539.1096620045098,1.0,236.87883988186093,238.54035388656163,231.80060811531135,85000000.0,186.1040590955363,179.24881721237819,87.19171352273469,0.4138351744919076,5.364798395854698,0.4355322405522321,2025-03-14
2025-03-17 20:13:29.409162,250.1032899173405,545.6605784004345,1.0,253.24934283486212,262.1882336203846,247.96353887317863,29000000.0,187.35403102072138,179.68127731787482,97.29523559774351,0.4445770737418801,5.999518935312259,0.4583495671439206,2025-03-17
2025-03-18 20:13:29.409162,263.9509883652994,548.4629864993417,1.0,264.75541232931795,267.78783591434,263.78925754864474,12000000.0,188.9600998501527,180.22452682158294,97.76139406574703,0.42142433944310986,6.130567136978597,0.48125579093315207,2025-03-18
2025-03-19 20:13:29.409162,263.53653705595184,553.0645180593433,1.0,263.7281995722049,264.56880619616055,261.9122627194437,87000000.0,190.50557928098297,180.75401253611813,97.78947086085894,0.4145473404863513,5.877579815955461,0.4765023400537053,2025-03-19
2025-03-20 20:13:29.409162,265.6462687123927,551.0317807533706,1.0,266.077803505745,268.32778050193974,264.83010837983704,79000000.0,191.8792671456349,181.33063083941633,97.7100124415878,0.392182203727898,5.584566371359545,0.48208883405817565,2025-03-20
2025-03-21 20:13:29.409162,271.91396193170146,549.1540325501558,1.0,273.77506091391916,282.89309281711627,270.4518105767779,97000000.0,193.5083834173651,181.9472312753048,97.75073338027079,0.3878963794577481,6.260842931898068,0.4951506240771651,2025-03-21
2025-03-24 20:13:29.409162,263.72638476781964,548.0533548329178,1.0,266.04004303264594,267.8065051738635,261.3304216163988,38000000.0,195.03363131999131,182.49322269960277,87.71459814652215,0.42485067712507757,6.332669906548645,0.48120567540038245,2025-03-24
2025-03-25 20:13:29.409162,252.68548311410527,546.8166444976869,1.0,252.32440809601988,253.77974370165606,251.83814191969947,49000000.0,196.2367901304565,182.97179790415316,77.61443688950693,0.4404015656752188,5.96316274543327,0.462102764531291,2025-03-25
2025-03-26 20:13:29.409162,260.0156988731125,545.332315328319,1.0,262.7874340610315,263.88490474207885,257.03962619501937,44000000.0,197.6233451633951,183.49682148645098,78.10200167175574,0.4375392604810299,6.122206759582093,0.47680229387574297,2025-03-26
2025-03-27 20:13:29.409162,247.7914379582493,541.1435043725603,1.0,243.0782203353071,248.24958087670154,240.2809642667758,72000000.0,199.09200550755418,183.9533523229485,68.23582752169163,0.4910566705262084,6.39823631029364,0.45790337674949283,2025-03-27
2025-03-28 20:13:29.409162,253.77581236405032,532.2181150013901,1.0,250.9881268712202,256.0861825316356,248.53942908493406,90000000.0,200.71686201665128,184.43442993471646,70.69353696423795,0.48999044387120416,6.782141002485326,0.47682670922125137,2025-03-28
2025-03-31 20:13:29.409162,255.75477478373,533.1657714201415,1.0,256.68414234346636,256.7137540837629,250.09096587382473,95000000.0,202.35384555483412,184.9332881913428,68.23809762332823,0.48944234640281953,6.5357655437286075,0.4796909113323255,2025-03-31
2025-04-01 20:13:29.409162,242.79041607119734,534.2715990333819,1.0,240.14108776938673,244.29838768617344,235.1495875132731,41000000.0,203.72280518045656,185.3927543078963,57.67356583703466,0.5178063445219344,6.78394975917747,0.45443257045753527,2025-04-01
2025-04-02 20:13:29.409162,246.20852958262142,542.9830652254819,1.0,246.7504608885843,247.4846220906634,241.4369002791417,99000000.0,205.40062736647448,185.86955241463755,57.878405322593714,0.5161672263871708,6.8682972043412684,0.4534368479436455,2025-04-02
2025-04-03 20:13:29.409162,238.12187504591603,546.4384139045776,1.0,237.5491932631719,239.89713142202413,235.11764725246906,90000000.0,206.81438628373962,186.29795835404624,51.52174665641035,0.5347316641701926,6.728278518505896,0.4357707455894532,2025-04-03
2025-04-04 20:13:29.409162,245.0209946451558,532.5329105040307,1.0,247.12904959741442,247.4381710554145,244.14673050402288,63000000.0,208.40542145583967,186.7446319503021,47.47787206634816,0.5394742445417021,5.947331790233442,0.4601048870636912,2025-04-04
2025-04-07 20:13:29.409162,233.11414770952123,532.0466346613058,1.0,231.71164313938036,237.1198815058781,231.29348197294416,63000000.0,209.59669919191816,187.17590234087885,34.39640585949513,0.5746812179546414,6.077890445036205,0.4381460806681331,2025-04-07
2025-04-08 20:13:29.409162,237.96385780552023,537.1233097156862,1.0,236.01202546944762,241.6274931676703,233.64031969295738,88000000.0,210.86502470144526,187.63661115214936,37.61595851169177,0.5543890545012868,6.458649730607353,0.4430339430464876,2025-04-08
2025-04-09 20:13:29.409162,234.1720877208798,531.7542370192728,1.0,234.6973940388624,236.35054691776713,232.5962491868598,94000000.0,212.06863959722403,188.08610862644252,35.00237619634528,0.5479465759242698,6.476980131236254,0.44037653377906705,2025-04-09
2025-04-10 20:13:29.409162,237.54580635860773,537.2393526258656,1.0,236.08554704011095,238.77628714642756,235.1490358899852,97000000.0,213.24655314179097,188.5604800279872,33.15890532557734,0.548383612837717,5.847406489529397,0.4421601008890259,2025-04-10
2025-04-11 20:13:29.409162,234.28604080186258,536.9136188902322,1.0,234.30815530665475,235.15847429530777,228.11874106206105,62000000.0,214.4010245959676,188.98886838118804,34.84156317194879,0.5452845923379803,5.887667180656682,0.43635704619696103,2025-04-11
2025-04-14 20:13:29.409162,236.31410797522454,542.4182351622692,1.0,235.52924710075177,237.60770587654648,234.45401383609567,36000000.0,215.63286193440754,189.46193472772458,40.7082122929029,0.49045221548566154,5.9742450562634115,0.43566770557506995,2025-04-14
2025-04-15 20:13:29.409162,231.46566590731487,547.8712831809239,1.0,227.76320141870144,234.13924617495687,225.1287812591327,31000000.0,216.75079740121674,189.9320308591709,33.32633794783952,0.44369698428837423,6.128901225460889,0.4224818365427593,2025-04-15
2025-04-16 20:13:29.409162,234.96168618345635,542.1694839279063,1.0,234.63420877459743,238.5476958043116,232.36061367444734,57000000.0,218.0479880070755,190.419877824545,41.656631601037205,0.4498936816253492,6.001648762599355,0.43337312989511567,2025-04-16
2025-04-17 20:13:29.409162,229.25567820020572,538.3204514266455,1.0,231.6729465192175,236.8660121520923,228.79805162584583,24000000.0,219.16462792825382,190.89420240146185,33.99626947072406,0.4517904847864855,6.038877839709708,0.4258721317249552,2025-04-17
2025-04-18 20:13:29.409162,224.3003364664138,536.1182880912598,1.0,222.131025301986,225.26927560883433,218.29421867626866,86000000.0,220.09158561755828,191.35672627306437,30.238199101143834,0.4395880020296855,6.064039891325957,0.41837844641522964,2025-04-18
2025-04-21 20:13:29.409162,211.83440796792453,528.7410185663259,1.0,210.66986592468854,213.30998194896898,207.96522634719196,61000000.0,220.7611418717431,191.74193268946394,30.428772983525917,0.4642494068707189,5.792322421960007,0.40063925538122735,2025-04-21
2025-04-22 20:13:29.409162,212.002039298728,533.5042367933344,1.0,213.42138544857943,215.1748907930641,207.58753593108207,89000000.0,221.42941275797054,192.14765817682968,27.446773107336426,0.4504951241685555,5.902296211278601,0.39737648677915194,2025-04-22
2025-04-23 20:13:29.409162,214.3868808274672,528.8143098177154,1.0,214.29849262238076,217.54778341373566,212.63909002163294,14000000.0,222.3765717968085,192.5740318857761,33.078634422999855,0.43510839837689375,5.911525441460575,0.4054105133829818,1745439209
2025-04-24 20:13:29.409162,210.59058185089876,520.3388925008662,1.0,209.26653415537993,212.84723911245527,204.26009517667703,45000000.0,222.99084392008518,192.97840149401134,24.31731163853972,0.413250133277092,6.289789968916763,0.4047181267553399,1745525609
2025-04-25 20:13:29.409162,212.39686855262673,520.8504206731585,1.0,215.71697931258737,218.10632871365613,207.8699783391505,62000000.0,223.4216532993538,193.40438373012176,31.804548756032702,0.400803220266886,6.604786457600454,0.4077886090177682,2025-04-25
2025-04-28 20:13:29.409162,,,,,229.71536492346044,224.22777274370588,99000000.0,224.2072587643593,193.9230089080687,42.043333690874164,0.4865621359514431,6.426244936531999,0.4387807907502864,2025-04-28
2025-04-29 20:13:29.409162,223.349455996647,511.2074892880358,1.0,220.77730200870883,225.5749809085681,220.35729305616218,79000000.0,225.05488749109242,194.4154036723163,41.9414441881759,0.4590644055808803,6.530772802353328,0.4369056805245718,2025-04-29
2025-04-30 20:13:29.409162,221.90347790194105,511.92382928962485,1.0,221.62221403006785,223.47358686652922,219.0940657018565,41000000.0,225.9101308964946,194.8669639976787,38.00843333305971,0.4542384764604308,6.584506367226926,0.43346971796539957,2025-04-30
2025-05-01 20:13:29.409162,217.30187998400416,510.9192000143472,1.0,215.26483507711458,223.85526231192856,215.03352298031322,17000000.0,226.73949328036892,195.2696623058014,37.24223963976235,0.44628602564215725,6.711792517110398,0.4253155488732897,2025-05-01
2025-05-02 20:13:29.409162,205.23951668748956,510.4275089125865,1.0,207.71474021279462,207.97757916937834,202.41096725335964,97000000.0,227.19777862346334,195.59818819798156,29.715882997186696,0.4634447612368708,6.884143936793819,0.4020933689971595,2025-05-02
2025-05-05 20:13:29.409162,190.15138295419993,512.2200690158116,1.0,187.54613496804015,191.13601439556368,186.3384984613706,78000000.0,227.24185747274183,195.84774735754002,26.211871040047527,0.499164903440189,6.583219009534456,0.37122985696277,2025-05-05
2025-05-06 20:13:29.409162,186.30917382084968,508.656852186391,1.0,189.0564733183262,192.66742306264504,185.57613791962524,73000000.0,227.33140069278895,196.08570104739513,22.09786613434224,0.4870477564168239,6.6478049390455665,0.3662767404391104,2025-05-06
2025-05-07 20:13:29.409162,177.62879328878407,503.53904808721836,1.0,179.46912846832566,181.51134701300103,173.84025764497585,96000000.0,227.24787756808945,196.25824614452114,21.36884753810054,0.502485614391247,6.619456999172617,0.3527607123291397,2025-05-07
2025-05-08 20:13:29.409162,171.91285626276874,502.8710228256675,1.0,171.721322114,176.58176680301332,168.40291101516914,83000000.0,227.05881854495547,196.37181951565594,21.19008388826869,0.49564799500604595,6.70544263169251,0.34186272117406635,2025-05-08
2025-05-09 20:13:29.409162,172.2718196916485,504.21880744393565,1.0,170.235811613138,175.64960828004953,167.59269127927956,40000000.0,226.77508299363166,196.5139798049182,24.900726213078173,0.4995927507306633,6.899168445906292,0.34166083681994247,2025-05-09
2025-05-12 20:13:29.409162,166.48593564734503,501.4531688220319,1.0,170.44275818307005,173.1485396154871,162.23531787861995,38000000.0,226.2803245415041,196.6148090516391,23.045214735881018,0.49579419575384104,7.136730365540943,0.33200694700651434,2025-05-12
2025-05-13 20:13:29.409162,165.1744155516498,502.15901998344594,1.0,161.8145768430674,169.07955681720804,159.3490132598246,78000000.0,225.5480399786686,196.7056869194939,20.480956790196828,0.49659887285494636,7.481148234489567,0.3289285046738678,2025-05-13
2025-05-14 20:13:29.409162,172.51220627708906,509.97571291937373,1.0,176.27522332440716,176.60619479548365,171.12096828648416,51000000.0,224.9696159024318,196.8170061546659,28.090350128934375,0.5308850430351947,7.2595827040053695,0.3382753372499583,1747253609
2025-05-15 20:13:29.409162,172.74023731045435,515.49419394643,1.0,172.57104561047115,174.88132711342948,172.47493869972115,46000000.0,224.2904722079653,196.9081659271455,26.7601661021573,0.532593847310222,6.700299706805562,0.33509637807560927,2025-05-15
2025-05-16 20:13:29.409162,169.01048437973822,509.2330433189097,1.0,169.3634038927516,169.51280610948126,168.928348125383,95000000.0,223.47261833961977,196.98158986063802,10.68850771639687,0.5325891693200973,6.350075835687256,0.3318922183018955,2025-05-16
2025-05-19 20:13:29.409162,171.20075022919684,512.9113038519138,1.0,168.0601799242552,176.57347418498756,167.95626233894592,44000000.0,222.72118462805443,197.0718013074992,13.975155627404874,0.5161085702020874,6.592898978089806,0.3337823692780719,2025-05-19
2025-05-20 20:13:29.409162,169.21442133178013,510.23649527796726,1.0,169.85278656327824,170.83552145258895,164.13188398183408,45000000.0,221.7223197888091,197.08204117952155,13.871595922360868,0.5145158171025191,6.758907285667102,0.3316391965251237,2025-05-20
2025-05-21 20:13:29.409162,164.7384694765111,512.4013788241406,1.0,164.7042911114021,165.5708336841619,163.32574965006486,50000000.0,220.48639007569972,197.10265582768278,13.895539146815196,0.51056481701888,6.289146192987224,0.32150278333472326,2025-05-21
2025-05-22 20:13:29.409162,161.23777010878683,513.688447734789,1.0,160.2033875821301,243.86573227767698,78.19055230167788,90000000.0,219.1223858533621,197.05266538586645,15.747719004304727,0.5111898839185998,6.334106073873666,0.3138824141749668,2025-05-22
2025-05-23 20:13:29.409162,162.36729314380534,513.0729401408095,1.0,160.9910273692655,165.0802759658708,159.6488273568146,90000000.0,217.67373893631458,197.0097302665693,22.36691832399923,0.5103489840699629,6.3793869792210325,0.31646044926720307,2025-05-23
2025-05-26 20:13:29.409162,162.70742632950618,509.6930757045216,1.0,163.08101463964456,165.13293750711927,160.88025135855298,99000000.0,215.92582166455793,197.00488575442523,24.768910501115187,0.41097213123430293,6.176629908188638,0.3192262835915602,2025-05-26
2025-05-27 20:13:29.409162,161.72798886505072,512.886782221975,1.0,160.7538203514537,163.04305371613154,159.68525732918437,91000000.0,213.88136167455295,196.9863888146604,29.650991400415776,0.4125336752220816,5.868537552397352,0.3153288298138586,2025-05-27
2025-05-28 20:13:29.409162,163.21610706881287,510.36585025611043,1.0,164.6422804121485,165.86937236348913,161.75143985278456,73000000.0,211.87495307481015,196.98325726645166,37.51987640819623,0.42084442730682303,5.578471604030237,0.31980217129909494,2025-05-28
2025-05-29 20:13:29.409162,159.26459983681963,512.4794970715815,1.0,162.82982024406743,163.12022735907055,157.7857855339449,75000000.0,209.7473196972987,196.96940990174045,33.07891396720274,0.42166305102217844,5.384009091484215,0.3107726274844007,2025-05-29
2025-05-30 20:13:29.409162,164.51480075982613,510.77924222307496,1.0,167.71990544447965,168.81889956910882,163.1400407344588,86000000.0,207.59933647386117,196.9685843443166,47.399507475921794,0.4260666642846252,5.010126027040134,0.3220859172816127,1748636009
2025-06-02 20:13:29.409162,161.67800620642427,513.7482587476552,1.0,161.71810015243832,162.18796932255017,160.95224098610916,65000000.0,205.55836890263328,196.95956752453668,45.56569364425311,0.3572047962561203,4.403353511258532,0.314702781865462,1748895209
2025-06-03 20:13:29.409162,165.19387315120733,507.1004938935969,1.0,166.3933769891689,170.05886301001027,165.07907683801315,65000000.0,203.80853670337532,196.99231948796464,39.72219617822087,0.3687909690937116,4.367250630044077,0.3257616096620671,2025-06-03
2025-06-04 20:13:29.409162,165.11125619663417,506.7853729280985,1.0,166.42428659892735,166.53341104974444,161.77169576142686,35000000.0,201.91044784984578,197.00711393002675,39.24198516264359,0.3358987575444787,4.535488263944738,0.3258011478165921,1749068009
2025-06-05 20:13:29.409162,163.08527062770574,516.2549139038948,1.0,162.31120819924826,164.91255046144315,156.13761765388867,79000000.0,200.21632450323486,197.00435650395877,41.22279758560524,0.3203783706363326,5.120522179905897,0.315900665030891,2025-06-05
2025-06-06 20:13:29.409162,166.97900176589843,517.4954909241052,1.0,164.6871065095769,168.01074787502296,163.8425536117845,80000000.0,198.48038829127185,197.0266482784036,44.04664674572634,0.33352693602642736,4.802735209705669,0.3226675491755874,2025-06-06
2025-06-09 20:13:29.409162,168.24294820660734,515.2719135689098,1.0,170.21670182866652,174.11504094930913,166.65917229695629,24000000.0,196.73015175972938,197.04314979919104,48.60157370152547,0.31207417741394883,4.856466008391239,0.32651294156770955,2025-06-09
2025-06-10 20:13:29.409162,168.26383466410115,517.474117338047,1.0,167.42154464932867,168.2722828376129,164.09958486565844,89000000.0,195.23962013158746,197.0489485365907,55.821382954746454,0.31044294082327195,4.9941527182381975,0.32516376960005616,2025-06-10
2025-06-11 20:13:29.409162,169.15826277206247,522.857166486886,1.0,169.05770790330408,172.8579505374826,168.44100333918465,32000000.0,193.69861479537627,197.05337645530406,64.31077626069396,0.26591128213173754,4.86707392894313,0.32352671745641115,2025-06-11
2025-06-12 20:13:29.409162,165.94667045605843,525.5893744166161,1.0,166.79669725550067,167.70140812967014,165.56438143662567,13000000.0,192.25511070357913,196.97758617540728,56.01469968268265,0.2733791188166616,4.631758077799434,0.31573444695348496,2025-06-12
2025-06-13 20:13:29.409162,170.09864106168746,526.7720879689232,1.0,171.2417433904584,171.92574078133333,165.02881068909443,79000000.0,190.75666363190976,196.9230369061897,61.00961729650713,0.27878073522555186,4.820632645204621,0.32290746785300894,2025-06-13
2025-06-16 20:13:29.409162,171.89579048112927,532.8208567508287,1.0,171.02554701930381,171.93433647934032,169.7436558872049,10000000.0,189.53229648734188,196.85370686828082,64.78531667229464,0.2774844242716951,4.737267231289495,0.322614605459252,2025-06-16
2025-06-17 20:13:29.409162,175.71158674511372,532.3996766515236,1.0,176.93870371082303,180.05140319079248,172.42702222588917,68000000.0,188.28725106613376,196.83157877905845,67.01803049532063,0.2840398194201486,4.987727835160833,0.33003698997383846,2025-06-17
2025-06-18 20:13:29.409162,180.87723111499002,531.6172753685721,1.0,181.86948407703443,182.95320053863753,178.26332930588373,33000000.0,187.221353934016,196.82451100588634,78.49270108995778,0.27888092989787,4.941687078562844,0.3402395661231799,2025-06-18
2025-06-19 20:13:29.409162,178.2966425358184,527.9800668385486,1.0,177.43701844255824,179.5837691583345,175.30938733727154,11000000.0,186.03637065756018,196.80507952711355,69.54483175990265,0.271215970684358,4.841367291878053,0.3376957838643932,2025-06-19
2025-06-20 20:13:29.409162,183.50804370512336,531.4564982212212,1.0,183.35732431293573,183.88614571177885,179.53903978045096,63000000.0,185.0208107156254,196.80062356280018,79.00492535975198,0.2843546827741305,5.063608548655687,0.345292689654417,2025-06-20
2025-06-23 20:13:29.409162,193.34598686933623,531.2995782617023,1.0,194.949089469456,198.42086363556172,191.31523713666454,81000000.0,184.16144829350765,196.82175888022795,82.02475124078863,0.32948892734596513,5.215454286291406,0.3639114254559031,2025-06-23
2025-06-24 20:13:29.409162,191.3035416095107,541.8833146595655,1.0,190.5227817092667,195.68082199435202,190.23734001298533,47000000.0,183.35820580755157,196.82757976531815,78.52350654828253,0.3325919507947876,5.264151907223485,0.35303456746900547,2025-06-24
2025-06-25 20:13:29.409162,193.86026362364092,547.6042882735929,1.0,189.72159229093322,196.23892456367824,189.16385783636997,14000000.0,182.53617735635527,196.86539093157043,83.13111537631207,0.33301340583747485,5.1427329014916126,0.35401524015601726,1750882409
2025-06-26 20:13:29.409162,203.1567473762923,545.8615092542905,1.0,207.57213404609132,209.62457521542603,197.55107269194306,43000000.0,182.014198739877,196.93589911386735,84.88894927526918,0.3365043240760112,5.707397777223363,0.3721763559658708,2025-06-26
2025-06-27 20:13:29.409162,196.64707459219704,540.2187140381697,1.0,197.9734176474314,203.5279747208621,193.75350807725778,59000000.0,181.46113350239267,196.97361559841363,74.87543443745612,0.36209845442509325,5.873011919455611,0.3640138141869383,2025-06-27
2025-06-30 20:13:29.409162,194.38179299459125,551.3720768787686,1.0,193.93843152450032,194.49226275669426,193.4029108034363,95000000.0,181.112081202926,197.01246432475,72.00811110555514,0.3570887394067556,5.652772918120148,0.3525419605848673,2025-06-30
2025-07-01 20:13:29.409162,193.99510313574467,566.7832275754457,1.0,194.30685388634188,194.69953277267888,190.72801412359917,89000000.0,180.75194247966633,197.08598638062264,71.10921437226797,0.35622314356443896,5.620956593175988,0.3422738953754971,2025-07-01
2025-07-02 20:13:29.409162,202.14864145112875,568.7301935790374,1.0,200.21527497672625,205.80306207061665,199.63789824409992,66000000.0,180.50717769213955,197.19412848027608,78.3842069865946,0.37383514976902193,5.908680674138291,0.35543856073299157,2025-07-02
2025-07-03 20:13:29.409162,200.89999533217093,572.7706323582623,1.0,200.86631237720218,207.00396023922247,194.37253715822897,38000000.0,180.31336596176502,197.23856739946328,75.30176194440445,0.3695282867013047,6.318287316192191,0.35075121520285973,2025-07-03
2025-07-04 20:13:29.409162,203.48155849287127,573.6099949808755,1.0,208.37253466499502,212.30596618920478,197.70276634443363,13000000.0,180.1350597605699,197.28556254325613,75.61600165217581,0.3663875737619096,7.204895834237602,0.3547385161927931,2025-07-04
2025-07-07 20:13:29.409162,206.20974666880366,572.5423675976674,1.0,204.49873426629236,210.29287636250118,202.1178028699982,70000000.0,179.7131754948311,197.3191644438028,75.178119744225,0.3664210350727414,7.244231014780435,0.3601650433906575,2025-07-07
2025-07-08 20:13:29.409162,212.07877739814248,563.6402249040484,1.0,208.13109341237447,214.554913147752,207.09447711053775,54000000.0,179.48776192286098,197.34903637859833,75.4630860645037,0.36959544128957217,7.4421285008133236,0.37626622094660794,1752005609
2025-07-09 20:13:29.409162,208.7623828096492,567.6268667631949,1.0,208.32836862779175,209.4900808525028,205.3841387648234,48000000.0,179.2249400210152,197.35915542939213,74.56756010503703,0.3818224958166781,7.430097091285928,0.36778101078986036,1752092009
2025-07-10 20:13:29.409162,218.79910673301873,570.618871408585,1.0,219.18549559564838,219.51348509329858,212.63259784223538,98000000.0,179.25488455599546,197.36327126478008,76.40387573106929,0.3865083765822103,7.611081471267021,0.38344176419000725,2025-07-10
2025-07-11 20:13:29.409162,216.54315774806275,569.606076656944,1.0,216.30845528754026,217.0233530362132,213.2980458588874,46000000.0,179.4809573772069,197.34690201408142,69.57655405465617,0.39366851294658123,7.36963009115478,0.38016300496470995,2025-07-11
2025-07-14 20:13:29.409162,206.75416922355595,570.4949373214639,1.0,204.97590323448125,208.0461032244318,204.69444564333565,20000000.0,179.81301310259403,197.30879607873155,61.531373714338116,0.4437652021105609,7.220214062564025,0.3624119263779787,2025-07-14
2025-07-15 20:13:29.409162,199.52734694321308,569.186941115666,1.0,201.35053669664964,202.00641601379945,198.50203320835473,64000000.0,180.07737656504128,197.2553943116049,53.953927683976545,0.4680277264650913,6.965165211002343,0.35054800546217485,2025-07-15
2025-07-16 20:13:29.409162,191.13389077947213,571.1375165320168,1.0,193.56586345274047,194.17957551930013,190.65461419982407,23000000.0,180.34747851485506,197.102383094439,41.504595817810845,0.4904432590336208,6.35455512500185,0.3346547639525578,2025-07-16
2025-07-17 20:13:29.409162,195.2817842733125,566.8104895792368,1.0,197.4832113056264,202.88034283447078,193.21631333689405,92000000.0,180.81485707506593,196.9200998231607,49.00196859084442,0.4900593278260889,6.346666757428451,0.34452747058064676,2025-07-17
2025-07-18 20:13:29.409162,190.11406505108005,565.8933226119882,1.0,189.4223107834969,196.01664113310972,182.74930110632778,98000000.0,181.17170198225458,196.63672696196417,47.00727071230692,0.4934176357322389,7.21652304839445,0.33595389352461774,2025-07-18
2025-07-21 20:13:29.409162,191.99252140723158,569.711249961598,1.0,192.87600542556606,194.06440109253631,190.93828551001656,53000000.0,181.6818336974523,196.3238670240912,48.624475190893655,0.4560163633918744,7.156137115068739,0.33699970190192496,2025-07-21
2025-07-22 20:13:29.409162,194.83029150689387,567.9597258771767,1.0,193.32272619480565,196.49717947511337,190.5717032718048,67000000.0,182.27495121655716,196.06576340267617,44.5772006216851,0.4570728961631902,7.13901657055387,0.34303539957167073,1753215209
2025-07-23 20:13:29.409162,196.39239971392485,565.5149874765896,1.0,195.10504031116145,197.9435827659326,192.76598716564968,95000000.0,182.75255508529386,195.8334663117231,46.67537625297446,0.45559376022523335,6.606600321931686,0.3472806275042442,2025-07-23
2025-07-24 20:13:29.409162,198.59172234458114,576.7823763189065,1.0,198.82787241355288,204.4546100964119,197.64054188344656,89000000.0,183.2695847859764,195.7084412725941,46.37299992561325,0.4229023089007345,6.050233776802699,0.34430962265528475,2025-07-24
2025-07-25 20:13:29.409162,199.11536382206728,583.2181733899247,1.0,199.27340028486316,201.36138227944576,198.52776273298045,69000000.0,183.871682374823,195.59160243830033,44.55987919216066,0.40651871534582684,5.668701352085724,0.3414080234583909,2025-07-25
2025-07-28 20:13:29.409162,208.82366984722495,590.0971559842613,1.0,212.5474120858951,215.2602023747619,201.75738511856892,77000000.0,184.62414076718358,195.5411793918769,47.642714303015346,0.4371744824750968,6.1003000105842045,0.35388014961521785,2025-07-28
2025-07-29 20:13:29.409162,209.2694344847627,586.2805772389777,1.0,210.27689567779615,210.66345432853208,205.32796831034375,94000000.0,185.42524103024323,195.53174897919368,50.38312625435305,0.436676213425626,6.188124577049128,0.3569441707762067,2025-07-29
2025-07-30 20:13:29.409162,215.6711514692168,591.6683670242551,1.0,217.75366840436683,218.71124726124776,212.96373360806797,38000000.0,186.44389467009734,195.59274589379592,47.49915290635077,0.4252561553144667,6.107169320057456,0.3645135746464125,2025-07-30
2025-07-31 20:13:29.409162,223.12803668621905,586.637087408735,1.0,223.50517359365332,224.01102571857413,221.090094758084,36000000.0,187.681700001646,195.67620016480305,54.860489076695714,0.43728307078519396,6.0497138759977656,0.3803510577072606,2025-07-31
2025-08-01 20:13:29.409162,220.43338799198392,595.3558049667831,1.0,217.8747679647184,221.63033466987434,216.88638724288538,82000000.0,188.84302189860955,195.79416776289784,61.27820014741933,0.44075604176394495,6.149163150704396,0.37025487305743604,2025-08-01
2025-08-04 20:13:29.409162,,,,,224.86012900629137,218.9096609484153,84000000.0,190.05210868097052,195.96207468761202,71.04726110687385,0.4404911245979932,6.323883525878064,0.37478146614831637,1754338409
2025-08-05 20:13:29.409162,235.63583917533344,596.059264125489,1.0,236.22473053290605,237.40611756779333,230.93244068457184,27000000.0,191.5302656871762,196.18431118069813,86.94537476677439,0.4701947218636047,6.534506066145594,0.395322836766991,1754424809
2025-08-06 20:13:29.409162,237.73703014440503,595.6533413633564,1.0,234.3812557377062,241.7713084583841,233.93260392356797,78000000.0,193.02068414868805,196.36019698634627,86.48612858549029,0.46344879305347975,6.404125711662695,0.39911977930025966,2025-08-06
2025-08-07 20:13:29.409162,238.68670729816895,597.3051255387011,1.0,239.246628593018,248.3499628979318,235.97454168563615,73000000.0,194.60912629791503,196.5267915715996,95.00639022163791,0.43720330604368574,6.340417224913673,0.39960599213492565,2025-08-07
2025-08-08 20:13:29.409162,225.58041822254765,594.5102182915996,1.0,224.42675968644033,229.093158535487,222.65155386790323,26000000.0,195.83043864716947,196.56647382289927,75.76163069905627,0.48372573890204174,6.5772378738468165,0.37943909336122356,2025-08-08
2025-08-11 20:13:29.409162,233.1356362734374,584.1996598874887,1.0,237.68849420940646,243.1956291633693,232.0184687045553,56000000.0,197.2595912485097,196.641887576147,77.39727355681697,0.46093465304042713,6.95235817781149,0.39906842177610496,2025-08-11
2025-08-12 20:13:29.409162,225.5802074803265,579.1620146189595,1.0,226.4446475106313,231.78504797177422,222.2786090433721,38000000.0,198.4673179350921,196.72722501301166,69.22766782901064,0.45798265764980733,7.261561272677148,0.3894941342600646,2025-08-12
2025-08-13 20:13:29.409162,225.3237664554756,580.0757933828728,1.0,221.3458719767186,227.62782009852307,215.3009228434978,75000000.0,199.67156814026893,196.8183597147754,68.07253256037193,0.42198427742702127,7.655334775681429,0.3884384920484918,1755116009
2025-08-14 20:13:29.409162,222.96097601971496,589.0403031414261,1.0,225.6702754058554,230.56982001956092,219.37890153662573,11000000.0,200.86908224810912,196.88936259622758,65.72995799548188,0.424189587622026,8.252284699714991,0.37851565475339466,2025-08-14
2025-08-15 20:13:29.409162,236.03460848429364,590.4725639714412,1.0,235.3273938622512,240.5185720836514,234.66791885235025,37000000.0,202.25019438247702,196.98463081513378,67.18683986075646,0.44234874170481797,7.7057015550798615,0.3997384855559685,2025-08-15
2025-08-18 20:13:29.409162,225.98526687860945,596.2312123876967,1.0,226.75032312847242,233.5836886514697,221.20864132283432,58000000.0,203.40504075591707,197.03509566535067,59.415703475295636,0.48191264375398846,8.208527362968937,0.37902287264301004,2025-08-18
2025-08-19 20:13:29.409162,213.14424406120756,599.1720004260206,1.0,216.8519665386565,218.7879198740581,210.95823375674468,43000000.0,204.3026489438592,197.0385273973134,48.67291269160322,0.5339849057116574,8.35725396754991,0.35573131573180766,2025-08-19
2025-08-20 20:13:29.409162,209.71362958986194,597.0693591321956,1.0,206.02645367884708,210.5058276253209,204.2954157475415,43000000.0,205.1137562802152,197.01831428701428,42.64389587704124,0.5390377186189227,8.59221689021343,0.35123830486740787,2025-08-20
2025-08-21 20:13:29.409162,213.02746813014176,596.2178432992265,1.0,212.3708475949875,213.2089664108883,206.56237929921113,23000000.0,206.05537223369686,196.9520662414552,45.966183915840254,0.5401183035277817,8.728119724834016,0.3572980421909794,1755807209
2025-08-22 20:13:29.409162,207.90261579817107,592.1420599969325,1.0,211.57802384941937,213.29931136485166,206.84273973228017,75000000.0,206.81145172842653,196.88245771524782,41.900183135852224,0.549288171578375,8.764269980169404,0.3511025982502376,2025-08-22
2025-08-25 20:13:29.409162,198.88219318105544,599.8111981216738,1.0,196.26875323203612,201.1528454631687,195.6070632851574,35000000.0,207.35117978242505,196.76999821028892,29.74799535956693,0.5442409836637235,8.697991786940104,0.3315746584989757,2025-08-25
2025-08-26 20:13:29.409162,188.27744861678568,588.8205768814007,1.0,188.05331036217606,188.64755071969748,186.62249511553503,74000000.0,207.6024970198585,196.64950712516296,25.081906680210366,0.5736263400106515,8.282731149036268,0.31975351407379266,1756239209
2025-08-27 20:13:29.409162,185.60464482156954,593.938437727705,1.0,187.84941973275943,190.0115731068969,182.76991601687155,92000000.0,207.69704529399004,196.55879557042417,23.71327718746899,0.5589760476079301,7.916033711731247,0.312498119387015,2025-08-27
2025-08-28 20:13:29.409162,183.02766586953075,589.8494005546768,1.0,183.28044922845567,185.56544015414323,182.254877438801,40000000.0,207.79166576066433,196.4858489924029,26.474108799875083,0.5373478019454058,7.69238785799971,0.31029558680133773,2025-08-28
2025-08-29 20:13:29.409162,181.0715523211474,596.8380561543429,1.0,181.51644430087651,182.78657275397524,180.87574015080406,73000000.0,207.7429359329848,196.44023149327057,19.31595845076913,0.5372756282959454,7.030507296882364,0.30338472966663865,2025-08-29
2025-09-01 20:13:29.409162,196.4340542081317,593.3463001812108,1.0,200.6965511950845,201.18049230634338,195.45286046695085,68000000.0,207.80469727976072,196.48560156847415,34.270167028503266,0.6295935226379992,6.7605925048102495,0.3310613955933319,2025-09-01
2025-09-02 20:13:29.409162,187.01942180561423,598.7428486189752,1.0,185.46773288387135,194.7029453607744,184.32568573314782,44000000.0,207.7190148836828,196.45683106799163,31.187264069747314,0.6023197984482294,6.621332674281772,0.31235349572355164,2025-09-02
2025-09-03 20:13:29.409162,185.89619894108412,599.7808650356825,1.0,184.65385211999418,188.2761207662001,181.90168203611893,91000000.0,207.55973359003164,196.47495243163047,31.571680394636815,0.5981520244390864,6.277298406220772,0.3099401961248375,2025-09-03
2025-09-04 20:13:29.409162,197.22515107691925,607.8395942863483,1.0,197.53031544033337,198.01041355305017,195.8268086737878,66000000.0,207.44110166404423,196.5520862386072,30.36356977169416,0.6497232597899648,6.015366381075144,0.3244690752804235,2025-09-04
2025-09-05 20:13:29.409162,198.20993454139733,603.9933986622963,1.0,196.54127545318067,201.030837207184,190.56388172644603,78000000.0,207.4723588630282,196.6673026516151,34.527222751207006,0.6276469881559252,5.879074106225327,0.32816572992417775,2025-09-05
2025-09-08 20:13:29.409162,190.39436029515744,603.0079444622903,1.0,189.17413230431677,193.79670010892966,186.45703090584706,96000000.0,207.39261020903953,196.76935438258386,36.5750772169763,0.6205677643300502,5.844072898065982,0.3157410479308601,1757362409
2025-09-09 20:13:29.409162,175.41510420228826,607.6968132499034,1.0,178.15222802396164,179.2202919046067,172.49130193310697,97000000.0,207.02101023037036,196.76355248017487,32.18789128674089,0.6635980995067599,5.8811141904745785,0.2886556262557728,2025-09-09
2025-09-10 20:13:29.409162,173.472398894477,616.27050522652,1.0,171.34850584572135,176.03087081209034,166.66786197898983,83000000.0,206.44748537923732,196.75061229973795,29.161261854993427,0.662441796554354,6.0751443134333885,0.28148742706859625,2025-09-10
2025-09-11 20:13:29.409162,173.62060000249167,610.6789292677541,1.0,172.9176764394909,177.05318578020265,168.5789328306477,99000000.0,205.90189747264375,196.77565004832948,30.93980018584911,0.6640454047523618,6.219264407503636,0.2843075005235151,2025-09-11
2025-09-12 20:13:29.409162,179.48751365936923,599.4206005753753,1.0,177.62246203038939,179.80611248509499,176.91694137192786,11000000.0,205.42201657597371,196.86377878584807,38.82503791779401,0.6343837388153437,6.029506474300482,0.29943501022000535,1757708009
2025-09-15 20:13:29.409162,179.40585076798737,605.3979986482626,1.0,180.56220756481508,181.5139736242983,178.85156293457632,69000000.0,204.8859386579574,196.95232887842747,44.18288701422458,0.6257632745131911,6.075031837554734,0.29634364693733073,2025-09-15
2025-09-16 20:13:29.409162,179.33768431354432,613.7316218587877,1.0,179.51113761900902,181.38628949115042,176.09082108912492,98000000.0,204.23111679626544,197.0376306639814,45.74542497445868,0.6022663896633587,5.93601835984046,0.2922086428761655,2025-09-16
2025-09-17 20:13:29.409162,182.58296371456376,623.8523154300692,1.0,183.3432125409609,183.49987423163864,178.26467906750563,23000000.0,203.70752841436374,197.12239737394376,49.70081113482712,0.608307385576926,6.07349210618266,0.2926701708058827,2025-09-17
2025-09-18 20:13:29.409162,182.96274388699547,625.8382716891839,1.0,183.91237821164046,184.26644104998948,178.30196436484852,46000000.0,202.9908011574433,197.16053291188075,51.29993754032552,0.6036546920726922,6.3630381120376445,0.2923482825573538,2025-09-18
2025-09-19 20:13:29.409162,192.85468728888236,626.20737143291,1.0,194.65105167262536,195.5565438246892,187.9075110062174,28000000.0,202.51703174825965,197.2509328315412,47.339594325107186,0.6369705637820742,6.500281039114735,0.30797256002845413,2025-09-19
2025-09-22 20:13:29.409162,187.98390274200494,621.9161250853715,1.0,188.2890928958644,188.79080988765293,186.85282952895653,51000000.0,202.14162641862865,197.3559947024698,50.76878972801716,0.6248544462151637,5.897475377048293,0.3022656836823455,2025-09-22
2025-09-23 20:13:29.409162,191.18221527940236,617.2609164085875,1.0,194.32671552098105,194.36295810414853,188.47318392997656,68000000.0,201.9747237853524,197.48068613025498,54.07857057595627,0.5976414253531576,5.862856480197635,0.30972674633566444,2025-09-23
2025-09-24 20:13:29.409162,187.07755762723656,624.774213748785,1.0,184.00268583740626,191.7070453596964,181.89423844811935,15000000.0,201.89359712230774,197.55678868316352,41.18796262437257,0.6007145170480174,6.407799482505827,0.2994322645051712,2025-09-24
2025-09-25 20:13:29.409162,193.89729761584468,625.8769469746859,1.0,189.87871745055784,197.05786792450837,188.4795615011144,61000000.0,201.86590738915834,197.67077501739078,46.599562819450185,0.6105860249085031,6.272895978409827,0.3098009897202477,2025-09-25
2025-09-26 20:13:29.409162,191.05908253824188,640.77317853127,1.0,192.45450492278815,192.58562761172476,188.13710288272284,70000000.0,201.88480773890157,197.73032711290566,50.568764618689045,0.6119704285462932,6.066385658832636,0.29816960031968337,2025-09-26
2025-09-29 20:13:29.409162,192.59526773876024,654.1231692298464,1.0,193.4479755263797,194.34903333747974,191.73791407926265,50000000.0,201.89686266553218,197.8036255067481,69.09223252560672,0.531875155171162,5.772252036455304,0.2944327258206106,2025-09-29
2025-09-30 20:13:29.409162,187.34126683907832,658.5992217604777,1.0,187.75041039172436,190.32552665322217,185.1775579577959,32000000.0,201.74708217217588,197.82552518718592,64.35586392969427,0.5121118381907215,5.471177740907144,0.28445412725861285,2025-09-30
2025-10-01 20:13:29.409162,175.9172289648916,654.2787953774196,1.0,176.945328885232,178.45500775297901,173.6088205405506,76000000.0,201.33757875719522,197.76425406175443,51.9273592706783,0.5567280462035998,5.212030188255247,0.26887197049296707,1759349609
2025-10-02 20:13:29.409162,170.4145469950612,656.6663859512681,1.0,168.38785832405466,174.67553293417436,165.26972691977818,22000000.0,200.7740352502048,197.67589147657262,42.3390205087326,0.5125688883043616,5.677504109771609,0.25951464950987735,1759436009
2025-10-03 20:13:29.409162,162.8663253460128,662.6525150089415,1.0,162.3258539614412,163.97457228477717,159.72632558360863,94000000.0,200.0490544806837,197.5222586267005,37.598209615070814,0.5272064595345146,5.79077811058922,0.24577938158706777,2025-10-03
2025-10-06 20:13:29.409162,170.80585490891642,658.2810344069525,1.0,173.74451533577962,174.67580198676924,168.52968737392072,29000000.0,199.28869818191754,197.41576275937388,44.278039066401234,0.5525422823638647,5.851538554219435,0.2594725443712593,2025-10-06
2025-10-07 20:13:29.409162,177.729893858752,662.4646673354582,1.0,175.35147828959705,178.946454213572,174.4248654311184,30000000.0,198.65790736939732,197.3180033035389,46.89828853702118,0.500857074945511,5.800566669813762,0.2682858462076338,2025-10-07
2025-10-08 20:13:29.409162,,,,,181.87627690127465,175.4602149262959,14000000.0,197.89064771939258,197.23579051393557,46.38796435742928,0.49899393122416635,5.832822761945033,0.26456463237008004,2025-10-08
2025-10-09 20:13:29.409162,176.32990237125716,668.2381467206154,1.0,174.95256791243318,177.16174459422103,173.994600052629,21000000.0,196.95468503309334,197.20029015725152,38.08773771634843,0.49962625812184697,5.512687885025049,0.2638728471826963,2025-10-09
2025-10-10 20:13:29.409162,182.9261461379959,670.9252134863879,1.0,183.38436669946856,186.68996335178252,179.52172452037067,27000000.0,196.2045401960136,197.20634003161848,46.44250147302174,0.5029054397084354,5.886277775933296,0.272647595381668,2025-10-10
2025-10-13 20:13:29.409162,186.4638608470794,666.8138310292867,1.0,185.25943832685516,190.21116128301915,181.15776147466187,57000000.0,195.47058210400405,197.20063586756348,46.69699871417505,0.5068166859695862,6.112251035517962,0.2796340630176428,2025-10-13
2025-10-14 20:13:29.409162,181.6454519510954,671.3568618228982,1.0,182.1560669934853,183.4118746040906,181.06384101699587,63000000.0,194.39077435951927,197.19062539285028,46.23497350894619,0.5166425469560354,5.579052940912082,0.2705646762258206,2025-10-14
2025-10-15 20:13:29.409162,191.4797046093112,670.2719838207914,1.0,190.88839794345617,192.3096304646454,188.59109728638762,37000000.0,193.46562784881743,197.21671108832467,48.39156374868287,0.5472641664355247,5.231926280545212,0.2856746354186072,2025-10-15
2025-10-16 20:13:29.409162,195.89878034751695,667.9284997242452,1.0,194.9299564872718,198.81408585845878,192.84547986685337,64000000.0,192.60986930980437,197.21139561266327,53.15353925922661,0.5518805112443042,5.3405035135883185,0.2932930402406753,2025-10-16
2025-10-17 20:13:29.409162,185.46456149036948,664.2274578050615,1.0,187.14649211178798,191.27072463557937,184.66932752108596,95000000.0,191.80755217516082,197.18642767838915,45.836444598508656,0.554224539002248,5.625523360465199,0.2792184504134123,2025-10-17
2025-10-20 20:13:29.409162,184.28980706146427,670.0939428427425,1.0,185.0853827379334,187.18663234621485,181.40596568662735,33000000.0,190.83063559092136,197.1705567655139,48.12915932199487,0.5474373670853471,5.670716072191,0.27502085197136805,2025-10-20
2025-10-21 20:13:29.409162,181.7994994630061,657.0379893040466,1.0,182.08594162771928,185.28831084882364,177.628369440821,69000000.0,189.95502143057496,197.11691654987473,54.05006598515093,0.545259394644463,5.871698514732017,0.27669556771834963,2025-10-21
2025-10-22 20:13:29.409162,179.3939240952967,650.6374867476976,1.0,180.62586112343152,182.5148080610612,177.94269536970933,31000000.0,189.03642458337137,197.0604464342203,56.45790829094757,0.5421233956725259,5.526434705943138,0.275720240147893,2025-10-22
2025-10-23 20:13:29.409162,187.58892826581192,647.844800413995,1.0,190.3848417381534,193.8724650634266,182.5034744615045,31000000.0,188.32898362829332,197.12659897179788,67.61644172090953,0.5516072036509707,6.0350592702826775,0.2895584376781849,2025-10-23
2025-10-24 20:13:29.409162,179.2710909578075,647.3040927502205,1.0,181.22631078964466,183.03613883405825,176.31659565744087,53000000.0,187.1937132777636,197.16028949204093,55.99967764700729,0.5710259295812938,6.0760184534090245,0.27695034368797666,2025-10-24
2025-10-27 20:13:29.409162,181.31234902555798,631.413524158023,1.0,178.85339650233118,184.16905025502976,178.27699150558988,89000000.0,186.30025492070257,197.1973232477958,52.727841803577824,0.571972798354094,6.1739091653366165,0.28715309712020226,2025-10-27
2025-10-28 20:13:29.409162,175.7130214666015,629.8576574984974,1.0,173.80042847529958,179.57762772349068,173.5522214153729,88000000.0,185.55163046881043,197.20417618117844,48.874155183753686,0.5741899476963395,6.14600518913226,0.27897258908378153,2025-10-28
2025-10-29 20:13:29.409162,175.42633614019866,622.029386795401,1.0,175.43918464781785,180.1036321153878,173.56560310482809,22000000.0,184.86588459981715,197.26972076047076,49.35598170158761,0.531159219360712,6.38678265120138,0.28202258585236295,2025-10-29
2025-10-30 20:13:29.409162,173.70372502286259,621.3332170587979,1.0,172.80942250985314,175.60893249510184,171.5855747920682,28000000.0,184.0794097376716,197.3010697396718,42.93593714324231,0.5195227429825576,6.162148284888651,0.27956613336258296,1761855209
2025-10-31 20:13:29.409162,172.4230675745955,620.7584444388037,1.0,174.4359578965657,177.87268646578306,164.8434214735518,18000000.0,183.36981877320005,197.335838897344,38.860045267744525,0.4922053644832457,6.446138655165362,0.2777619364171106,2025-10-31
2025-11-03 20:13:29.409162,171.34492477218467,630.6666939428071,1.0,169.73523698956637,172.49989419923287,169.45062341583065,98000000.0,182.8190734050227,197.32481221667695,41.31192827314867,0.4626972057981718,6.496227026330183,0.27168855818430665,2025-11-03
2025-11-04 20:13:29.409162,168.00220585872182,635.0861059080108,1.0,167.30453243632886,171.90773037670633,166.5343087774796,77000000.0,182.41356854986137,197.29208533432472,27.762539733147463,0.4425405918079234,6.614433342113679,0.2645345320828923,2025-11-04
2025-11-05 20:13:29.409162,173.6636492534053,633.7622228091665,1.0,173.73312117389136,263.7327701852131,85.276681473913,63000000.0,182.1747486384981,197.29044686593207,29.42355367640296,0.4607637176981568,6.5644246171644385,0.27402019717053655,2025-11-05
2025-11-06 20:13:29.409162,181.08144024758326,639.3288570730127,1.0,180.48827492123885,188.40390523131697,178.5101909627048,56000000.0,182.13582412605916,197.30260342151865,45.704011246690854,0.48515153896559937,6.799590128172921,0.2832367696909751,2025-11-06
2025-11-07 20:13:29.409162,175.85692324348432,638.9893899505962,1.0,177.42894518225688,182.28050018118165,174.25919670640778,42000000.0,182.0315315445059,197.29907569727092,42.34263525712375,0.47755255436625355,6.9596356149719485,0.2752110222942525,2025-11-07
2025-11-10 20:13:29.409162,172.99362781891628,629.5926001387317,1.0,172.8296866722381,173.60618069570114,171.52568884559238,77000000.0,181.56272301672158,197.2904326310994,42.057747439147796,0.47361901123702477,6.561103503693813,0.2747707450513187,2025-11-10
2025-11-11 20:13:29.409162,162.83383738595973,636.8597317482421,1.0,162.9945587347156,165.14933866754663,161.03452122066417,58000000.0,181.07901132832848,197.2267573551949,36.896816197097436,0.5075331321220713,6.528439557660284,0.2556824199560631,2025-11-11
2025-11-12 20:13:29.409162,167.5944443824187,642.0316782868248,1.0,170.01727942068402,170.71515375378866,166.76137700665822,61000000.0,180.71297623715517,197.21421879765438,33.27008549502784,0.47577184054850674,5.998781425175165,0.2610376560072891,2025-11-12
2025-11-13 20:13:29.409162,162.8833551169305,635.1814447952524,1.0,161.76691980037577,165.3658057550637,159.8993344639546,55000000.0,180.0261403179554,197.16151716253262,35.40716394888855,0.46861889923729205,5.909276290496002,0.2564359466914767,2025-11-13
2025-11-14 20:13:29.409162,166.07833562110164,628.6586721061708,1.0,165.179082179445,166.81083698847982,162.139372677745,55000000.0,179.38350833954948,197.10214658063214,36.70764297321418,0.4477857375715705,5.82209097344564,0.2641788668319739,2025-11-14
2025-11-17 20:13:29.409162,167.72451789688802,634.2299848588673,1.0,169.20283993156312,169.3360558401702,164.65642749776896,42000000.0,178.9301114915841,197.0489861938232,42.51318939109078,0.45090714842243523,5.725963975894459,0.2644537815950331,2025-11-17
2025-11-18 20:13:29.409162,173.43772613911023,631.6864260951639,1.0,169.24716542748052,175.41532719698225,168.41032593885555,11000000.0,178.89056393032058,197.02323234958195,48.30834440074196,0.4692845641269461,5.759319136434958,0.2745630093893797,2025-11-18
2025-11-19 20:13:29.409162,172.94731777739435,640.6699902083657,1.0,171.94812082727276,174.94178467436026,165.57786730786435,80000000.0,178.8800623079789,197.05282429404105,49.34276700584216,0.4674122329981343,6.14078768382512,0.269947586777315,2025-11-19
2025-11-20 20:13:29.409162,164.49931689725295,629.105684707353,1.0,167.498138380407,168.79121530347706,162.13472977220692,74000000.0,178.69763664587413,196.97593600009202,43.877697189858694,0.461485535313745,5.685589150899326,0.26148121197438334,2025-11-20
2025-11-21 20:13:29.409162,167.30476342100002,636.7922551125642,1.0,164.69825395636232,167.83811355524958,163.70159216628807,15000000.0,178.45398164110674,196.85817781925104,46.95951759480918,0.4452552144969057,5.763249908439276,0.26273052487333715,2025-11-21
2025-11-24 20:13:29.409162,164.28424303421707,641.2884484849915,1.0,163.5021460973938,167.15826451758855,160.43020550971713,27000000.0,178.15154948643132,196.73948060089478,47.188357728968256,0.444839309351785,5.8600097233424675,0.25617839120964914,2025-11-24
2025-11-25 20:13:29.409162,163.53781381240634,635.7702136476723,1.0,163.29118664287435,166.91266046502304,162.2693297586293,81000000.0,177.83555207640856,196.65232957165688,41.72756499249765,0.43384463297436704,5.8153559279194456,0.25722786362406536,2025-11-25
2025-11-26 20:13:29.409162,164.50262957109484,636.837479525706,1.0,163.5602730017845,168.2420677229266,160.26669042742117,66000000.0,177.47394539353917,196.57913618135316,34.85933763771163,0.43503394641724513,5.678331858411822,0.25831179046435926,2025-11-26
2025-11-27 20:13:29.409162,163.42007987730435,642.2031715384339,1.0,164.836117891487,166.42911179338537,162.7441475630022,54000000.0,177.08309211334537,196.51706777678825,37.71240762111497,0.4344973564600236,5.368593340955343,0.2544678804463427,2025-11-27
2025-11-28 20:13:29.409162,159.63097245765584,636.7283867670625,1.0,157.98967053086224,159.85406670112624,155.76018854962922,69000000.0,176.41861781672083,196.4035963914127,37.03489016198377,0.4403450886719961,5.512406648197362,0.25070497212817755,2025-11-28
2025-12-01 20:13:29.409162,162.4695354857083,641.0572170106822,1.0,164.9691653422358,168.02276882103533,161.3668081301605,39000000.0,175.9083304715949,196.27620686638983,49.588004779561416,0.4465580203267321,5.693916879911102,0.25343999127460254,2025-12-01
2025-12-02 20:13:29.409162,164.34278142057167,630.6087497735768,1.0,163.3214210548922,165.06678092220702,161.187427694826,90000000.0,175.3715417944183,196.18876070940024,46.06570046279368,0.4442584128786674,5.688600914214716,0.26060973857337016,2025-12-02
2025-12-03 20:13:29.409162,163.84660010792078,620.149145137089,1.0,163.08826255639815,166.1428108569976,161.47327454447554,50000000.0,174.906922644032,196.09896896232104,51.29783663062306,0.4252343229587475,5.631676987172786,0.2642051535388332,2025-12-03
2025-12-04 20:13:29.409162,165.5268423322275,615.9271562647773,1.0,166.52231963830616,167.70648174387347,163.80421717843493,47000000.0,174.33951353835965,196.01977413688485,49.22531982209947,0.3938491369192673,5.576734148223052,0.26874418614052814,2025-12-04
2025-12-05 20:13:29.409162,165.83465568953068,617.545364105838,1.0,163.61689528396258,172.03579106841937,161.48311591079622,76000000.0,173.8350250013854,195.9166544290433,47.24160316595322,0.38328275914561477,5.996237492167475,0.26853841892189984,2025-12-05
2025-12-08 20:13:29.409162,166.72586606908447,621.1643172399279,1.0,166.1455843452883,167.04893334428064,160.51609992940186,16000000.0,173.31763696799186,195.7941644681201,38.59866448051106,0.3807665352292897,5.962511217649767,0.2684086343045455,2025-12-08
2025-12-09 20:13:29.409162,167.40578304903016,621.886243490593,1.0,167.89923350893812,171.50806917452257,167.13133868178565,60000000.0,172.91892729219092,195.62225016489813,40.646896661915015,0.31535723257803605,5.606283583809839,0.269190362065892,2025-12-09
2025-12-10 20:13:29.409162,166.4091203465489,630.968033601886,1.0,168.71012070271303,169.8911221468746,161.17521760241698,81000000.0,172.72876511982406,195.44712871618623,54.306654185572526,0.2987176752574316,5.75338494189466,0.26373621401483865,2025-12-10
2025-12-11 20:13:29.409162,161.9583668583332,634.2781438282564,1.0,162.9627173392228,167.37399834386028,160.71057790384043,93000000.0,172.55964151708952,195.223433440309,38.77656836392106,0.2970608754917304,5.933877731255969,0.2553428151895877,2025-12-11
2025-12-12 20:13:29.409162,161.47004248149148,641.0873502376763,1.0,163.36987981677086,164.1180844561876,159.39198715154095,25000000.0,172.5317158597991,194.9812677637314,43.38949333952008,0.28784193314253026,5.790880466739915,0.25186901975468423,2025-12-12
2025-12-15 20:13:29.409162,161.4935221338976,649.0037905062692,1.0,160.64359126299266,162.58603722266545,160.4991558884086,97000000.0,172.34546920429872,194.74487319536357,45.029166537840624,0.2848921049767149,5.608276940158709,0.24883294134217793,2025-12-15
2025-12-16 20:13:29.409162,164.58749500845747,648.5500996614778,1.0,163.9243638172299,171.8834033760862,159.68398233518576,41000000.0,172.0826212272928,194.4720223539356,50.18699398412958,0.26421335330204837,5.909994350544066,0.25377761115813074,2025-12-16
2025-12-17 20:13:29.409162,158.9942198263702,647.7131345990871,1.0,159.77823545519183,162.42141542246173,158.29477003299218,17000000.0,171.71634224444063,194.13431867740758,41.865049989796,0.28692373980662134,5.9415430047645215,0.24547011838007937,1766002409
2025-12-18 20:13:29.409162,166.05420806100386,650.209473306837,1.0,166.35066205911593,170.22301756173763,165.34027391450684,90000000.0,171.51082835823556,193.81739981158427,60.539006447050994,0.28470273370635574,5.997890540174077,0.25538571011044325,2025-12-18
2025-12-19 20:13:29.409162,166.36568650146864,641.9715575410478,1.0,167.29278865929047,168.0334672381643,164.57985884638492,82000000.0,171.17961916550502,193.47523004911068,56.970720345213614,0.27810554302520907,5.7691510902386876,0.2591480643452513,2025-12-19
2025-12-22 20:13:29.409162,168.43198211109828,633.8652279995248,1.0,167.71601759953975,169.27650121725122,164.86683345970985,30000000.0,170.8189815907854,193.06687351007946,57.265919636367975,0.2730561802510397,5.807030699535856,0.26572207256528124,2025-12-22
2025-12-23 20:13:29.409162,156.86502665672216,625.6782902498874,1.0,155.54607401140575,157.1367939666748,151.00416463583758,93000000.0,170.32337308489795,192.5314437015366,41.09728671657034,0.3694190364656947,5.911537343701222,0.2507119538925866,2025-12-23
2025-12-24 20:13:29.409162,159.36238591154495,625.5395831695351,1.0,160.92594070243513,161.43297746722183,157.93710459635182,53000000.0,169.6810267109426,192.01057294581452,42.299720718614346,0.3738814662344341,5.882509365517756,0.2547598748332992,2025-12-24
2025-12-25 20:13:29.409162,150.44378660878232,625.0760900194621,1.0,150.6051543891419,150.90567855990733,146.76157652056608,69000000.0,168.77192683616786,191.43456053529647,34.17823200830529,0.4212002561613462,5.424754142783335,0.24068075712846124,2025-12-25
2025-12-26 20:13:29.409162,152.5783821696361,613.4037235432181,1.0,154.57900119883806,156.28250521440884,149.49205522507418,90000000.0,168.11420324975322,190.83788263648617,35.81895157663605,0.4192583329802179,5.443155326673041,0.24874055424426517,2025-12-26
2025-12-29 20:13:29.409162,160.85110247430154,611.0854451920729,1.0,158.10395814686072,162.93333222360772,156.60283998913494,41000000.0,167.64542915800996,190.32350622501858,44.29774501170994,0.4599431618792075,5.58270973679703,0.26322194995782255,2025-12-29
2025-12-30 20:13:29.409162,172.06036421012269,612.5871620422158,1.0,174.83179744124365,176.4524423875276,168.086084427567,85000000.0,167.45064645295233,189.9203806304987,54.174537871526084,0.521632180697714,5.557742123618673,0.28087491033360135,2025-12-30
2025-12-31 20:13:29.409162,167.12486676703472,612.4553267458294,1.0,167.04701602138402,169.30470745604296,165.1417680444131,97000000.0,167.20526530638705,189.45592646996826,53.7893231871392,0.5332631517643054,5.37913633587653,0.27287682785783324,2025-12-31
2026-01-01 20:13:29.409162,173.30971145036455,608.8554768713509,1.0,173.95530144992574,176.6366924332438,172.504747695594,83000000.0,166.9196809700781,189.08351783742884,58.014036579189025,0.5473391172316917,5.336696866805326,0.2846483575066605,2026-01-01
2026-01-02 20:13:29.409162,175.8134700595182,619.6674039457445,1.0,176.96828257044533,179.40898298082442,173.99178104895128,48000000.0,166.85052855211234,188.6937061259062,59.37800262286239,0.5488537313295323,5.574576909492204,0.2837223144868077,2026-01-02
2026-01-05 20:13:29.409162,174.57540731184838,630.6891053383616,1.0,170.69224279898808,175.829888701729,167.18574166714194,52000000.0,166.71578971783816,188.28780928854678,56.703954414653396,0.5500581706829316,5.3206287661841065,0.2768010511584619,1767644009
2026-01-06 20:13:29.409162,175.19420333908104,631.5443204787573,1.0,177.77610065211954,178.69266498247546,168.3545883009124,20000000.0,166.70541335528776,187.94982822488618,61.651610936486726,0.550045947434815,5.7643024299050705,0.2774060309912547,1767730409
2026-01-07 20:13:29.409162,175.8793117216542,631.327635906856,1.0,175.99178596507187,176.6609687923032,175.7109082752568,60000000.0,166.71447286691685,187.59818213558137,57.780000759595424,0.5490661091697719,5.483396492034757,0.27858642916687215,2026-01-07
2026-01-08 20:13:29.409162,182.12326773798753,631.8459485922458,1.0,180.5750466071321,182.7956823033893,180.17778692846107,74000000.0,166.88286372121937,187.31818909904175,61.40600521240052,0.548284598295697,5.423702705116818,0.2882399865722944,2026-01-08
2026-01-09 20:13:29.409162,182.79673439113665,626.0630643799749,1.0,181.80701272632996,183.15716941762514,174.41048372929828,98000000.0,167.09033705755016,187.00706779777164,60.61179030403879,0.5472638824580007,5.733489700172925,0.29197814851475135,2026-01-09
2026-01-12 20:13:29.409162,187.19428270554312,618.7548424035645,1.0,192.56655600504197,197.1134550676877,183.78934980207436,21000000.0,167.40732421621735,186.77746847275176,75.05987791239164,0.5499891684482855,6.247166552656935,0.3025338468114181,2026-01-12
2026-01-13 20:13:29.409162,182.3320339025767,627.7205937905018,1.0,181.67296126512042,188.0657812648162,179.0969242194569,12000000.0,167.69392077709443,186.499309353237,68.26511520517839,0.5610493817178676,6.638093993691884,0.2904668664788605,1768335209
2026-01-14 20:13:29.409162,184.73652708626273,630.2949705333236,1.0,186.3238904491563,186.7380511059618,182.44643574055058,49000000.0,167.9153783337516,186.25213155006392,80.42058972321855,0.541408154660244,6.648630659839739,0.2930953533231402,2026-01-14
2026-01-15 20:13:29.409162,189.90790185901704,624.1720563082134,1.0,191.86084657138008,196.35012867488163,186.95440064620624,31000000.0,168.09190756598025,186.01394202756597,81.42155280970495,0.5298173627205688,6.834721948364077,0.30425569350583254,2026-01-15
2026-01-16 20:13:29.409162,179.01167996964136,634.2173241671678,1.0,178.5308701040942,183.2590492505437,176.41657019756357,78000000.0,168.1550027005034,185.73757022340487,64.63980904327556,0.5774206430151186,6.871292435400316,0.28225605505922324,2026-01-16
2026-01-19 20:13:29.409162,186.51409053265093,622.4927254433526,1.0,185.35515583781893,189.07497422812145,182.08141777767008,75000000.0,168.42541195477807,185.48857013619204,62.39221067552967,0.5922177102017359,6.773235184721083,0.2996245303907955,2026-01-19
2026-01-20 20:13:29.409162,190.7349150181258,619.297398460948,1.0,190.2891736756703,194.2462455924378,187.9522015839321,66000000.0,168.98343350742144,185.2849163817461,70.49372520683163,0.5248245472094845,6.925456941640787,0.30798597812962275,1768940009
2026-01-21 20:13:29.409162,186.0303487621203,618.2948958397689,1.0,185.72468347093445,189.4807969724508,181.36235416055118,62000000.0,169.35215159501547,185.0402596946394,61.33285312972837,0.5386939008325347,7.2102068040872025,0.3008764102919751,2026-01-21
2026-01-22 20:13:29.409162,199.49051927493667,623.0140792084164,1.0,196.9949265274508,202.4468650838749,195.9374721755614,32000000.0,170.08429487817557,184.89143390001303,67.64856472526711,0.5280798314022348,7.288220445261516,0.3202022649767458,2026-01-22
2026-01-23 20:13:29.409162,198.9819809074523,631.2614270463176,1.0,198.7385547197425,201.77518138149327,198.0796141654512,89000000.0,170.74236778390258,184.76484212221825,68.39237003608639,0.5316375437939957,6.934750458222587,0.3152132735853863,2026-01-23
2026-01-26 20:13:29.409162,203.985431751477,637.6328567723042,1.0,204.5868207011281,204.95195136273162,200.5085417819042,16000000.0,171.46758606099436,184.72559724113597,70.3516513479691,0.5120431168395941,6.513702808170042,0.3199104776125413,2026-01-26
2026-01-27 20:13:29.409162,208.05481639750752,634.3201518642837,1.0,205.75955949452816,209.80930456196913,203.5029184850379,95000000.0,172.15992786616232,184.70586112662986,71.7054023324881,0.46672019686548066,6.896297491018958,0.32799654210264156,1769544809
2026-01-28 20:13:29.409162,201.39918607404783,635.9395360233406,1.0,201.92083046891634,204.52591423675526,200.47188640523427,83000000.0,172.7289652320954,184.6409226528628,62.9315933766332,0.47048141813716005,6.998878380775584,0.31669549487902254,2026-01-28
2026-01-29 20:13:29.409162,204.4431977528503,622.7416130651408,1.0,201.81491364989688,206.14767718268138,201.01299253008355,87000000.0,173.52784284920733,184.61018573237254,64.07426343521108,0.4599826063784601,6.740878306794938,0.32829538521856394,2026-01-29
2026-01-30 20:13:29.409162,210.85146880294522,626.2491491883549,1.0,210.28589854179586,211.54025150523836,208.7273886607934,89000000.0,174.3987769568462,184.60245873362416,64.98967634927229,0.46664908527097854,5.990075276711481,0.3366894295604514,2026-01-30
2026-02-02 20:13:29.409162,210.91747434547008,626.1454384955388,1.0,207.5266617669473,212.75810970480438,206.6453181780222,29000000.0,175.3314415830713,184.5205263055728,69.28442546353448,0.4639055822904849,5.786070596813117,0.3368506122990351,2026-02-02
2026-02-03 20:13:29.409162,224.16041564455438,624.7928725231321,1.0,223.22714025164848,228.04225419919763,219.10473861457484,57000000.0,176.54389361971425,184.5245811038123,73.20313365793801,0.4994350482820573,6.117920612471086,0.35877556467524385,2026-02-03
2026-02-04 20:13:29.409162,230.44282711888897,630.3873097648648,1.0,229.8779032699036,234.56790214995874,227.69446480947974,98000000.0,177.86269757067012,184.56727784989707,73.54906240610792,0.5010326093197366,5.937756991885629,0.36555752875933434,2026-02-04
2026-02-05 20:13:29.409162,225.3535766494625,628.605502986902,1.0,224.13537484930507,230.4705445510714,220.5358459474558,20000000.0,179.10136750611332,184.60753633322435,78.87062547018286,0.5099844863238779,6.158629816931019,0.3584976198564366,2026-02-05
2026-02-06 20:13:29.409162,222.87804631069042,627.0461088344957,1.0,223.4876605969598,230.4398404566135,222.38790168161105,99000000.0,180.36630898317398,184.69572898134032,74.16820321569647,0.5154804214997634,6.234228554398953,0.3554412397597981,2026-02-06
2026-02-09 20:13:29.409162,217.17828665431523,626.8979108098155,1.0,220.7449967049736,223.41271385187449,213.06675042460222,78000000.0,181.46048400654615,184.83086349984092,67.23595252637725,0.5280669908200423,6.523651370025137,0.3464332595617813,2026-02-09
2026-02-10 20:13:29.409162,223.0181162715077,624.7192846959178,1.0,221.70659188226753,231.14341989412728,221.0614438866173,66000000.0,182.63399070356485,185.0144082120942,73.7572607217565,0.5161936679307008,6.663903741140162,0.3569893258218558,2026-02-10
2026-02-11 20:13:29.409162,226.31922062860582,625.8977378076165,1.0,225.65870928500533,227.18385679927334,224.86786276525288,20000000.0,183.88344311397853,185.25786034879332,69.81846609509446,0.5163319241164258,6.36437525011923,0.3615913702154489,2026-02-11
2026-02-12 20:13:29.409162,233.71455719886086,628.5396520089201,1.0,234.9476773700975,240.18890528005826,230.1310104905277,16000000.0,185.24719741131125,185.56686885347378,73.28766077863033,0.5186744234157508,6.818827219654123,0.37183741145346866,2026-02-12
2026-02-13 20:13:29.409162,232.16381855814316,628.8909665109235,1.0,233.60133240209268,237.50609801639146,226.5275312268364,68000000.0,186.57378066868347,185.86632884780624,69.81039462942871,0.45773045651431576,7.285624163134669,0.36916386292871106,2026-02-13
2026-02-16 20:13:29.409162,232.9618485314636,639.4715921798742,1.0,235.78612760620769,236.24376680476965,231.3089744671492,99000000.0,187.89850031793102,186.19870841222684,68.35479287415765,0.4462576286791743,7.187653181755327,0.3643036710001885,2026-02-16
2026-02-17 20:13:29.409162,237.82076974623854,637.7184862005633,1.0,239.58166798690277,240.99613526529194,237.78851651714194,44000000.0,189.30680005187523,186.5619401831998,77.5703274973506,0.4457178120636881,7.127195390085971,0.3729243779071563,1771359209
2026-02-18 20:13:29.409162,235.87177824935358,644.8833613465889,1.0,237.41434219635627,238.15226650536093,235.51024490146622,98000000.0,190.6960532099313,186.87873804306113,74.19178965567457,0.43162365984660694,6.949148029464319,0.36575882149731204,2026-02-18
2026-02-19 20:13:29.409162,238.356935485024,644.2247665302081,1.0,233.94727910515394,241.01966291850022,230.5609429768537,16000000.0,192.22402458246515,187.20682153393395,72.53290225775383,0.36870815414704255,7.49528067926443,0.36999033236305623,2026-02-19
2026-02-20 20:13:29.409162,242.68474619288946,640.2817097336992,1.0,242.71241224358988,246.52450597297144,238.14288766534577,25000000.0,193.8483186566931,187.5751928429997,74.32565762082749,0.3672848844242101,7.657339735038964,0.37902807858407345,2026-02-20
2026-02-23 20:13:29.409162,238.27302791612857,635.3024831211314,1.0,239.62094630551266,242.89381176242756,236.92280907160514,41000000.0,195.38390877233772,187.91055423143436,62.496869510797694,0.3760391986521997,7.445445956910366,0.3750544571233758,2026-02-23
2026-02-24 20:13:29.409162,228.09529505026092,628.9220865051456,1.0,229.23069612080624,230.9218940272084,226.6962652310257,98000000.0,196.6540647731738,188.20495860002677,48.055388076818794,0.41367113574494935,7.256316775174915,0.3626765539715145,2026-02-24
2026-02-25 20:13:29.409162,235.30276109784998,632.7735454444418,1.0,233.5866514725489,238.69948563845435,232.21690214402767,44000000.0,198.18023559860336,188.55778005813346,57.96213405094853,0.39974725783605125,7.009737124518564,0.37185935283147803,2026-02-25
2026-02-26 20:13:29.409162,234.89770221459884,637.4284207419722,1.0,237.48499704621887,237.70386226486835,234.07787665999106,87000000.0,199.55710548167525,188.92607971866255,59.94878529529126,0.40030061719357496,6.693597612366767,0.3685083604229254,2026-02-26
2026-02-27 20:13:29.409162,229.7356614515806,645.0742136465713,1.0,232.5507549875429,234.57579344515764,228.08483072092946,92000000.0,200.82450498067752,189.26292156020142,60.48721236387801,0.4025014973274795,6.418240419292189,0.3561383428317445,2026-02-27
2026-03-02 20:13:29.409162,232.50535869200505,652.6208430366908,1.0,235.97537592829693,241.79887882445695,231.54186557331752,94000000.0,202.10597251229566,189.6119112220139,58.351474570946614,0.4030004046125699,6.430743079551435,0.35626407150918016,1772482409
2026-03-03 20:13:29.409162,225.61777847433115,665.3960802364744,1.0,219.75734659896793,228.22225506516585,216.8635796527076,75000000.0,203.48102754864783,189.9313601700603,49.41920403714447,0.35890922887584437,7.0766488922969915,0.33907289984958894,1772568809
2026-03-04 20:13:29.409162,218.13423520556205,664.7413827101234,1.0,218.4416172947699,220.01471982373545,213.18948943014837,72000000.0,204.65646453452817,190.20595081074407,37.11826853824337,0.36252941491977503,6.845744292586742,0.3281490228820082,2026-03-04
2026-03-05 20:13:29.409162,215.4369986625448,670.9253081116665,1.0,221.1122781008688,221.54995658346857,213.70213143581284,40000000.0,205.9563287756034,190.48681280487267,36.42765936996772,0.35716453365227835,6.622119889593932,0.32110429589978773,1772741609
2026-03-06 20:13:29.409162,222.97957438457772,674.521372832202,1.0,225.6225428904651,226.25163581039405,220.9530681032838,24000000.0,207.36435261990223,190.77913667299643,42.69933687614664,0.3785078107355455,6.648103844557489,0.33057451307780494,1772828009
2026-03-09 20:13:29.409162,223.6209783855174,673.684494431986,1.0,216.76952901400404,229.96841519823286,212.74647651473697,84000000.0,208.6197501381266,191.0888515338919,38.93201002110074,0.365985759593427,7.649126697082195,0.3319372499051836,2026-03-09
2026-03-10 20:13:29.409162,225.9338889234124,670.1466723483983,1.0,227.1832501714783,231.8157506221919,225.3575689834193,46000000.0,209.69722063239234,191.3925516127529,42.297634739828375,0.3554519937070173,7.921709556716331,0.33714095472812117,2026-03-10
2026-03-11 20:13:29.409162,230.55787257261952,693.7626425790451,1.0,234.6902419181953,238.15594031583825,228.87797858533315,28000000.0,210.96588074850405,191.71978469463286,44.14930672832712,0.35894403488732696,7.837369684491945,0.3323296159555759,2026-03-11
2026-03-12 20:13:29.409162,240.2198323852511,685.1848412928628,1.0,238.7117508451616,240.29850808969502,238.51578155150335,46000000.0,212.30408316720178,192.10545750342058,48.2878954200434,0.3709826563415383,7.366020272389515,0.35059128268509954,2026-03-12
2026-03-13 20:13:29.409162,240.48080563571443,673.2497899327979,1.0,239.13383637234466,246.01965985620922,229.78798084092168,29000000.0,213.5974298787257,192.47296652276967,51.62733468533009,0.3697104004017439,8.098925724137024,0.35719402995984395,2026-03-13
2026-03-16 20:13:29.409162,251.6527214746332,672.8965370265216,1.0,250.76210139017422,251.9896007017709,248.63772153238943,21000000.0,215.13897616198142,192.8900153891098,67.11317202152217,0.40202250557929264,8.036515036508366,0.37398427191595807,2026-03-16
2026-03-17 20:13:29.409162,256.3672631491249,667.8604419547366,1.0,255.56448111045168,261.5939040084777,250.7548956841414,87000000.0,216.7624373581823,193.3305325315349,65.87726557383917,0.4009229669565382,8.347688238644768,0.3838635245393076,2026-03-17
2026-03-18 20:13:29.409162,266.41410063613654,669.3278750666901,1.0,260.37729671256267,268.33458508020186,257.55111148146466,59000000.0,218.57313313647194,193.8168117208553,70.7406948524318,0.41667794800913716,8.858937381063333,0.3980322806809618,2026-03-18
2026-03-19 20:13:29.409162,277.46403717062043,677.0327063174052,1.0,273.5681300810023,277.656027583327,269.0730948638758,87000000.0,220.47994852512457,194.37439855442813,79.15062595693513,0.43479860712615925,9.00836380929355,0.40982368293525284,2026-03-19
2026-03-20 20:13:29.409162,256.78926237087364,680.778699849127,1.0,256.1317442466717,257.8813743207638,253.620227643851,91000000.0,221.9597990847193,194.80785166097405,62.16992156402021,0.5217663506988818,8.580087625420221,0.37719931958473857,2026-03-20
2026-03-23 20:13:29.409162,256.4505462031934,679.4200777657123,1.0,257.1750794901344,260.8298435641943,254.36910131276028,89000000.0,223.34492435467234,195.23062543958432,66.53740328503754,0.5159406768997286,8.230235256775632,0.37745505997782197,2026-03-23
2026-03-24 20:13:29.409162,266.2427714537229,678.3360304040866,1.0,265.6256032841387,268.7015576612519,261.15610825538266,86000000.0,225.02313910569526,195.68328136312738,75.17980772795667,0.4979978526412201,8.281679471938645,0.3924939256066369,2026-03-24
2026-03-25 20:13:29.409162,264.52185154289526,679.1526245062989,1.0,267.24252112243437,269.37406328019364,262.93911671883035,70000000.0,226.61884559482792,196.1015044652669,75.95607895138099,0.4926122193355327,8.180759572917756,0.3894880797010627,2026-03-25
2026-03-26 20:13:29.409162,268.50795595471874,683.151843845533,1.0,271.33737800824497,271.74885933384013,266.49214177172934,88000000.0,228.19084667674196,196.5525610323614,75.01636308904403,0.49257709641288744,8.177770276846369,0.3930428621011391,2026-03-26
2026-03-27 20:13:29.409162,265.5328981402367,684.1533522845722,1.0,267.18170756378515,268.3585863180153,257.57172225909375,41000000.0,229.92127104015384,196.96268530453702,72.4534098576654,0.48549342152226665,7.718122089376771,0.3881189754512652,1774642409
2026-03-30 20:13:29.409162,276.36185987702896,689.424590097874,1.0,276.3301369608862,277.21507725513845,272.7489486073604,55000000.0,231.7182264270414,197.37776466957544,74.75675097849864,0.4994078198169592,7.57583259002002,0.4008587216736718,2026-03-30
2026-03-31 20:13:29.409162,284.41336378285905,689.3244023018395,1.0,290.2077930002749,294.77315324618957,282.6116304179214,31000000.0,233.59179540233606,197.84331378044217,75.57861957962346,0.4821537969074947,7.781801239860239,0.41259726600875635,2026-03-31
2026-04-01 20:13:29.409162,296.3264581941007,689.9080290273952,1.0,300.4811942567981,300.93720309368695,292.64318300000105,74000000.0,235.79771759097565,198.35564475329448,76.0899009231192,0.46189113214474137,8.246893636681255,0.4295158857795146,2026-04-01
2026-04-02 20:13:29.409162,301.42299409950994,691.0489300672845,1.0,304.40186628440085,310.4367658833257,299.5634164933302,25000000.0,237.83636708746715,198.8469759869106,77.11889365791363,0.44970520553265037,7.864155806303253,0.4361818403657201,2026-04-02
2026-04-03 20:13:29.409162,287.30384858734703,692.2729477691634,1.0,291.45877527098514,295.9623637159113,284.8823349357731,56000000.0,239.60280444106505,199.3002598568863,65.45903891836929,0.4982411539765142,8.416166492785877,0.41501527614675443,2026-04-03
2026-04-06 20:13:29.409162,295.0236968120652,683.4184500819194,1.0,295.30681805280307,297.9702659374091,292.65477657285885,65000000.0,241.4235697422768,199.8034693759737,66.33642006583071,0.4989080288619623,8.021629424229731,0.43168822377666505,2026-04-06
2026-04-07 20:13:29.409162,282.5659369849342,676.2035721808784,1.0,285.9762546512622,288.65083415338796,281.83211694856294,65000000.0,242.91379215402532,200.24632354521964,56.68953901450633,0.5379837526828029,7.73843253895029,0.41787110954413936,2026-04-07
2026-04-08 20:13:29.409162,281.5770169763722,681.3392837672501,1.0,283.1552110741912,283.7108294064634,280.73860864302424,31000000.0,244.5173487720718,200.64346542284588,51.858326043650564,0.5395869845894848,7.337667399235144,0.4132698989840731,2026-04-08
2026-04-09 20:13:29.409162,286.7314305657011,685.7763799078101,1.0,285.8714751358946,292.27975266549066,280.1674370690702,62000000.0,246.16311342832884,201.07262259901347,65.73531586791525,0.5278007960476139,7.898465179199974,0.4181121411680099,2026-04-09
2026-04-10 20:13:29.409162,278.4852999665415,700.8751804658358,1.0,280.9158339975672,285.227332869432,277.2491530984631,76000000.0,247.5157900516008,201.44764130638188,60.6912280229031,0.544422575854712,8.006853573452466,0.39733936616423854,2026-04-10
2026-04-13 20:13:29.409162,,,,,279.55663227467204,275.98496373687505,95000000.0,248.88418000485512,201.81327743307875,56.95685427009869,0.5251421839281882,7.723012082875877,0.3942582404422901,2026-04-13
2026-04-14 20:13:29.409162,278.7308618923605,702.4288076055552,1.0,279.7962219889827,280.70058219299915,277.8902932002315,88000000.0,249.97558892981124,202.14653785554987,57.63964240711997,0.5235317602249709,7.464107970833331,0.3968101234949353,2026-04-14
2026-04-15 20:13:29.409162,280.59927414099224,706.824347955646,1.0,287.44446154583113,288.8282998502902,278.32770460278005,50000000.0,250.97871787025326,202.5057223122066,56.6525319318817,0.5076163536421776,7.838670662647571,0.3969858635353633,1776284009
2026-04-16 20:13:29.409162,288.7901659806327,706.0447542222773,1.0,288.1210566321221,289.4864501032406,280.7530980825709,41000000.0,252.2474496568767,202.85567760844464,62.101386697007946,0.4970573938434832,7.691991231343869,0.4090252979766714,2026-04-16
2026-04-17 20:13:29.409162,293.9796718393145,706.9153467475561,1.0,297.5988597985653,304.9649112970285,293.8256127463561,36000000.0,253.66948216744916,203.2428601789009,59.73855376894973,0.4073864296783326,8.168646224407748,0.4158626251246127,2026-04-17
2026-04-20 20:13:29.409162,287.4361006419954,709.2460971195542,1.0,290.3369594187621,291.16035267988434,278.91076092893934,48000000.0,255.0746384472028,203.6462698359931,51.69919753132086,0.41971954146383694,8.174936861741807,0.40526990815931646,2026-04-20
2026-04-21 20:13:29.409162,282.3302406935675,703.1677283986763,1.0,282.32129579606817,283.05986300731456,281.0817880889509,95000000.0,256.260880935644,204.0602843047449,41.480140059343405,0.4097789459946268,7.723797920647363,0.40151194272882523,2026-04-21
2026-04-22 20:13:29.409162,272.2100126481185,718.3093545639306,1.0,273.6760478007697,279.3289167053258,267.2468615732902,82000000.0,257.17869677603426,204.4656649140881,33.24222468251051,0.43170705877167265,7.810134045078802,0.37895930342348255,2026-04-22
2026-04-23 20:13:29.409162,278.66130853270744,721.8901144965452,1.0,277.5756073849125,289.43250938090426,273.47257113823514,18000000.0,258.0776318027112,204.8825625353851,44.56407231287745,0.43629174379813634,8.158699006688153,0.3860162411658029,2026-04-23
2026-04-24 20:13:29.409162,277.94768438332585,738.7037536498693,1.0,274.04920963662596,284.29965569865277,270.31975371840514,76000000.0,258.9933091192148,205.3217306320463,38.2215543981896,0.43388929250374014,8.777585622095106,0.37626407475257995,1777061609
2026-04-27 20:13:29.409162,281.0164118165989,736.2246807243599,1.0,276.11020669716595,285.4897095220466,274.1174586729031,98000000.0,259.95440038491756,205.76685008409314,48.77215466555536,0.41148126769099963,9.102838025260711,0.3816992545538018,2026-04-27
2026-04-28 20:13:29.409162,281.08204188428283,741.4772665330281,1.0,279.1802955809379,283.19461625762153,275.973864554319,12000000.0,260.8196258276784,206.1981088359801,49.601956936120914,0.3979859134537066,9.406304520965238,0.3790838297693951,2026-04-28
2026-04-29 20:13:29.409162,276.8860603839776,745.5124074468905,1.0,276.9654148982644,281.22624846131873,272.35974339632793,45000000.0,261.6399114703709,206.60057713933037,41.958714814755155,0.3681075741157699,9.174460911577407,0.3714036917671322,2026-04-29
2026-04-30 20:13:29.409162,260.2951486581555,747.826222751046,1.0,258.5111084877284,261.4084685240954,253.0490911360446,94000000.0,262.0786757338335,206.90909427089827,36.925303367409334,0.41091877236877067,9.20168931279754,0.3480690309315466,2026-04-30
